Season,DayNum,WTeamID,WScore,LTeamID,LScore,WLoc,NumOT,WFGM,WFGA,WFGM3,WFGA3,WFTM,WFTA,WOR,WDR,WAst,WTO,WStl,WBlk,WPF,LFGM,LFGA,LFGM3,LFGA3,LFTM,LFTA,LOR,LDR,LAst,LTO,LStl,LBlk,LPF
2026,123,1287,66,1369,61,H,0,21,55,3,12,21,31,14,30,5,8,4,5,16,20,60,4,19,17,20,13,27,8,9,6,5,26
2026,123,1361,89,1424,86,H,0,33,60,10,25,13,19,7,26,16,12,7,6,14,30,62,10,23,16,22,8,22,15,9,7,3,17
2026,123,1275,110,1325,108,A,0,34,67,11,26,31,41,13,32,12,8,4,2,21,37,76,14,32,20,25,10,23,12,7,3,5,27
2026,123,1385,72,1371,65,A,0,26,52,7,20,13,22,8,22,16,10,5,6,18,23,56,1,11,18,27,14,22,8,9,5,4,17
2026,123,1452,77,1416,62,H,0,24,53,8,27,21,25,5,28,14,7,6,6,18,24,63,3,16,11,18,15,26,8,10,6,2,18
2026,123,1133,90,1434,84,H,0,30,71,4,20,26,34,10,27,17,11,12,2,21,28,67,8,23,20,28,12,30,19,19,8,3,28
2026,123,1433,68,1173,62,A,0,25,51,8,21,10,13,5,25,12,7,5,1,15,25,55,4,22,8,15,9,24,11,9,4,3,13
2026,123,1245,86,1444,78,H,0,29,62,14,34,14,22,14,22,15,13,8,3,17,24,60,13,34,17,23,13,22,14,11,4,3,14
2026,123,1421,85,1255,82,H,0,24,52,10,26,27,40,6,24,11,13,4,4,25,27,67,4,23,24,36,19,28,7,10,8,1,28
2026,123,1122,69,1391,60,H,0,24,55,5,20,16,20,11,25,11,11,7,1,9,23,53,8,26,6,7,5,23,14,10,8,2,17
2026,123,1195,77,1252,53,A,0,31,61,7,22,8,9,13,29,12,10,10,1,14,19,50,8,29,7,12,3,18,11,11,7,1,13
2026,123,1318,88,1299,72,A,0,31,62,10,23,16,23,11,22,17,11,11,3,21,23,56,3,12,23,28,13,22,8,14,6,6,18
2026,123,1179,100,1125,79,A,0,31,52,11,26,27,31,4,29,21,8,6,3,15,27,65,14,37,11,16,10,19,24,11,1,3,21
2026,123,1219,81,1205,59,H,0,29,67,8,26,15,22,17,31,14,11,8,3,18,20,59,6,27,13,17,11,25,8,13,7,3,19
2026,122,1413,76,1253,70,A,0,23,59,6,25,24,32,9,33,11,15,7,5,19,28,68,6,20,8,16,12,31,9,15,7,2,25
2026,122,1414,107,1142,85,H,0,40,71,6,19,21,28,11,32,23,5,9,7,18,29,75,10,34,17,21,18,25,18,12,3,2,22
2026,122,1168,75,1471,71,H,0,29,67,11,35,6,9,11,24,23,9,8,3,8,30,60,8,24,3,3,6,29,24,15,6,2,14
2026,122,1465,87,1101,48,H,0,31,53,7,15,18,33,9,29,11,14,11,4,20,14,42,4,15,16,30,6,21,5,21,7,1,25
2026,122,1378,96,1272,89,A,0,32,66,8,28,24,33,14,26,17,11,7,4,22,33,70,4,16,19,24,14,22,19,9,3,5,25
2026,122,1431,78,1244,71,H,0,24,57,8,21,22,30,7,32,11,9,9,4,27,22,65,3,23,24,35,18,33,11,13,3,3,20
2026,122,1308,77,1240,75,H,0,24,62,6,22,23,35,11,32,11,9,5,3,26,26,72,4,17,19,34,23,32,8,10,5,6,22
2026,122,1276,71,1234,68,A,0,24,45,6,12,17,22,8,30,14,18,5,5,14,25,64,7,26,11,12,10,15,15,5,7,2,22
2026,122,1277,91,1353,87,H,0,31,53,4,12,25,30,12,26,19,15,4,7,15,31,65,10,18,15,19,8,13,16,8,9,1,21
2026,122,1224,84,1313,76,A,0,26,50,12,22,20,26,6,24,14,13,4,2,16,30,63,2,14,14,17,10,20,12,8,8,2,17
2026,122,1212,65,1106,63,A,0,22,63,5,30,16,19,12,27,9,12,11,2,17,22,59,6,27,13,20,13,30,10,14,9,8,13
2026,122,1341,70,1411,59,A,0,24,57,12,24,10,16,10,32,16,11,4,7,18,21,69,2,16,15,22,20,29,9,9,7,8,17
2026,122,1295,76,1331,65,H,0,27,67,8,26,14,19,16,22,15,8,10,1,15,20,52,13,35,12,17,11,27,15,17,6,4,17
2026,122,1250,69,1221,66,H,0,27,55,6,13,9,12,7,27,11,12,7,1,16,21,52,4,16,20,22,5,22,7,10,8,3,15
2026,122,1159,90,1259,77,H,0,32,51,8,19,18,23,7,23,19,8,0,1,16,28,60,10,28,11,17,8,16,11,6,4,1,17
2026,122,1131,75,1110,73,H,0,32,53,10,19,1,2,6,18,14,13,4,4,11,31,60,5,22,6,9,13,15,9,8,9,0,10
2026,122,1434,63,1232,62,H,0,21,57,8,23,13,22,16,19,12,8,8,4,12,26,56,7,23,3,4,12,25,19,14,4,7,18
2026,122,1174,83,1358,80,H,0,30,58,14,27,9,12,4,29,19,10,8,10,14,29,70,11,27,11,16,15,25,20,10,5,1,14
2026,122,1379,86,1241,80,H,0,27,60,4,11,28,34,10,26,10,6,7,3,18,30,58,4,16,16,23,7,25,9,10,3,5,23
2026,121,1449,91,1425,72,H,0,37,77,7,30,10,15,19,27,14,11,8,5,20,24,64,4,19,20,25,12,25,6,12,8,5,17
2026,121,1161,82,1307,74,A,0,24,41,11,25,23,31,3,25,19,20,7,2,17,28,61,6,25,12,20,10,19,12,12,16,3,21
2026,121,1222,77,1124,64,H,0,28,61,9,25,12,16,12,19,10,8,11,4,13,23,55,8,25,10,12,13,24,17,18,6,1,16
2026,121,1199,75,1338,74,A,0,28,58,11,27,8,13,10,25,15,11,5,4,17,26,63,9,27,13,17,14,23,19,9,8,4,13
2026,121,1390,86,1323,78,A,0,32,56,12,23,10,16,7,20,13,7,7,6,18,22,51,9,22,25,28,10,22,11,9,3,3,15
2026,121,1345,70,1321,66,A,0,26,49,9,24,9,11,9,20,22,14,2,1,13,24,47,7,16,11,12,4,11,14,7,7,3,14
2026,121,1387,79,1260,65,H,0,29,48,9,17,12,18,5,21,16,7,3,6,11,24,51,12,25,5,7,6,17,11,12,4,5,16
2026,121,1458,78,1268,45,H,0,27,56,13,31,11,13,7,29,15,3,8,3,11,17,56,9,31,2,5,11,24,9,10,1,3,16
2026,121,1326,94,1336,62,A,0,34,51,16,23,10,15,5,29,22,12,5,0,18,17,44,8,19,20,24,1,13,11,10,7,0,14
2026,121,1116,105,1400,85,H,0,35,60,11,19,24,30,5,30,21,10,8,7,22,33,67,5,13,14,27,10,21,17,9,6,2,19
2026,121,1274,77,1374,69,A,0,27,57,11,18,12,18,12,25,20,16,7,4,7,26,63,8,24,9,11,13,21,12,14,10,7,13
2026,121,1297,85,1324,84,A,0,29,61,9,28,18,30,11,29,19,8,7,6,15,31,74,13,34,9,12,15,28,16,9,5,2,26
2026,121,1178,84,1454,63,H,0,30,56,7,19,17,21,7,31,12,9,4,3,19,23,62,5,22,12,20,11,22,11,6,5,1,19
2026,121,1460,90,1156,61,H,0,33,60,4,15,20,25,12,32,16,10,4,3,16,20,58,7,27,14,16,6,18,5,9,7,2,21
2026,121,1203,91,1382,82,H,0,30,65,9,24,22,32,13,25,9,12,10,3,17,29,68,6,20,18,23,16,28,15,16,11,5,22
2026,121,1348,64,1182,52,H,0,24,51,2,17,14,17,9,22,9,15,15,6,15,16,47,5,20,15,22,11,20,9,19,11,4,16
2026,121,1386,70,1172,67,A,0,25,53,8,23,12,14,7,34,13,13,3,5,16,25,59,9,31,8,16,4,23,11,3,7,3,14
2026,121,1266,78,1344,56,A,0,26,58,9,28,17,21,10,28,15,14,14,1,16,17,55,7,30,15,21,14,24,7,19,8,3,13
2026,121,1143,76,1210,65,A,0,28,64,5,24,15,21,8,32,19,9,9,4,20,20,51,6,22,19,24,4,31,16,17,5,4,20
2026,121,1231,77,1278,47,H,0,31,54,10,24,5,8,7,31,17,10,3,4,15,17,53,5,21,8,12,8,16,6,11,4,0,12
2026,121,1241,87,1418,72,H,0,32,54,3,13,20,26,11,30,14,16,5,4,16,26,62,5,16,15,21,9,14,4,8,8,4,19
2026,121,1166,76,1139,59,A,0,28,66,10,28,10,10,9,28,18,9,13,0,10,24,58,4,24,7,8,6,28,12,15,6,5,12
2026,121,1391,92,1184,76,A,0,32,61,14,31,14,18,10,22,18,6,10,3,15,26,53,12,27,12,16,6,21,13,11,3,3,16
2026,120,1417,72,1304,52,H,0,28,60,10,29,6,10,11,25,17,8,8,1,18,19,49,5,24,9,18,11,23,12,13,6,1,10
2026,120,1424,92,1429,65,H,0,34,59,10,25,14,17,7,29,21,12,4,7,17,23,61,5,30,14,20,11,19,15,9,6,3,18
2026,120,1461,83,1305,73,H,0,29,46,9,21,16,27,3,28,18,11,5,2,21,25,54,4,15,19,29,8,21,9,6,5,1,22
2026,120,1120,88,1261,74,H,0,31,57,10,24,16,22,9,18,15,9,13,5,16,24,44,7,15,19,26,5,22,15,16,7,2,19
2026,120,1228,80,1332,54,H,0,29,71,10,36,12,14,14,34,13,6,6,3,9,21,64,5,29,7,9,9,27,10,8,3,5,12
2026,120,1113,70,1242,60,H,0,19,59,8,25,24,30,14,29,12,14,8,6,16,21,72,7,27,11,16,25,30,14,17,12,3,19
2026,120,1435,89,1279,86,A,0,29,75,9,32,22,30,22,22,17,9,10,2,21,26,57,8,18,26,33,12,28,14,17,6,4,21
2026,120,1160,92,1428,78,A,0,31,51,9,17,21,23,6,21,17,7,6,5,17,27,52,6,16,18,23,8,15,15,10,4,4,18
2026,120,1153,90,1140,68,H,0,32,64,10,23,16,22,10,26,24,7,10,6,17,24,58,7,24,13,19,10,24,8,15,2,2,17
2026,120,1380,71,1106,64,A,0,23,62,6,18,19,27,13,30,13,9,7,6,12,24,62,6,25,10,15,11,28,11,13,6,9,19
2026,120,1129,86,1361,77,H,0,24,46,12,25,26,33,12,25,9,17,1,1,16,27,55,6,16,17,20,2,13,10,7,3,0,25
2026,120,1257,77,1393,62,H,0,27,63,14,35,9,11,9,28,17,9,5,3,17,23,57,4,19,12,17,9,26,8,11,3,7,10
2026,120,1196,108,1280,74,H,0,45,82,8,22,10,17,21,32,25,5,7,4,17,27,60,9,26,11,19,6,20,14,13,1,2,15
2026,120,1243,65,1452,63,H,0,20,49,6,20,19,25,10,24,12,16,8,4,15,24,61,6,23,9,16,15,20,16,13,10,2,18
2026,120,1395,73,1403,65,A,0,28,60,7,20,10,15,16,23,11,12,10,0,13,24,53,11,32,6,8,7,18,15,15,7,4,15
2026,120,1438,75,1448,70,H,0,25,58,10,32,15,23,12,31,17,10,5,9,18,24,62,8,25,14,15,8,25,11,8,5,3,19
2026,120,1314,67,1155,63,H,0,22,58,12,27,11,15,9,28,13,9,6,2,15,26,60,7,20,4,6,7,29,11,10,4,5,15
2026,120,1385,72,1207,69,H,0,26,66,6,28,14,19,15,25,22,9,8,4,9,27,56,5,16,10,15,7,27,17,14,3,2,18
2026,120,1221,82,1248,77,A,0,28,60,8,24,18,18,8,25,22,7,5,2,18,26,53,10,21,15,18,2,24,18,8,2,4,13
2026,120,1433,70,1206,65,H,0,24,55,7,20,15,20,10,22,5,6,4,2,20,24,53,6,19,11,15,9,21,9,10,5,4,20
2026,120,1173,65,1350,60,A,0,21,43,8,21,15,18,6,28,14,16,3,2,14,23,60,4,23,10,15,11,18,6,6,8,0,15
2026,120,1329,111,1416,104,A,0,35,72,9,23,32,40,14,33,8,10,6,4,27,32,70,7,22,33,45,13,26,14,9,8,3,26
2026,120,1371,77,1462,68,A,0,29,62,6,21,13,14,14,23,19,8,7,2,16,25,59,9,22,9,13,12,18,20,11,5,7,15
2026,120,1269,94,1325,82,H,0,30,57,7,22,27,35,10,27,19,12,6,1,22,27,67,5,28,23,29,11,19,18,8,5,3,23
2026,120,1436,69,1107,56,H,0,21,50,9,24,18,25,8,21,13,8,5,1,13,22,52,7,24,5,7,8,24,10,13,3,3,19
2026,120,1220,62,1180,51,H,0,24,55,5,20,9,14,18,25,8,14,7,3,12,16,49,10,27,9,10,9,18,11,11,5,5,14
2026,120,1328,80,1281,64,H,0,28,45,12,22,12,20,7,21,18,15,8,4,15,24,51,8,24,8,16,10,16,10,16,4,1,19
2026,120,1401,96,1246,85,H,0,28,58,13,28,27,39,9,29,16,7,8,2,21,30,63,8,26,17,28,13,28,22,13,4,1,24
2026,120,1208,98,1104,88,H,0,35,66,13,29,15,17,13,27,15,14,7,5,16,25,64,16,42,22,24,11,19,13,10,11,1,18
2026,120,1397,78,1376,59,A,0,33,61,4,14,8,12,11,23,22,6,9,1,14,18,49,9,27,14,20,8,15,10,11,4,3,12
2026,120,1418,84,1209,75,H,0,26,61,6,17,26,35,18,22,12,9,8,3,20,26,53,5,17,18,23,8,22,12,14,7,4,20
2026,119,1112,73,1235,57,H,0,22,48,6,18,23,26,9,31,14,15,8,6,14,19,65,7,30,12,13,15,18,10,11,8,2,20
2026,119,1225,85,1186,81,A,0,30,63,14,29,11,17,15,15,15,10,9,3,23,27,50,6,18,21,29,9,19,12,13,6,11,19
2026,119,1294,85,1285,57,H,0,33,67,11,30,8,10,6,35,15,7,10,4,12,23,60,5,22,6,10,4,29,11,13,3,4,9
2026,119,1181,93,1301,64,A,0,32,59,11,28,18,27,14,30,24,7,3,3,16,23,65,7,29,11,17,15,17,12,6,6,4,22
2026,119,1288,90,1313,84,H,0,28,57,14,28,20,24,3,32,20,9,1,4,18,31,79,5,19,17,26,22,28,17,7,5,2,20
2026,118,1455,84,1427,67,A,0,30,74,9,29,15,17,21,34,12,10,4,8,20,21,63,5,17,20,28,14,24,3,6,5,8,14
2026,118,1158,79,1423,76,A,0,24,56,10,26,21,28,10,18,12,6,7,5,18,26,62,13,32,11,16,21,26,14,15,4,2,17
2026,118,1277,77,1231,64,A,0,25,51,12,24,15,19,10,25,15,9,2,3,14,22,56,10,35,10,13,8,19,8,7,4,3,17
2026,118,1320,75,1179,53,A,0,28,59,10,25,9,12,7,25,14,6,8,2,14,18,58,9,37,8,11,16,25,9,15,3,3,15
2026,118,1133,87,1293,78,H,0,28,52,5,15,26,36,10,27,18,9,6,7,20,24,59,11,26,19,26,12,19,15,7,5,2,25
2026,118,1233,69,1264,65,A,0,23,55,9,28,14,23,14,34,13,23,4,2,16,21,64,7,26,16,19,10,24,14,12,14,2,20
2026,118,1326,82,1345,74,H,0,24,47,9,24,25,32,10,26,9,7,3,3,17,28,63,11,29,7,10,10,19,13,6,5,0,23
2026,118,1172,71,1247,64,H,0,25,53,8,20,13,21,9,28,14,13,7,6,19,18,53,5,15,23,27,8,23,10,10,8,4,19
2026,118,1317,62,1412,58,A,0,25,60,6,17,6,10,9,26,11,8,7,2,16,20,51,5,20,13,20,8,27,6,12,3,5,11
2026,118,1353,69,1268,65,A,0,23,58,4,17,19,23,5,21,10,6,8,4,14,24,60,6,28,11,16,16,34,10,19,4,7,22
2026,117,1388,70,1211,59,H,0,23,66,16,33,8,11,15,27,15,6,5,4,13,22,56,5,17,10,12,7,30,13,11,1,4,16
2026,117,1414,64,1364,60,H,0,23,58,1,10,17,27,11,24,9,7,9,2,11,21,49,11,25,7,9,6,26,14,18,2,4,21
2026,117,1424,85,1305,83,H,0,29,58,8,19,19,29,13,26,16,16,7,7,26,25,58,7,14,26,36,12,21,13,13,6,3,20
2026,117,1429,74,1213,69,H,0,26,54,11,23,11,19,6,21,18,6,7,2,14,24,53,9,28,12,13,9,26,13,14,3,3,18
2026,117,1471,80,1142,64,H,0,31,67,8,24,10,16,10,29,18,6,10,3,14,22,58,12,39,8,8,7,31,14,15,3,2,15
2026,117,1253,88,1167,87,A,0,33,54,9,16,13,20,6,26,12,17,5,2,27,27,51,3,10,30,44,7,20,13,9,13,2,20
2026,117,1196,111,1116,77,H,0,39,69,8,19,25,32,16,35,17,12,3,5,20,30,75,4,13,13,24,14,17,10,9,7,1,25
2026,117,1314,89,1439,82,H,0,29,52,8,20,23,30,11,23,16,13,5,2,13,31,62,9,23,11,11,6,16,16,9,6,2,24
2026,117,1279,85,1120,79,A,0,31,58,10,25,13,17,8,19,16,9,7,4,17,26,51,8,24,19,27,11,21,8,14,6,2,19
2026,117,1385,89,1437,57,H,0,32,61,8,15,17,24,8,32,26,8,11,5,17,20,54,7,23,10,16,5,21,11,16,4,2,18
2026,117,1387,91,1182,76,H,0,27,50,16,28,21,24,6,22,22,10,5,4,19,26,56,8,24,16,23,11,17,16,10,8,4,18
2026,117,1365,93,1333,72,H,0,30,67,13,36,20,24,19,22,22,11,7,2,26,20,46,4,20,28,39,9,20,16,11,9,0,18
2026,117,1124,87,1416,86,A,0,30,64,9,23,18,22,16,19,19,8,3,2,15,31,60,8,18,16,19,10,18,22,7,4,8,15
2026,117,1129,69,1201,53,A,0,26,65,11,37,6,8,17,27,9,9,5,0,13,22,54,3,18,6,9,7,23,7,8,4,4,12
2026,117,1460,92,1297,91,A,0,35,63,9,18,13,20,14,23,15,11,8,0,19,33,62,9,25,16,20,9,18,14,8,8,2,20
2026,117,1220,67,1392,58,H,0,18,48,11,29,20,26,5,35,10,14,7,7,15,19,65,10,36,10,15,13,26,13,10,6,0,18
2026,117,1218,87,1168,85,A,0,28,59,14,39,17,20,9,28,21,13,5,4,21,28,60,11,26,18,26,8,25,18,7,8,1,22
2026,117,1395,77,1243,68,A,0,27,63,7,27,16,23,11,25,17,8,12,4,12,28,56,8,23,4,9,5,26,19,18,7,4,18
2026,117,1290,70,1115,69,A,0,27,58,5,17,11,15,12,26,13,17,6,2,23,22,55,4,21,21,30,12,22,14,12,11,3,16
2026,117,1394,71,1322,59,H,0,25,56,9,22,12,19,10,22,13,5,8,3,19,18,46,6,12,17,21,7,26,9,12,3,3,14
2026,117,1104,71,1397,69,A,0,25,56,10,27,11,13,9,21,8,10,3,4,11,30,78,4,18,5,8,25,22,13,6,9,4,15
2026,117,1362,72,1334,61,A,0,24,47,10,23,14,25,4,25,12,9,7,5,17,24,60,2,17,11,19,16,27,15,12,4,0,21
2026,117,1390,95,1374,75,H,0,26,51,14,27,29,32,9,22,16,7,8,2,18,27,57,7,18,14,20,11,17,9,9,2,0,26
2026,117,1335,64,1217,61,H,0,26,62,6,17,6,10,10,26,9,13,7,1,13,24,58,6,25,7,9,8,29,11,19,7,3,14
2026,117,1359,87,1422,78,H,0,31,62,18,35,7,10,9,31,16,14,4,3,16,26,63,11,20,15,22,8,24,11,8,8,2,10
2026,117,1328,83,1261,67,A,0,28,59,10,26,17,18,11,24,8,8,6,4,14,22,63,6,23,17,19,16,21,14,10,5,4,14
2026,117,1251,81,1240,78,A,0,28,50,11,25,14,18,3,22,15,8,3,3,17,28,55,8,18,14,20,8,22,13,7,4,1,16
2026,117,1448,88,1393,83,H,0,33,57,9,16,13,15,10,20,19,11,6,5,16,28,54,13,26,14,17,5,13,16,8,5,0,14
2026,117,1452,79,1140,71,H,0,27,62,8,25,17,22,18,21,17,8,6,3,15,24,51,9,24,14,19,8,21,10,12,7,3,18
2026,117,1344,79,1166,76,A,0,32,63,8,19,7,8,6,25,9,7,5,3,16,26,61,9,27,15,17,11,26,17,10,2,4,9
2026,117,1295,96,1315,63,H,0,32,56,16,29,16,20,6,30,21,14,7,3,18,19,61,7,34,18,23,9,18,10,10,9,3,17
2026,117,1244,90,1174,82,H,0,29,51,10,23,22,31,9,21,19,12,7,5,21,23,50,11,24,25,26,4,15,11,12,10,1,20
2026,117,1273,82,1190,76,H,0,24,47,11,21,23,36,9,23,15,9,6,4,14,28,62,9,24,11,14,13,20,13,8,8,2,23
2026,117,1400,76,1401,70,A,0,27,62,7,21,15,16,12,29,8,11,4,9,18,23,60,5,19,19,23,9,23,10,7,7,5,17
2026,117,1112,84,1242,61,H,0,25,55,4,16,30,34,14,34,16,11,6,3,13,22,65,7,20,10,11,9,17,8,9,5,5,21
2026,117,1403,82,1235,73,A,0,31,53,14,29,6,11,9,26,17,15,3,5,23,23,59,8,24,19,27,14,15,14,7,10,3,17
2026,117,1304,82,1425,67,A,0,30,68,8,23,14,15,18,23,20,12,9,3,17,23,51,4,21,17,18,5,20,17,14,5,6,15
2026,117,1224,84,1288,59,A,0,30,66,5,17,19,29,20,36,17,13,5,2,21,18,67,3,24,20,28,18,23,6,9,2,6,23
2026,117,1260,69,1350,66,H,0,22,44,5,16,20,30,4,34,16,16,3,3,29,17,57,8,32,24,33,4,21,12,5,9,2,23
2026,117,1458,90,1449,73,A,0,34,74,17,38,5,5,12,27,16,6,6,2,15,29,63,4,18,11,16,9,26,11,9,5,4,8
2026,117,1338,72,1143,56,A,0,26,56,7,21,13,16,9,25,14,13,11,3,14,23,54,5,22,5,7,7,22,9,16,8,3,16
2026,117,1214,76,1318,65,H,0,27,53,4,15,18,23,3,30,8,4,5,1,19,24,62,3,20,14,21,11,27,9,6,1,2,21
2026,117,1294,76,1225,67,A,0,25,54,9,20,17,19,6,32,9,10,3,2,15,24,70,6,29,13,19,18,25,11,6,7,4,13
2026,117,1252,80,1184,77,A,0,30,70,14,42,6,11,15,22,21,5,5,3,15,25,60,15,36,12,14,14,28,20,13,2,1,14
2026,117,1113,73,1428,60,H,0,27,55,9,17,10,12,7,24,14,5,4,9,6,23,59,8,22,6,9,13,22,13,8,4,3,13
2026,117,1208,87,1376,68,H,0,32,57,12,30,11,13,4,24,23,6,6,8,18,22,59,6,24,18,23,15,20,9,7,5,0,17
2026,117,1255,90,1347,74,H,0,25,55,10,22,30,35,13,30,16,16,8,1,19,27,59,8,28,12,21,8,20,10,12,8,3,23
2026,117,1178,95,1324,89,A,0,33,61,6,16,23,29,9,20,22,6,7,1,21,31,57,10,24,17,22,8,22,18,13,4,2,20
2026,117,1443,97,1431,65,H,0,32,54,9,20,24,28,4,32,21,9,7,1,20,19,53,8,28,19,29,9,20,10,14,6,3,21
2026,117,1246,91,1435,77,H,0,30,51,11,22,20,25,6,23,16,11,8,0,13,30,58,7,28,10,11,6,16,16,11,2,1,18
2026,117,1155,80,1257,75,H,0,24,49,8,21,24,34,5,26,12,9,9,3,15,29,64,10,36,7,12,10,26,12,11,5,3,23
2026,117,1250,89,1137,79,H,0,30,51,11,21,18,19,7,22,24,14,5,3,13,32,63,9,21,6,8,9,15,13,11,10,1,16
2026,117,1206,71,1382,58,H,0,26,54,12,28,7,11,8,26,18,8,4,3,11,24,64,7,19,3,9,17,24,14,8,6,4,13
2026,117,1153,91,1329,68,H,0,33,70,14,34,11,15,14,29,24,8,6,0,12,22,54,7,21,17,20,5,27,15,14,6,0,12
2026,117,1321,63,1332,62,H,0,25,56,4,16,9,12,11,21,17,12,11,7,13,23,59,7,19,9,12,16,21,17,16,5,1,13
2026,117,1278,78,1417,73,H,0,29,50,12,23,8,9,2,18,24,3,4,5,8,29,57,10,24,5,6,10,20,27,6,3,0,12
2026,117,1307,81,1361,76,H,0,24,61,8,23,25,36,14,28,13,6,4,3,18,27,60,9,31,13,22,7,29,19,7,4,7,23
2026,117,1391,78,1195,63,H,0,29,52,11,21,9,14,7,29,22,16,2,2,12,23,57,5,20,12,16,6,18,11,9,9,4,11
2026,117,1462,91,1207,84,H,0,29,57,10,20,23,26,8,24,17,10,11,2,17,29,55,12,27,14,20,6,22,24,13,7,5,20
2026,117,1352,83,1156,64,H,0,31,56,9,22,12,17,11,26,21,12,6,2,10,25,61,10,27,4,8,11,17,16,9,7,1,18
2026,117,1254,74,1192,60,H,0,27,50,10,20,10,15,5,18,18,10,8,4,15,23,52,7,22,7,10,12,21,14,19,4,2,19
2026,117,1281,88,1280,64,A,0,30,59,8,20,20,24,14,24,12,12,9,5,13,26,53,5,19,7,13,8,18,9,18,9,6,14
2026,117,1292,86,1308,85,H,0,29,57,7,22,21,27,10,29,11,15,3,5,14,33,74,7,25,12,16,14,20,10,8,9,3,21
2026,117,1181,77,1438,51,H,0,26,53,12,24,13,14,7,30,17,8,6,1,16,16,55,7,35,12,13,9,20,10,9,4,4,15
2026,117,1222,102,1160,62,H,0,34,57,10,17,24,31,9,25,20,7,8,3,15,23,50,3,14,13,18,5,17,14,15,3,2,23
2026,117,1163,71,1371,67,H,0,21,46,9,21,20,29,12,18,17,15,9,3,10,25,53,9,18,8,9,9,18,13,15,10,9,22
2026,117,1386,61,1348,55,A,0,23,60,4,28,11,18,11,34,14,13,8,7,18,17,62,6,33,15,21,15,31,12,13,4,4,17
2026,117,1336,71,1234,69,H,0,25,39,9,15,12,16,2,22,13,15,3,2,13,26,57,9,28,8,9,10,14,17,8,7,1,15
2026,117,1131,68,1110,65,A,0,24,45,8,21,12,15,3,29,11,15,3,5,16,21,59,9,32,14,18,10,20,11,7,8,0,15
2026,117,1323,96,1301,90,H,0,31,59,12,25,22,28,13,27,15,12,3,0,18,31,67,10,34,18,22,12,20,14,6,10,3,21
2026,117,1199,80,1210,71,A,0,27,60,7,26,19,26,18,26,15,10,9,3,18,22,62,13,38,14,19,15,19,17,9,1,2,19
2026,117,1259,76,1221,62,A,0,29,66,8,26,10,11,12,25,10,3,9,3,18,21,54,3,15,17,22,11,26,6,11,2,6,14
2026,116,1276,84,1228,70,A,0,31,59,8,22,14,17,11,23,15,10,6,4,14,26,63,9,29,9,12,12,18,9,10,5,3,13
2026,116,1103,92,1245,70,A,0,32,58,14,28,14,18,10,28,20,14,7,1,14,26,60,13,32,5,11,9,18,17,14,8,2,14
2026,116,1157,69,1241,68,A,0,25,59,6,22,13,15,10,26,7,7,5,3,16,23,58,8,23,14,21,11,25,9,7,4,2,12
2026,116,1330,81,1209,73,A,0,27,53,4,14,23,30,6,28,13,13,4,4,27,24,63,3,20,22,34,12,23,11,6,12,3,24
2026,116,1173,68,1203,66,A,0,20,41,11,24,17,21,2,20,16,17,14,3,23,22,48,6,20,16,29,14,21,14,20,7,3,18
2026,116,1389,75,1264,65,H,0,29,60,9,20,8,13,16,24,18,12,6,7,21,20,56,4,21,21,26,14,17,8,9,7,1,16
2026,116,1217,58,1343,56,A,0,22,58,6,30,8,11,12,17,10,10,9,2,7,23,44,5,12,5,6,3,22,12,15,3,0,12
2026,116,1275,69,1444,67,A,0,25,52,4,15,15,25,4,24,8,9,5,1,19,24,57,4,13,15,20,10,29,10,11,2,0,21
2026,116,1165,72,1463,69,H,0,26,54,14,35,6,10,8,23,19,12,2,1,13,28,60,7,20,6,10,7,21,15,8,8,4,18
2026,115,1142,102,1253,92,H,0,34,73,13,37,21,22,11,31,14,8,5,2,15,34,73,9,27,15,17,9,29,16,8,5,5,20
2026,115,1471,84,1167,72,H,0,26,52,8,22,24,35,11,26,15,12,9,1,25,22,49,3,21,25,32,4,22,11,13,8,1,20
2026,115,1455,88,1272,82,A,0,29,67,4,20,26,33,18,26,7,8,3,2,15,32,62,5,14,13,17,6,21,7,7,6,3,21
2026,115,1218,77,1413,73,A,0,28,55,10,22,11,13,6,21,13,13,10,6,20,22,51,8,26,21,26,11,21,10,17,6,1,16
2026,115,1186,82,1294,72,H,0,30,53,2,11,20,24,6,22,14,8,9,6,13,29,57,5,20,9,13,8,18,15,12,5,4,19
2026,115,1287,76,1114,70,A,0,29,58,5,19,13,19,13,24,15,10,7,0,14,26,60,6,21,12,19,12,20,10,8,8,2,16
2026,115,1398,79,1369,71,A,0,20,51,3,11,36,42,10,26,9,11,9,6,19,22,58,7,18,20,28,8,19,12,12,7,4,29
2026,115,1277,76,1345,74,A,0,29,55,6,19,12,16,6,19,15,6,6,1,13,28,57,12,25,6,9,8,19,23,9,3,3,15
2026,115,1292,77,1431,67,H,0,26,58,8,24,17,22,12,23,11,14,6,0,15,23,47,9,20,12,17,3,21,8,14,8,3,21
2026,115,1443,93,1308,70,H,0,30,59,11,25,22,31,4,36,20,9,9,0,23,20,61,5,30,25,34,11,31,13,13,4,3,21
2026,115,1194,77,1396,73,H,0,29,56,7,17,12,18,11,22,9,12,3,3,12,26,51,7,19,14,18,5,20,9,8,5,2,17
2026,115,1421,77,1205,71,A,0,27,55,8,22,15,24,15,24,10,10,3,3,12,25,53,8,25,13,18,5,18,12,6,5,2,20
2026,115,1423,88,1299,65,H,0,33,69,12,27,10,14,15,27,18,4,5,2,17,24,54,6,24,11,16,6,23,6,9,0,3,13
2026,115,1422,85,1151,80,A,0,28,64,9,27,20,25,8,29,12,10,7,0,19,27,64,12,38,14,18,7,29,17,10,3,5,19
2026,115,1316,76,1195,70,H,0,23,58,9,32,21,26,10,32,10,11,1,0,18,25,67,6,27,14,19,14,25,13,5,8,5,22
2026,115,1240,80,1174,70,H,0,26,56,11,24,17,18,8,30,20,9,5,3,16,22,55,11,30,15,19,7,22,10,11,6,3,17
2026,115,1244,74,1251,65,H,0,28,55,11,18,7,12,10,22,14,12,8,6,17,19,42,8,22,19,23,1,20,11,12,8,5,13
2026,115,1420,70,1136,58,H,0,24,51,5,19,17,19,10,30,6,12,3,4,15,18,51,8,23,14,20,6,17,8,10,6,1,16
2026,115,1382,94,1348,76,H,0,33,59,10,22,18,23,10,24,19,10,11,7,18,26,57,10,21,14,16,8,18,15,13,6,2,14
2026,115,1158,85,1214,71,A,0,30,57,5,11,20,29,12,28,20,9,7,4,16,23,57,10,29,15,19,7,19,14,10,7,2,21
2026,114,1388,86,1365,67,H,0,32,65,11,26,11,14,21,30,18,13,7,3,14,24,59,8,24,11,13,6,15,8,8,7,3,16
2026,114,1332,85,1458,71,H,0,28,54,9,19,20,25,5,30,19,8,8,8,11,22,66,14,45,13,16,16,23,17,12,4,1,18
2026,114,1361,89,1429,72,H,0,30,55,7,16,22,33,12,26,18,12,3,3,21,23,57,8,27,16,24,12,18,11,12,6,1,25
2026,114,1143,73,1374,69,H,0,26,65,9,32,12,15,9,24,17,8,7,3,19,25,55,8,21,11,26,13,31,13,14,4,3,15
2026,114,1116,99,1401,84,H,0,33,65,4,17,29,33,13,23,18,9,9,4,17,30,57,8,25,16,23,6,22,18,16,3,1,22
2026,114,1104,100,1280,75,H,0,34,71,22,50,10,13,15,33,23,13,6,1,12,27,71,15,41,6,12,12,24,15,12,8,4,14
2026,114,1160,79,1243,70,H,0,25,58,9,25,20,28,8,35,16,17,6,7,15,26,67,5,23,13,18,9,27,13,14,7,2,19
2026,114,1234,74,1326,57,H,0,27,47,5,18,15,17,4,24,15,7,7,0,19,18,43,7,14,14,21,5,18,9,11,3,2,17
2026,114,1213,80,1424,67,H,0,25,47,7,15,23,31,7,34,11,13,1,6,21,23,57,7,17,14,28,7,20,8,8,7,3,27
2026,114,1261,106,1279,99,A,0,35,70,11,21,25,29,10,30,24,11,3,6,20,36,78,5,16,22,29,14,25,21,6,8,4,22
2026,114,1434,74,1179,71,H,0,24,54,12,28,14,17,10,19,14,11,3,1,12,27,56,8,22,9,13,9,22,14,11,4,2,16
2026,114,1390,75,1338,67,H,0,29,58,7,20,10,10,10,19,11,9,9,3,11,24,49,9,23,10,15,8,19,13,13,6,2,14
2026,114,1344,94,1462,84,H,0,33,61,9,18,19,25,8,26,8,4,2,3,14,34,68,5,22,11,15,10,23,6,5,1,2,17
2026,114,1163,72,1385,40,H,0,28,59,7,25,9,11,9,32,20,5,6,9,18,11,56,5,20,13,17,16,21,8,8,0,4,11
2026,114,1196,84,1400,71,A,0,32,54,8,18,12,15,7,22,15,9,8,11,17,25,58,5,13,16,21,14,16,2,12,6,1,13
2026,114,1304,74,1268,61,H,0,23,53,10,29,18,24,7,28,18,6,7,2,10,21,56,12,36,7,8,7,27,15,11,2,4,19
2026,114,1435,88,1208,80,H,0,30,61,7,26,21,24,11,25,16,5,5,4,19,24,52,10,24,22,29,8,21,8,8,4,3,22
2026,114,1248,70,1159,69,A,0,27,63,7,26,9,15,12,25,12,5,1,3,11,26,56,6,16,11,14,6,28,18,5,2,1,16
2026,114,1250,78,1110,73,A,0,26,50,6,18,20,28,5,27,17,10,4,4,15,25,61,9,31,14,22,12,21,10,5,6,0,21
2026,114,1386,81,1206,63,H,0,32,62,11,30,6,9,4,22,18,3,6,3,13,23,58,6,24,11,14,12,24,10,11,1,1,9
2026,114,1172,67,1182,56,A,0,23,57,6,23,15,22,12,30,15,10,5,7,11,21,59,5,24,9,14,9,24,11,9,3,5,17
2026,114,1131,78,1221,63,H,0,29,52,7,21,13,16,5,28,12,9,7,4,11,23,57,8,23,9,12,7,18,13,8,4,0,14
2026,114,1437,82,1139,73,H,0,31,63,10,32,10,14,8,20,17,9,8,1,19,24,53,3,13,22,27,10,28,10,14,4,0,15
2026,114,1352,73,1178,62,H,0,23,61,10,28,17,22,15,24,17,6,9,5,11,25,56,4,16,8,10,8,27,12,12,5,6,19
2026,114,1297,81,1156,70,A,0,26,51,10,28,19,26,7,31,17,14,7,5,22,24,60,5,24,17,21,8,22,11,12,2,1,24
2026,114,1459,72,1190,69,A,0,25,62,8,27,14,18,10,20,14,6,5,1,15,27,51,2,13,13,22,7,28,13,12,5,2,15
2026,114,1474,96,1184,79,A,0,28,55,10,22,30,38,8,25,15,7,9,1,18,25,57,9,26,20,28,12,24,13,11,7,6,24
2026,113,1416,97,1140,84,A,0,36,64,14,24,11,14,8,32,25,15,5,2,17,29,71,9,27,17,20,12,22,11,9,6,5,14
2026,113,1305,67,1307,60,H,0,23,58,5,17,16,22,11,33,17,13,7,5,19,21,55,6,21,12,21,7,25,12,13,8,3,18
2026,113,1417,81,1425,62,H,0,31,63,7,20,12,14,8,23,18,5,8,4,16,21,60,8,26,12,16,17,24,11,14,2,5,16
2026,113,1112,87,1124,80,A,0,30,61,9,21,18,23,13,24,17,7,2,2,17,29,59,7,22,15,21,9,21,14,5,2,3,17
2026,113,1235,75,1428,59,A,0,28,59,7,23,12,18,8,24,15,9,10,3,18,21,46,6,18,11,16,4,26,13,18,6,5,14
2026,113,1281,73,1397,69,H,0,26,55,4,17,17,22,9,21,9,8,9,3,13,27,63,7,24,8,14,18,24,13,15,7,4,14
2026,113,1161,74,1201,70,H,0,26,58,9,29,13,17,11,24,15,11,7,3,11,27,58,8,21,8,11,8,23,13,12,6,1,16
2026,113,1395,90,1113,78,H,0,27,64,8,23,28,40,17,23,22,7,10,4,23,28,61,5,20,17,23,8,26,21,13,3,6,29
2026,113,1129,72,1461,62,H,0,25,53,5,21,17,19,10,25,11,12,3,7,12,24,57,7,26,7,9,7,16,12,9,10,4,15
2026,113,1274,83,1199,73,A,0,31,59,9,21,12,19,16,26,15,18,7,5,17,27,59,8,28,11,16,7,16,12,12,7,7,18
2026,113,1328,91,1120,79,H,0,30,57,13,19,18,25,11,17,12,9,10,6,21,25,53,8,19,21,27,14,21,11,14,6,7,17
2026,113,1276,77,1278,67,H,0,29,58,14,33,5,5,10,29,19,14,3,2,9,25,55,12,34,5,6,1,17,15,8,8,3,9
2026,113,1157,76,1209,71,A,0,27,68,10,31,12,15,14,27,10,6,4,3,15,25,60,5,16,16,19,9,27,7,7,4,3,17
2026,113,1181,100,1323,56,A,0,27,59,12,33,34,38,14,35,20,9,11,1,20,19,52,7,26,11,19,5,22,9,15,1,0,22
2026,113,1438,90,1301,61,H,0,31,58,12,26,16,18,7,33,17,12,7,12,15,20,68,9,33,12,15,16,20,14,10,8,6,15
2026,113,1403,80,1153,68,H,0,27,52,10,25,16,20,12,28,14,12,3,6,14,25,62,8,24,10,13,11,13,8,3,5,1,16
2026,113,1173,77,1387,62,H,0,24,51,8,20,21,28,5,25,18,10,5,5,14,22,55,5,21,13,16,8,27,10,15,5,2,22
2026,113,1329,91,1452,84,H,0,31,63,10,23,19,27,13,27,17,10,6,3,16,33,68,12,31,6,12,12,21,15,11,7,4,17
2026,113,1321,72,1231,68,A,0,26,54,6,13,14,18,11,23,15,9,4,3,13,23,50,10,28,12,14,5,18,18,10,3,2,16
2026,113,1266,76,1207,60,A,0,31,61,8,24,6,11,10,21,14,9,11,2,13,23,61,4,25,10,13,17,24,15,15,5,4,10
2026,113,1103,99,1138,85,H,0,32,58,9,21,26,29,8,30,18,17,8,0,21,25,67,9,33,26,33,17,19,12,14,9,4,20
2026,113,1407,78,1418,59,H,0,25,50,7,18,21,24,14,20,19,10,6,5,10,23,54,7,24,6,8,11,12,9,10,4,4,18
2026,113,1267,97,1330,88,H,0,40,67,9,28,8,10,8,23,22,7,4,7,15,33,70,4,18,18,20,14,20,8,8,5,3,11
2026,113,1246,72,1376,63,A,0,26,66,7,25,13,18,18,30,15,15,8,3,17,21,57,8,29,13,17,5,23,9,12,8,4,16
2026,113,1203,104,1247,77,A,0,39,58,10,22,16,20,7,27,24,13,8,8,20,24,58,11,26,18,24,12,15,16,14,10,2,17
2026,113,1449,79,1353,72,A,0,28,56,7,19,16,21,7,27,15,10,4,3,24,23,58,3,14,23,32,8,21,10,7,6,1,17
2026,112,1242,69,1222,56,H,0,22,50,7,17,18,20,7,31,11,12,3,6,9,21,66,5,24,9,9,13,20,7,8,6,3,14
2026,112,1212,83,1290,62,H,0,28,52,5,13,22,31,7,31,15,20,8,4,18,24,62,6,24,8,15,10,23,12,19,12,2,23
2026,112,1314,77,1257,74,H,0,30,56,8,22,9,19,7,25,13,9,5,3,12,26,67,14,39,8,11,16,25,9,10,9,4,20
2026,111,1458,84,1234,71,H,0,28,52,10,24,18,20,5,24,17,8,6,3,12,28,59,7,26,8,11,9,20,13,9,4,2,16
2026,111,1409,100,1427,74,H,0,34,63,12,29,20,25,11,29,23,7,9,2,11,27,61,11,26,9,11,5,20,13,11,4,2,18
2026,111,1317,73,1194,72,H,0,23,55,5,18,22,29,13,27,11,9,4,1,18,27,57,9,19,9,14,6,23,19,6,4,5,23
2026,111,1324,81,1454,70,H,0,29,56,10,20,13,20,9,21,19,9,10,5,14,27,64,9,29,7,9,18,24,19,15,6,5,14
2026,111,1352,81,1460,68,A,0,29,55,7,16,16,17,6,24,11,10,8,1,12,24,55,5,16,15,17,9,18,7,14,8,2,16
2026,111,1373,72,1389,63,H,0,21,43,2,6,28,34,9,25,11,11,4,1,15,22,55,7,20,12,16,10,16,9,9,8,2,21
2026,111,1277,66,1326,60,H,0,22,55,4,15,18,25,15,28,18,9,2,2,17,23,52,4,22,10,17,4,22,9,5,5,2,21
2026,111,1178,74,1453,70,H,0,24,56,5,13,21,22,9,25,10,12,10,3,16,23,52,8,19,16,18,5,23,10,13,8,1,14
2026,111,1110,75,1248,61,A,0,27,55,13,26,8,11,7,24,16,7,5,0,16,24,48,2,12,11,16,5,20,18,7,3,3,14
2026,111,1412,78,1272,67,A,0,27,59,6,19,18,25,11,23,15,12,12,5,12,27,59,4,18,9,14,9,23,9,15,7,6,19
2026,111,1221,72,1137,63,A,0,24,51,9,19,15,18,5,24,12,11,6,2,12,23,62,4,21,13,15,13,22,9,10,8,0,18
2026,111,1250,70,1131,67,H,0,25,50,8,19,12,13,8,20,15,10,6,2,8,28,56,7,21,4,5,7,18,11,8,7,0,16
2026,110,1140,79,1235,69,H,0,29,58,7,25,14,20,12,27,13,11,7,2,15,23,54,8,24,15,19,6,22,13,10,6,1,20
2026,110,1388,83,1450,67,A,0,32,59,10,20,9,12,13,25,12,10,8,7,15,25,57,7,19,10,13,9,16,10,10,5,2,14
2026,110,1305,80,1429,77,H,0,25,49,10,19,20,27,11,29,17,15,3,7,15,25,62,15,34,12,19,12,18,19,10,12,0,23
2026,110,1365,94,1362,73,A,0,34,70,13,31,13,14,12,26,14,10,14,3,19,25,54,12,29,11,14,3,20,12,17,8,5,13
2026,110,1218,78,1364,75,H,0,25,58,5,18,23,34,9,27,6,9,5,2,19,25,58,7,20,18,23,7,28,12,12,4,1,27
2026,110,1471,71,1414,69,A,0,26,59,10,25,9,11,11,25,19,9,6,5,10,28,67,8,18,5,7,14,22,18,8,5,5,14
2026,110,1168,88,1167,80,A,0,29,58,16,33,14,21,6,29,18,11,3,3,20,27,64,7,25,19,23,11,26,10,10,3,3,20
2026,110,1451,92,1285,72,H,0,33,56,9,18,17,21,9,25,16,11,7,1,14,25,56,8,24,14,17,7,15,12,10,7,3,19
2026,110,1211,71,1334,62,H,0,24,56,5,19,18,29,13,19,7,4,5,7,14,23,49,5,13,11,16,10,26,10,15,2,2,23
2026,110,1416,73,1428,71,A,0,30,57,7,16,6,9,8,20,15,9,8,4,11,28,57,8,23,7,7,9,20,18,11,2,4,10
2026,110,1308,67,1431,63,H,0,27,66,8,26,5,7,14,24,14,4,2,5,11,22,55,8,27,11,13,10,25,5,6,2,3,11
2026,110,1120,75,1246,74,H,0,25,62,5,19,20,24,13,20,12,11,9,5,14,27,65,6,23,14,17,17,21,15,14,7,3,19
2026,110,1401,75,1328,71,A,0,27,62,10,25,11,20,14,25,14,5,6,4,20,20,61,11,30,20,24,18,26,11,8,3,5,19
2026,110,1417,95,1228,94,H,0,34,67,11,28,16,19,8,19,21,5,5,1,21,28,69,13,42,25,31,20,23,19,9,2,5,18
2026,110,1125,87,1232,70,H,0,33,65,8,31,13,15,7,28,17,9,11,2,12,27,62,9,30,7,8,7,26,17,13,8,5,12
2026,110,1307,80,1201,78,A,0,31,60,7,19,11,13,8,22,7,9,6,3,13,33,63,7,23,5,9,11,22,14,11,5,1,18
2026,110,1461,70,1213,65,A,0,24,60,8,30,14,19,12,26,13,10,8,0,21,22,54,7,20,14,19,10,26,9,15,4,3,19
2026,110,1270,70,1394,54,H,0,25,57,4,18,16,22,11,22,12,10,11,5,16,20,45,9,22,5,8,6,23,13,22,2,1,19
2026,110,1290,72,1411,71,H,0,27,57,5,18,13,20,11,23,14,13,6,2,21,24,51,4,14,19,28,7,22,8,11,5,4,17
2026,110,1202,76,1459,67,A,0,27,52,9,17,13,17,6,29,14,10,4,2,14,25,57,7,26,10,19,9,21,12,7,6,1,19
2026,110,1181,68,1276,63,H,0,25,55,6,19,12,17,13,28,17,11,4,5,17,22,55,6,25,13,18,8,20,15,7,7,7,16
2026,110,1115,84,1341,82,H,0,31,53,7,21,15,20,6,17,17,10,11,1,19,26,52,5,18,25,28,10,19,12,14,5,1,15
2026,110,1371,51,1207,47,H,0,17,55,0,18,17,26,17,27,9,13,10,9,16,15,55,4,23,13,23,16,22,7,13,6,4,21
2026,110,1104,90,1261,83,A,0,25,58,10,30,30,37,13,26,13,8,5,4,21,29,69,9,20,16,22,18,21,14,10,4,4,28
2026,110,1350,99,1382,94,H,0,32,57,14,31,21,28,6,23,16,9,7,3,15,35,66,12,26,12,16,10,22,17,10,6,1,19
2026,110,1455,69,1396,57,H,0,21,50,6,12,21,29,13,26,6,11,4,1,17,20,55,5,13,12,19,10,18,5,7,6,3,19
2026,110,1380,87,1212,73,H,0,30,51,8,16,19,23,3,23,22,17,12,3,19,25,57,4,16,19,26,11,20,15,15,9,1,20
2026,110,1161,83,1361,74,H,0,23,49,13,31,24,29,9,24,16,13,5,1,21,23,60,8,22,20,24,15,20,11,12,6,1,22
2026,110,1143,72,1390,66,H,0,22,63,9,26,19,23,15,31,11,10,3,4,19,20,60,8,28,18,29,14,26,10,10,7,6,15
2026,110,1138,86,1269,82,A,0,26,54,12,24,22,30,6,19,18,11,11,2,16,30,58,9,25,13,22,11,24,21,14,7,2,23
2026,110,1163,73,1437,63,A,0,28,51,6,19,11,13,10,27,19,14,3,8,15,24,59,6,24,9,14,11,13,12,10,8,4,14
2026,110,1395,60,1452,54,H,0,18,53,6,16,18,27,19,20,13,12,11,2,9,20,49,5,21,9,12,9,19,12,16,7,8,16
2026,110,1421,74,1347,73,H,0,31,65,5,13,7,14,10,28,13,8,8,6,22,22,59,10,21,19,30,13,28,11,12,3,4,15
2026,110,1116,94,1281,86,H,0,32,61,8,18,22,25,11,20,20,5,5,5,17,31,56,7,21,17,23,7,19,18,10,2,4,19
2026,110,1124,73,1113,68,H,0,29,51,9,21,6,13,5,21,16,13,6,0,16,25,56,6,20,12,16,9,21,11,11,8,1,14
2026,110,1332,71,1425,70,A,0,23,51,4,16,21,27,8,25,11,15,10,5,16,23,60,6,19,18,24,13,22,13,11,11,8,17
2026,110,1219,89,1457,87,H,0,27,55,11,31,24,30,9,25,17,13,2,7,24,32,73,8,27,15,20,18,23,12,10,6,3,23
2026,110,1392,79,1214,72,H,0,25,46,9,23,20,27,6,25,10,16,10,7,16,25,59,8,21,14,19,13,19,11,14,12,2,21
2026,110,1190,87,1422,75,A,0,33,55,9,20,12,14,6,20,14,12,7,2,13,28,54,9,24,10,15,8,18,13,13,10,0,14
2026,110,1369,70,1114,65,A,0,25,56,5,22,15,22,11,27,8,14,7,3,15,22,58,4,15,17,19,9,22,14,9,7,6,16
2026,110,1443,94,1251,73,A,0,31,59,10,21,22,23,10,24,14,9,10,1,24,25,45,6,21,17,29,1,19,12,12,6,4,17
2026,110,1241,80,1209,65,A,0,31,55,2,15,16,22,13,24,8,13,9,1,17,22,54,6,16,15,18,6,14,9,12,8,6,20
2026,110,1160,83,1329,69,H,0,29,61,11,27,14,18,10,26,20,12,11,3,17,23,61,5,23,18,25,15,24,8,15,8,2,15
2026,110,1208,91,1400,80,H,0,34,57,11,20,12,14,8,16,17,5,5,6,20,28,49,6,12,18,24,6,16,12,9,3,3,15
2026,110,1391,76,1316,71,H,0,28,61,13,32,7,13,14,23,20,12,5,2,16,26,57,10,27,9,14,11,21,13,10,6,1,15
2026,110,1358,82,1240,78,H,0,26,53,7,19,23,28,11,25,14,12,3,3,14,28,60,8,21,14,18,7,20,11,6,6,0,22
2026,110,1112,73,1222,66,A,0,25,56,3,12,20,31,12,25,10,5,9,2,19,20,56,8,26,18,22,13,26,12,12,2,3,24
2026,110,1268,64,1449,60,H,0,23,57,10,23,8,11,14,22,12,8,4,2,9,24,52,5,22,7,7,4,19,9,6,3,3,11
2026,110,1355,91,1315,83,H,0,28,59,14,29,21,25,14,26,19,8,5,2,14,31,60,13,31,8,12,6,19,17,7,2,3,20
2026,110,1379,86,1330,81,H,0,30,55,6,12,20,30,14,25,11,26,11,8,19,25,58,10,21,21,27,9,16,11,19,12,5,23
2026,110,1403,100,1243,72,H,0,34,62,13,28,19,23,10,30,19,6,1,8,15,28,64,6,20,10,17,9,19,8,6,3,3,18
2026,110,1247,59,1348,46,H,0,16,52,6,16,21,31,18,32,6,14,3,2,21,16,55,2,18,12,20,13,23,7,9,5,6,22
2026,110,1257,87,1210,70,H,0,27,52,14,31,19,20,6,24,15,18,11,2,13,28,61,3,18,11,12,10,19,13,17,9,2,16
2026,110,1304,87,1336,64,H,0,32,62,14,35,9,12,10,26,22,11,7,4,14,24,57,4,20,12,17,10,23,13,15,6,1,13
2026,110,1438,86,1274,83,H,0,29,50,12,24,16,18,4,19,18,9,6,8,17,29,61,9,18,16,17,12,18,16,9,9,2,15
2026,110,1397,69,1435,65,A,0,25,58,4,12,15,21,14,25,8,9,8,3,17,22,53,9,23,12,18,8,22,13,10,6,8,18
2026,110,1173,78,1182,66,H,0,23,52,8,21,24,32,11,23,14,8,5,6,18,20,53,8,19,18,24,13,20,12,13,3,4,22
2026,110,1338,73,1323,68,H,0,22,49,11,24,18,27,10,26,16,10,5,0,14,26,65,9,38,7,14,16,22,14,8,7,3,19
2026,110,1159,101,1259,98,H,0,31,65,8,27,31,35,5,39,18,10,4,7,18,33,80,14,36,18,23,11,30,17,8,5,2,24
2026,110,1217,73,1165,54,A,0,25,58,9,28,14,19,13,25,23,6,6,3,13,20,55,3,22,11,13,9,24,10,8,5,3,13
2026,110,1463,74,1335,70,H,0,27,61,6,26,14,18,12,26,13,10,4,6,19,25,59,10,19,10,14,9,26,14,9,6,1,20
2026,110,1447,65,1384,56,A,0,20,51,7,27,18,23,11,28,10,15,7,2,15,21,58,6,22,8,17,14,20,14,12,11,2,18
2026,110,1220,82,1318,68,A,0,28,54,11,26,15,22,7,28,9,6,1,4,15,27,65,6,23,8,12,12,26,17,6,4,1,19
2026,110,1273,89,1359,86,H,0,32,50,7,17,18,25,5,27,16,13,4,5,20,30,64,6,16,20,23,10,18,12,6,7,0,22
2026,110,1398,80,1188,53,H,0,31,54,8,19,10,13,9,28,14,12,9,4,13,21,50,8,24,3,11,6,15,9,15,7,2,11
2026,110,1292,78,1174,66,H,0,27,62,7,29,17,19,15,23,14,5,8,2,13,21,44,6,20,18,21,2,22,5,11,4,2,14
2026,110,1139,80,1462,75,H,0,26,55,3,11,25,33,8,27,14,6,2,2,8,28,63,10,32,9,11,8,24,13,7,3,4,21
2026,110,1153,84,1242,68,A,0,31,64,12,31,10,15,14,26,16,10,8,1,13,27,61,4,18,10,13,9,20,11,10,5,2,12
2026,110,1314,77,1393,64,A,0,28,54,6,16,15,28,9,29,10,10,5,4,18,25,59,3,17,11,16,9,25,6,10,4,5,23
2026,110,1420,66,1107,62,H,0,24,57,8,20,10,13,10,20,12,7,6,1,10,26,50,7,17,3,4,5,23,8,12,4,3,14
2026,110,1157,79,1267,75,H,0,24,61,7,23,24,34,16,31,7,13,6,10,16,27,71,5,20,16,18,13,29,8,10,8,5,22
2026,110,1376,97,1280,89,H,0,31,56,12,24,23,27,4,28,20,6,4,2,24,31,69,10,33,17,30,15,22,15,6,5,0,21
2026,110,1196,94,1279,75,A,0,32,56,11,22,19,22,8,31,26,19,7,3,22,25,61,2,16,23,26,8,16,12,11,10,2,16
2026,110,1385,81,1166,52,H,0,29,63,3,14,20,23,10,34,20,11,10,6,17,17,53,6,22,12,18,5,25,12,18,6,3,19
2026,110,1224,100,1300,67,H,0,37,61,11,22,15,20,12,23,26,13,6,6,13,27,60,2,15,11,19,12,16,11,14,8,0,17
2026,110,1386,75,1260,61,H,0,26,58,8,25,15,17,9,29,15,8,5,4,8,21,57,9,26,10,14,9,23,14,12,4,3,15
2026,110,1278,80,1353,61,H,0,30,50,15,26,5,7,5,26,23,10,2,2,7,24,54,7,18,6,8,6,16,23,7,5,1,10
2026,110,1439,82,1448,63,H,0,31,61,11,28,9,16,13,24,20,5,3,0,19,23,61,6,30,11,16,15,17,10,7,2,2,19
2026,110,1199,70,1155,65,A,0,23,46,10,24,14,16,5,23,9,10,6,5,15,21,56,10,33,13,15,10,19,13,8,5,4,14
2026,109,1345,93,1231,64,H,0,33,51,10,18,17,25,6,24,24,7,6,1,19,24,46,7,20,9,15,1,14,13,11,0,2,22
2026,109,1387,88,1433,75,H,0,34,66,10,25,10,19,13,29,16,15,9,4,21,21,64,9,29,24,32,18,24,10,16,11,3,16
2026,109,1233,72,1389,64,H,0,25,62,6,24,16,21,14,28,9,18,8,6,16,24,66,8,30,8,10,13,25,11,18,12,6,20
2026,109,1178,91,1454,86,H,0,30,56,10,21,21,26,9,23,13,10,5,5,19,33,65,11,26,9,19,14,19,17,11,6,7,19
2026,109,1453,73,1324,68,A,0,25,55,10,22,13,15,8,21,16,8,6,5,15,23,62,5,25,17,17,17,23,11,11,6,6,13
2026,108,1142,86,1218,75,A,0,28,62,8,28,22,27,5,29,9,13,9,2,28,23,60,3,23,26,38,13,31,2,17,4,4,24
2026,108,1168,93,1413,92,H,0,33,53,10,25,17,19,7,23,22,11,1,5,26,28,56,12,29,24,32,10,15,23,6,8,2,22
2026,108,1414,69,1253,58,A,0,24,46,4,10,17,26,7,32,14,22,8,8,15,21,66,2,18,14,17,16,19,7,16,10,6,21
2026,108,1411,83,1115,64,A,0,33,63,9,26,8,9,7,30,16,8,10,2,16,20,56,9,30,15,24,11,24,14,12,4,4,12
2026,108,1451,82,1286,79,H,0,32,71,4,17,14,19,16,26,14,9,11,1,13,29,58,7,24,14,18,6,27,11,12,6,5,15
2026,108,1341,72,1290,62,A,0,25,55,4,15,18,27,15,28,9,13,7,3,20,21,57,3,19,17,19,7,21,8,11,7,1,24
2026,108,1220,79,1214,43,H,0,33,58,7,20,6,8,8,29,17,8,6,5,12,16,60,4,23,7,11,18,18,11,13,1,2,10
2026,108,1378,87,1272,66,H,0,24,66,9,30,30,35,22,30,15,10,6,7,18,21,64,9,24,15,20,17,22,14,13,3,6,23
2026,108,1219,74,1421,48,H,0,27,63,6,29,14,18,15,27,12,8,11,4,14,18,57,5,22,7,13,15,21,9,16,3,10,14
2026,108,1347,82,1205,70,H,0,25,55,10,30,22,24,10,22,15,13,7,0,14,29,55,4,15,8,14,7,21,6,14,10,1,16
2026,108,1254,91,1384,89,A,0,37,65,5,11,12,22,11,18,10,12,15,6,17,31,58,11,18,16,20,11,23,14,21,9,1,19
2026,108,1180,70,1318,61,A,0,24,42,7,18,15,24,1,30,13,15,8,3,12,22,56,6,20,11,14,7,22,10,11,6,1,20
2026,108,1158,74,1299,61,A,0,27,61,10,26,10,14,12,26,19,8,7,4,14,22,54,7,24,10,15,10,25,12,12,3,5,13
2026,108,1151,94,1273,90,A,0,35,57,10,22,14,17,9,24,14,8,5,0,20,31,56,12,23,16,27,9,16,10,6,3,2,16
2026,108,1122,77,1316,76,A,0,26,66,4,17,21,29,13,24,14,12,12,1,20,23,56,5,23,25,32,9,30,9,15,6,1,23
2026,108,1267,94,1111,93,A,0,34,59,11,25,15,21,7,20,15,5,6,1,25,27,53,11,28,28,40,13,19,12,7,3,1,17
2026,108,1420,75,1436,62,H,0,22,57,11,26,20,25,10,35,8,8,3,2,12,22,63,10,28,8,10,7,29,12,7,6,1,16
2026,107,1211,80,1362,59,A,0,34,62,5,17,7,8,6,27,19,7,11,4,17,20,56,5,24,14,22,12,22,13,13,1,1,12
2026,107,1161,91,1424,86,A,0,32,54,7,20,20,27,9,20,22,7,5,2,21,30,58,9,23,17,23,11,18,12,8,6,4,23
2026,107,1429,75,1129,56,H,0,29,53,8,21,9,13,6,21,14,7,6,4,11,21,57,7,22,7,9,13,19,11,12,3,2,12
2026,107,1228,101,1425,65,A,0,32,62,13,29,24,26,13,28,21,9,7,8,19,23,62,7,18,12,20,13,17,16,14,5,2,22
2026,107,1450,87,1334,70,H,0,34,60,14,28,5,8,7,28,18,7,4,1,15,27,63,8,21,8,11,11,21,12,10,3,2,14
2026,107,1112,75,1140,68,H,0,29,64,9,21,8,12,12,27,16,9,8,3,12,25,58,5,19,13,16,9,23,7,9,4,5,14
2026,107,1242,81,1329,69,A,0,28,61,11,24,14,16,10,31,20,12,5,7,14,23,66,7,28,16,21,15,23,13,9,8,0,13
2026,107,1438,94,1210,68,A,0,36,79,14,37,8,13,20,31,23,14,12,9,13,24,64,4,19,16,19,10,24,14,16,8,3,15
2026,107,1385,76,1266,70,A,0,26,58,8,25,16,24,13,28,17,12,6,4,19,26,61,6,21,12,16,10,23,12,10,8,2,19
2026,107,1281,81,1435,80,H,0,23,52,10,20,25,32,10,24,16,14,8,2,20,28,65,10,25,14,18,16,21,11,11,10,5,21
2026,107,1280,91,1120,85,H,0,31,62,16,30,13,17,9,25,17,6,6,11,23,24,62,12,26,25,31,17,24,12,8,6,3,15
2026,107,1428,61,1452,56,A,0,21,52,5,16,14,21,12,26,10,12,4,4,14,22,52,5,23,7,15,7,21,7,8,5,1,18
2026,107,1194,60,1427,52,A,0,22,60,4,19,12,18,11,32,11,10,3,7,14,20,65,6,26,6,12,15,32,8,12,9,4,16
2026,107,1321,78,1268,74,H,0,25,52,12,21,16,25,6,18,20,8,12,3,16,24,54,8,24,18,21,13,23,15,15,4,4,18
2026,107,1303,80,1331,71,H,0,30,58,13,28,7,11,11,24,18,13,6,4,10,27,53,10,29,7,10,4,20,17,13,10,2,16
2026,107,1295,74,1355,66,A,0,25,52,6,21,18,26,4,29,12,5,7,1,17,25,56,8,26,8,14,7,28,21,10,4,0,19
2026,107,1358,78,1292,70,H,0,29,68,6,18,14,15,15,30,20,9,4,5,12,28,65,6,25,8,15,8,23,17,6,7,6,12
2026,107,1166,91,1163,84,A,0,27,55,10,21,27,32,4,37,10,8,4,2,15,31,71,11,30,11,18,8,27,21,5,7,4,21
2026,107,1104,117,1116,115,H,0,40,71,10,29,27,34,12,31,16,12,5,1,17,43,87,13,26,16,19,15,21,15,7,6,6,26
2026,107,1320,81,1232,60,A,0,33,58,13,27,2,6,3,23,13,7,7,4,14,23,55,7,21,7,13,13,25,12,17,6,3,9
2026,107,1434,79,1133,72,H,0,26,51,7,16,20,33,9,21,15,8,3,4,16,24,52,12,24,12,17,8,21,14,15,2,2,27
2026,107,1110,75,1137,57,A,0,21,52,8,24,25,31,8,19,10,7,7,4,18,22,50,3,17,10,14,8,26,14,15,3,0,25
2026,107,1386,71,1382,65,A,0,26,67,10,33,9,13,13,31,20,9,4,6,7,25,69,9,24,6,6,13,30,15,11,7,9,11
2026,107,1182,62,1247,61,H,0,22,46,3,20,15,22,5,26,8,18,9,3,20,22,55,6,20,11,19,13,21,10,18,9,4,17
2026,107,1173,82,1206,67,A,0,29,52,11,21,13,21,7,25,20,8,7,4,18,21,48,7,14,18,22,5,21,9,9,4,6,18
2026,107,1172,65,1350,63,H,0,22,55,7,27,14,23,13,32,11,11,0,2,15,23,58,9,22,8,14,5,25,12,4,4,4,21
2026,107,1412,76,1396,71,A,0,28,56,5,16,15,19,5,26,15,6,5,5,18,29,65,1,15,12,19,13,24,11,5,5,5,16
2026,107,1448,85,1155,77,H,0,28,51,10,22,19,24,6,21,14,10,8,4,19,26,56,8,26,17,25,10,17,14,9,4,3,21
2026,107,1241,67,1157,65,A,0,26,61,6,17,9,12,7,33,7,6,2,2,15,22,57,7,29,14,22,7,30,8,5,1,4,14
2026,107,1401,80,1279,77,H,0,30,62,5,20,15,20,16,21,18,13,3,0,15,29,55,7,25,12,15,4,19,17,11,8,3,18
2026,107,1397,89,1328,66,H,0,33,63,5,18,18,25,15,21,22,7,10,5,15,21,46,8,21,16,21,6,13,10,15,4,3,18
2026,107,1443,88,1174,87,A,0,27,57,9,24,25,31,10,21,18,9,7,0,21,26,50,8,22,27,34,6,23,13,8,8,2,20
2026,107,1139,93,1207,89,A,0,33,59,7,18,20,26,9,19,18,6,4,4,20,34,60,6,22,15,19,9,19,19,8,3,4,22
2026,107,1190,78,1202,69,A,0,26,58,12,24,14,19,11,27,11,11,8,3,22,21,60,6,33,21,28,13,26,11,9,1,3,16
2026,107,1353,85,1336,72,A,0,30,53,5,16,20,23,6,20,16,12,10,1,18,26,47,3,17,17,22,6,18,12,15,7,2,19
2026,107,1248,86,1221,83,A,0,32,57,8,17,14,20,7,20,12,13,5,1,17,30,53,6,15,17,22,3,20,14,10,5,2,20
2026,106,1113,72,1403,67,H,0,26,59,7,18,13,17,10,21,14,9,9,5,15,24,54,9,22,10,13,11,25,15,17,4,5,19
2026,106,1278,61,1332,44,A,0,22,55,9,29,8,10,13,25,16,13,7,2,9,20,53,2,20,2,2,6,22,14,12,8,3,10
2026,106,1213,73,1361,63,A,0,24,56,7,19,18,23,9,27,12,13,8,3,16,22,62,3,15,16,18,12,24,10,13,6,6,19
2026,106,1234,57,1304,52,H,0,17,51,6,23,17,18,12,25,5,12,4,3,14,18,44,5,24,11,14,2,22,10,12,9,2,18
2026,106,1243,90,1124,74,H,0,34,60,8,17,14,17,5,26,18,18,13,2,18,28,70,3,24,15,21,18,23,12,19,11,5,16
2026,106,1208,86,1246,78,A,0,29,67,14,31,14,19,15,21,20,7,10,4,18,27,59,12,30,12,20,15,28,13,13,3,4,19
2026,106,1400,88,1261,85,H,0,29,52,7,13,23,34,8,26,9,8,4,3,14,32,62,5,12,16,19,7,20,13,5,7,4,25
2026,106,1277,82,1417,59,H,0,29,55,14,27,10,11,8,29,21,14,5,5,19,21,57,8,25,9,12,9,18,11,11,6,4,18
2026,106,1326,86,1458,69,H,0,31,57,11,21,13,19,11,24,16,14,3,2,16,27,59,7,26,8,16,10,17,13,12,4,5,19
2026,106,1461,92,1201,82,H,0,34,63,15,33,9,11,12,20,21,9,5,3,22,29,56,7,15,17,24,11,18,15,9,6,0,15
2026,106,1433,89,1203,75,H,0,27,52,9,23,26,35,7,25,17,8,9,5,15,26,61,12,34,11,17,13,21,11,11,4,1,22
2026,106,1274,67,1439,66,H,0,27,61,4,16,9,13,13,20,7,10,6,1,11,28,56,8,20,2,3,7,24,20,11,5,1,13
2026,106,1196,76,1376,62,H,0,29,62,5,19,13,18,18,29,16,14,5,1,18,22,58,4,19,14,20,11,19,8,11,6,1,18
2026,106,1301,82,1314,58,H,0,31,64,9,20,11,16,12,26,13,4,7,3,17,19,60,5,33,15,21,17,23,9,12,0,3,16
2026,106,1348,81,1387,76,H,0,23,56,12,29,23,27,9,24,14,14,7,2,18,24,54,8,21,20,26,9,28,11,18,11,4,21
2026,106,1374,95,1257,85,H,0,38,65,9,19,10,12,5,25,21,10,9,6,13,30,67,13,34,12,15,14,24,18,17,7,4,15
2026,106,1275,86,1269,77,A,0,26,52,10,23,24,33,4,22,16,7,9,1,15,29,57,10,20,9,16,7,26,16,13,3,1,26
2026,106,1416,82,1395,71,H,0,28,57,8,20,18,20,8,26,17,12,8,3,20,25,60,4,21,17,27,13,23,9,12,9,3,17
2026,106,1103,90,1444,73,A,0,33,66,12,28,12,16,13,30,17,7,6,5,16,26,59,11,27,10,13,6,21,12,9,1,1,15
2026,106,1276,91,1345,80,A,0,30,57,13,23,18,23,13,26,24,14,3,5,17,27,69,8,26,18,20,14,17,12,6,10,3,17
2026,106,1437,92,1462,89,A,0,33,75,12,34,14,22,13,23,24,6,12,4,15,34,67,10,23,11,13,10,32,26,16,4,6,17
2026,105,1235,70,1222,67,H,0,25,51,9,22,11,22,8,23,15,3,5,2,14,24,57,12,34,7,11,9,26,14,7,2,5,21
2026,105,1411,74,1380,73,H,0,28,60,7,19,11,14,9,28,11,16,11,4,18,25,61,10,24,13,19,10,26,9,12,5,1,13
2026,105,1392,72,1180,69,H,0,24,60,8,24,16,19,10,19,13,6,10,5,11,26,58,9,23,8,10,14,27,14,17,5,2,14
2026,105,1372,78,1394,68,A,0,26,58,8,19,18,26,10,26,11,6,6,5,18,26,62,7,25,9,12,11,27,8,11,2,3,20
2026,105,1270,75,1322,64,A,0,28,67,9,25,10,17,16,19,8,5,7,1,20,20,47,2,14,22,27,10,28,8,13,1,3,13
2026,105,1181,101,1393,64,H,0,38,61,12,20,13,20,11,28,21,4,10,2,13,26,63,10,27,2,8,13,16,10,11,3,5,16
2026,105,1254,83,1447,65,H,0,32,55,10,19,9,13,8,22,16,11,11,9,20,23,55,6,14,13,22,17,16,11,15,5,3,14
2026,105,1300,80,1288,76,H,0,26,55,8,15,20,25,11,25,11,16,7,11,17,25,71,9,24,17,23,22,22,10,14,7,2,20
2026,105,1106,92,1290,55,H,0,26,59,9,24,31,36,18,36,17,16,7,4,20,18,55,5,15,14,22,6,18,7,11,8,4,28
2026,105,1341,68,1212,63,H,0,22,55,1,11,23,29,8,21,8,10,5,13,15,23,61,7,17,10,11,13,23,8,17,6,2,23
2026,105,1131,85,1159,58,H,0,31,58,18,30,5,8,11,27,22,7,3,5,11,20,58,9,21,9,10,12,17,11,6,2,2,9
2026,105,1330,83,1418,72,H,0,29,51,4,11,21,26,4,25,15,8,3,4,20,24,60,6,17,18,25,14,21,8,8,7,6,20
2026,104,1125,87,1293,70,A,0,30,58,10,22,17,20,6,28,17,13,8,2,22,23,60,11,32,13,21,13,22,9,15,8,4,20
2026,104,1371,63,1139,56,A,0,24,49,5,15,10,22,7,34,16,14,5,13,21,19,63,5,21,13,20,14,24,16,9,6,1,17
2026,104,1173,70,1172,59,H,0,22,48,5,15,21,24,14,25,16,16,7,3,11,22,50,8,21,7,11,5,13,12,10,9,6,21
2026,104,1320,86,1179,62,H,0,31,57,12,29,12,13,5,28,22,7,5,4,15,22,54,7,24,11,17,6,22,10,10,4,1,14
2026,104,1454,75,1453,72,H,0,19,45,7,15,30,37,7,20,14,6,7,4,18,25,48,8,19,14,18,6,23,15,11,2,1,23
2026,104,1434,76,1232,75,H,0,29,56,8,19,10,21,15,17,16,9,2,4,14,31,57,4,15,9,13,9,19,17,8,2,3,16
2026,104,1317,65,1396,62,A,0,24,62,2,13,15,20,13,22,9,5,9,3,17,22,50,9,23,9,17,10,27,14,16,1,4,18
2026,104,1378,83,1194,81,A,0,31,73,10,24,11,17,14,29,11,10,5,3,13,32,69,8,25,9,13,9,32,17,10,5,8,11
2026,104,1352,93,1324,69,H,0,38,66,13,30,4,10,15,25,31,11,4,5,21,22,56,5,16,20,24,12,19,12,10,7,3,13
2026,104,1460,102,1156,90,A,0,34,55,12,17,22,29,9,27,21,13,4,7,14,34,66,12,28,10,12,6,15,18,10,7,3,21
2026,104,1228,71,1231,51,H,0,29,66,7,31,6,7,15,23,11,2,7,2,10,20,49,6,24,5,6,4,21,10,9,1,1,10
2026,104,1259,83,1221,73,H,0,28,60,14,32,13,17,8,30,13,4,3,3,14,27,59,6,21,13,17,6,25,9,5,4,3,17
2026,104,1153,69,1428,65,H,0,24,54,4,15,17,22,8,22,14,6,7,6,13,22,61,9,27,12,15,16,24,12,13,6,1,13
2026,104,1353,68,1268,57,H,0,22,53,5,18,19,24,9,29,12,10,3,3,13,22,66,7,30,6,13,18,23,10,10,4,2,20
2026,103,1211,94,1365,86,A,0,36,64,3,18,19,29,12,29,22,9,7,2,16,30,65,9,24,17,21,9,23,14,12,6,1,21
2026,103,1388,72,1334,61,A,0,26,66,8,27,12,14,14,24,18,4,7,4,12,22,53,8,16,9,11,9,27,17,15,1,3,15
2026,103,1361,71,1305,57,H,0,23,53,8,25,17,18,8,22,15,10,7,8,20,17,52,6,24,17,23,15,20,7,14,7,2,17
2026,103,1414,86,1168,65,H,0,35,61,10,24,6,10,7,35,21,15,6,3,16,25,67,10,32,5,9,9,18,18,11,9,5,13
2026,103,1449,69,1278,57,H,0,29,46,4,13,7,13,6,24,11,13,9,3,15,21,49,7,28,8,12,7,14,9,13,9,1,11
2026,103,1286,82,1285,71,A,0,29,57,10,22,14,21,6,24,16,5,5,3,15,24,54,8,26,15,17,6,27,15,10,3,0,21
2026,103,1400,85,1281,68,A,0,29,61,6,17,21,23,14,22,8,7,5,3,22,19,45,4,10,26,38,8,18,7,9,4,3,19
2026,103,1379,69,1407,65,H,0,27,67,2,12,13,16,18,22,10,10,10,8,13,25,56,6,22,9,16,13,25,15,15,4,7,17
2026,103,1116,88,1120,75,H,0,35,61,8,21,10,15,7,24,19,5,6,10,16,27,66,6,19,15,20,15,19,10,7,2,3,15
2026,103,1104,89,1376,75,H,0,28,58,14,34,19,27,8,35,20,12,7,2,15,26,64,7,28,16,18,4,25,16,8,6,2,22
2026,103,1163,79,1207,75,H,0,25,53,11,34,18,25,10,24,20,10,4,4,20,24,55,12,28,15,23,11,20,15,11,7,1,21
2026,103,1438,70,1326,66,A,0,21,50,6,18,22,32,12,29,9,12,5,6,12,27,60,6,14,6,9,6,20,9,8,7,3,22
2026,103,1429,99,1272,75,H,0,31,59,10,28,27,36,12,23,22,9,7,3,21,22,60,4,18,27,34,18,21,7,12,6,2,23
2026,103,1355,87,1331,69,A,0,31,60,12,23,13,14,11,22,14,10,9,3,16,23,58,10,30,13,14,13,19,15,15,2,3,14
2026,103,1443,82,1292,80,H,0,23,47,8,22,28,32,6,23,13,14,5,0,17,32,66,7,27,9,13,13,22,14,12,6,4,23
2026,103,1455,81,1409,77,H,0,31,62,2,14,17,27,14,28,8,6,5,5,16,26,61,10,32,15,19,9,25,11,9,4,1,22
2026,103,1142,89,1364,79,H,0,29,55,10,27,21,26,8,27,12,8,3,4,17,26,59,13,34,14,19,10,21,11,8,3,1,21
2026,103,1403,78,1112,75,A,0,27,66,11,33,13,19,12,27,12,8,4,3,23,24,61,4,16,23,31,13,28,13,7,5,0,16
2026,103,1463,76,1217,75,A,0,24,58,11,25,17,20,12,24,11,10,4,1,11,31,61,6,22,7,8,7,23,12,8,10,6,13
2026,103,1280,90,1279,78,A,0,33,57,11,24,13,22,6,32,18,9,3,2,17,27,65,8,26,16,21,10,25,19,6,6,4,16
2026,103,1433,78,1350,67,A,0,25,59,11,33,17,21,10,31,15,11,4,5,21,19,55,5,22,24,27,6,26,11,8,3,0,19
2026,103,1452,74,1416,67,A,0,26,60,6,23,16,19,13,24,9,11,9,4,15,24,57,6,18,13,16,9,22,12,13,8,7,17
2026,103,1335,82,1165,76,H,0,26,61,3,20,27,41,12,28,11,9,9,2,21,30,63,6,23,10,21,14,27,14,16,6,1,29
2026,103,1397,73,1261,63,H,0,25,54,6,16,17,23,16,29,17,9,2,2,16,21,55,8,23,13,19,8,16,11,3,4,2,19
2026,103,1411,82,1212,79,H,0,27,48,10,21,18,27,6,24,19,15,5,1,18,27,54,9,28,16,23,7,20,11,13,8,0,21
2026,103,1380,87,1341,82,A,0,29,59,4,16,25,33,11,25,15,11,6,1,26,25,57,7,21,25,32,5,20,11,12,3,4,22
2026,103,1345,78,1234,57,A,0,25,53,12,30,16,20,10,28,20,5,6,4,17,20,53,6,22,11,17,9,21,12,6,3,1,19
2026,103,1250,78,1248,69,A,0,31,57,7,16,9,13,7,22,16,8,7,2,18,25,50,5,19,14,19,7,21,14,13,6,1,16
2026,103,1422,99,1459,89,H,0,30,55,10,21,29,38,6,21,18,3,6,5,21,31,63,8,26,19,28,16,22,11,10,3,2,25
2026,103,1413,71,1253,54,H,0,27,57,8,24,9,10,7,27,17,15,8,6,15,21,58,3,14,9,13,9,17,9,16,8,2,12
2026,103,1186,84,1451,66,H,0,30,50,7,17,17,21,4,26,17,13,6,5,21,21,54,3,19,21,26,8,19,8,10,7,1,21
2026,103,1358,83,1244,79,A,0,28,51,7,17,20,27,9,19,14,11,8,6,16,29,61,10,24,11,16,11,18,16,9,7,2,19
2026,103,1308,79,1240,70,A,0,22,51,9,24,26,31,9,33,16,8,1,4,19,24,65,9,26,13,19,10,23,9,3,4,1,18
2026,103,1106,79,1115,61,H,0,28,67,5,23,18,21,16,23,15,11,12,3,19,18,46,7,21,18,25,7,23,10,22,6,4,19
2026,103,1394,76,1249,63,H,0,23,52,6,15,24,35,9,23,15,7,13,2,17,19,48,2,11,23,27,8,22,5,15,5,4,23
2026,103,1222,78,1243,64,H,0,24,59,7,21,23,30,12,30,18,15,8,5,21,20,57,8,26,16,25,11,26,13,17,10,3,24
2026,103,1140,90,1160,86,H,0,29,62,11,22,21,27,8,38,16,16,5,6,15,33,75,9,32,11,18,9,30,18,7,6,3,21
2026,103,1257,82,1124,71,A,0,28,50,8,18,18,20,6,23,18,14,6,4,20,22,60,2,22,25,30,15,15,10,9,7,5,17
2026,103,1161,79,1461,68,H,0,24,39,6,13,25,30,3,27,13,11,4,9,14,27,66,9,29,5,8,13,14,11,5,3,0,26
2026,103,1182,78,1382,73,A,0,28,63,11,30,11,16,8,22,13,6,9,5,18,27,55,3,9,16,22,10,31,14,14,3,6,14
2026,103,1448,68,1390,63,H,0,18,43,4,17,28,32,5,23,7,10,5,2,14,22,52,10,29,9,14,7,20,8,11,6,4,22
2026,103,1274,77,1301,76,A,0,32,67,3,17,10,20,20,20,8,9,7,2,11,27,55,9,24,13,15,8,21,12,10,6,8,15
2026,103,1423,70,1220,66,H,0,22,48,4,14,22,36,10,26,10,6,3,1,20,20,53,9,24,17,23,10,24,6,7,3,2,21
2026,103,1241,69,1111,58,H,0,25,59,8,22,11,17,11,26,13,5,6,1,17,19,54,6,28,14,24,14,26,7,10,1,4,14
2026,103,1474,87,1252,81,H,0,31,53,9,22,16,24,5,24,20,18,9,7,19,31,69,7,27,12,18,13,22,12,15,8,3,22
2026,103,1330,78,1209,55,H,0,30,55,8,16,10,16,11,34,21,12,3,8,14,17,66,6,23,15,18,17,16,11,8,7,2,14
2026,103,1328,94,1208,78,H,0,33,56,14,25,14,22,11,18,14,7,6,2,13,30,58,8,28,10,14,12,16,14,10,4,3,18
2026,103,1287,94,1398,86,H,0,32,53,8,18,22,28,11,25,12,14,5,5,23,23,61,8,22,32,36,16,14,13,7,9,4,25
2026,103,1196,92,1246,83,H,0,30,67,10,28,22,32,18,28,13,11,10,3,19,28,65,9,20,18,25,13,24,12,14,8,3,26
2026,103,1332,83,1336,72,H,0,24,48,14,27,21,25,9,23,18,15,4,7,18,23,55,6,21,20,24,10,17,8,9,9,1,20
2026,103,1462,96,1266,88,H,0,31,67,16,34,18,21,14,26,24,8,6,3,13,36,70,8,25,8,11,11,25,24,9,4,5,15
2026,103,1437,80,1166,69,A,0,30,65,6,21,14,19,12,29,14,7,7,2,16,27,65,8,27,7,12,13,28,16,12,5,1,15
2026,103,1314,79,1338,65,H,0,28,60,9,25,14,17,6,21,18,4,5,1,9,26,55,7,19,6,8,6,26,16,12,3,2,16
2026,103,1219,112,1205,87,A,0,36,66,14,37,26,29,16,28,20,16,8,7,19,31,54,9,18,16,26,0,15,19,10,8,3,22
2026,103,1199,92,1439,69,A,0,34,55,12,23,12,17,4,24,15,5,2,6,12,24,55,9,18,12,15,7,19,11,10,4,2,13
2026,103,1393,79,1374,78,H,0,27,60,11,30,14,18,11,24,14,8,2,8,16,29,67,7,20,13,17,16,25,16,6,6,2,19
2026,103,1295,83,1315,66,A,0,30,54,10,25,13,17,12,24,20,15,7,2,15,22,51,8,24,14,20,8,15,10,12,6,2,16
2026,103,1436,90,1136,63,H,0,30,52,9,14,21,25,6,28,15,10,3,1,13,21,54,9,29,12,14,7,19,7,12,6,1,19
2026,103,1195,78,1391,76,H,0,31,64,9,22,7,10,11,23,18,11,8,9,15,29,58,8,17,10,13,8,25,13,11,9,3,13
2026,103,1251,73,1431,64,A,0,27,54,9,27,10,18,8,20,17,7,7,3,13,24,50,8,19,8,11,6,25,9,12,4,2,16
2026,103,1235,74,1242,56,H,0,27,62,11,30,9,17,11,23,12,6,6,3,18,19,51,6,18,12,15,10,24,7,13,4,4,17
2026,103,1304,68,1321,49,H,0,24,53,11,25,9,12,13,27,16,18,10,5,14,20,50,3,15,6,11,6,18,13,16,9,4,14
2026,103,1385,79,1344,69,A,0,26,68,6,21,21,30,11,30,13,4,11,4,18,22,66,5,23,20,24,16,33,8,14,3,6,21
2026,103,1435,82,1401,69,H,0,25,57,9,29,23,29,12,28,14,9,6,3,16,28,72,8,29,5,10,16,23,10,11,6,3,24
2026,103,1131,82,1137,69,H,0,24,57,13,29,21,23,16,28,16,13,5,3,14,27,59,9,27,6,10,6,17,15,8,9,4,19
2026,103,1276,86,1417,56,H,0,31,50,7,19,17,26,7,23,18,9,5,6,11,22,58,6,21,6,12,13,16,7,13,5,1,22
2026,103,1181,67,1155,54,H,0,23,54,10,29,11,15,9,28,15,10,5,3,10,20,57,6,24,8,10,9,23,10,9,4,4,15
2026,103,1395,95,1329,92,A,0,31,69,12,25,21,27,14,25,16,8,7,7,16,33,65,10,25,16,23,9,27,20,9,4,5,18
2026,103,1323,89,1210,74,H,0,29,59,14,28,17,19,13,23,14,13,5,2,14,25,53,11,30,13,14,5,18,12,15,7,3,18
2026,103,1359,82,1190,72,A,0,22,53,7,24,31,40,7,31,15,10,7,3,14,25,61,5,20,17,22,8,26,15,12,7,4,27
2026,102,1299,71,1214,70,H,0,23,51,4,9,21,30,8,20,13,7,11,5,22,23,50,5,17,19,28,9,23,17,14,4,3,24
2026,102,1424,86,1129,83,A,0,32,67,12,25,10,13,11,19,13,8,7,5,16,26,53,10,21,21,23,7,25,14,12,4,1,16
2026,102,1275,90,1325,74,H,0,30,58,9,18,21,28,8,30,16,9,2,4,16,28,60,5,21,13,20,7,22,9,9,4,4,21
2026,102,1103,99,1269,92,H,0,25,54,11,30,38,43,9,25,16,11,7,2,20,35,61,11,24,11,17,5,24,19,16,5,0,29
2026,102,1387,86,1260,59,A,0,33,65,14,32,6,8,10,34,23,14,7,7,15,20,59,10,38,9,18,6,22,16,11,8,4,9
2026,102,1458,92,1277,71,H,0,30,62,15,35,17,23,11,27,14,6,6,3,15,24,66,8,27,15,16,14,24,13,9,4,2,18
2026,102,1203,72,1206,53,H,0,26,52,8,23,12,14,8,24,16,9,9,1,9,20,51,9,26,4,6,7,18,15,11,2,2,13
2026,102,1165,89,1343,65,A,0,33,60,14,32,9,11,10,24,19,8,8,3,15,19,51,6,18,21,24,9,18,10,10,6,2,11
2026,101,1168,86,1253,82,A,0,30,64,8,23,18,22,11,23,13,10,9,1,17,29,52,7,22,17,23,3,24,15,15,6,4,21
2026,101,1142,79,1414,73,H,0,26,66,14,38,13,18,17,34,18,21,10,3,14,26,70,11,28,10,14,13,27,16,17,14,6,18
2026,101,1471,68,1413,51,H,0,27,50,7,17,7,9,4,36,13,21,5,8,15,22,62,6,20,1,7,9,20,11,13,14,3,9
2026,101,1218,89,1167,74,A,0,28,56,8,21,25,32,12,26,19,13,6,3,16,29,61,1,12,15,20,9,20,5,11,11,5,18
2026,101,1125,91,1320,86,H,0,31,54,14,30,15,18,3,23,19,11,7,2,17,27,55,9,24,23,24,5,21,14,10,8,2,18
2026,101,1333,90,1362,63,A,0,27,48,12,20,24,27,10,24,20,9,4,6,18,23,60,5,25,12,18,15,14,7,8,3,1,20
2026,101,1317,76,1272,69,H,0,21,47,3,15,31,41,13,23,6,15,11,5,16,25,58,6,19,13,15,12,18,11,16,9,7,23
2026,101,1451,83,1225,72,A,0,28,58,9,17,18,20,9,29,13,6,4,1,17,25,59,9,30,13,17,8,23,10,5,2,1,16
2026,101,1188,74,1369,56,H,0,28,58,6,17,12,18,11,32,13,10,8,4,14,19,56,10,26,8,16,8,22,7,10,7,5,17
2026,101,1157,69,1418,65,A,0,21,48,7,15,20,23,8,26,2,19,1,1,23,20,56,5,20,20,25,8,20,6,10,7,5,21
2026,101,1293,74,1232,72,A,0,26,54,7,21,15,21,14,22,13,14,6,6,21,23,51,10,25,16,27,11,17,16,13,6,2,20
2026,101,1457,103,1205,85,A,0,32,65,18,35,21,28,15,27,25,12,11,1,15,31,61,11,27,12,19,8,21,12,16,7,4,20
2026,101,1421,79,1255,74,A,0,28,61,8,19,15,20,11,17,9,8,6,4,17,26,59,9,26,13,22,12,21,15,10,2,2,19
2026,101,1352,85,1156,68,A,0,32,63,12,32,9,13,15,25,19,8,3,2,17,21,50,8,26,18,22,5,18,13,8,3,3,13
2026,101,1178,77,1460,74,A,0,32,61,5,13,8,9,10,27,12,10,6,6,17,26,64,7,25,15,19,13,19,14,7,4,5,10
2026,101,1254,67,1447,57,A,0,25,53,1,12,16,26,9,28,17,13,13,2,15,21,54,5,20,10,19,9,26,7,17,8,2,21
2026,101,1192,66,1384,59,H,0,23,44,4,18,16,28,8,29,11,15,4,3,17,20,63,5,26,14,20,16,21,4,10,8,0,19
2026,101,1220,66,1158,62,A,0,20,61,7,33,19,26,13,33,10,11,5,7,18,18,56,10,30,16,19,7,29,13,11,4,7,19
2026,101,1241,81,1209,79,H,0,29,61,9,24,14,20,11,29,12,15,7,6,19,27,61,10,23,15,22,9,25,11,11,7,3,20
2026,101,1292,90,1244,87,A,0,29,53,9,22,23,28,8,24,14,12,7,7,15,31,62,12,31,13,21,10,18,15,8,8,2,16
2026,100,1336,63,1449,60,A,0,25,52,5,13,8,11,4,27,4,12,9,4,14,23,61,6,18,8,14,14,23,11,12,5,4,13
2026,100,1307,70,1213,64,A,0,24,51,9,16,13,18,6,25,11,14,6,3,15,23,60,4,25,14,18,11,24,8,12,8,2,16
2026,100,1153,91,1243,62,A,0,31,62,16,28,13,16,13,24,21,13,7,5,13,25,62,6,25,6,9,11,18,11,16,4,3,13
2026,100,1448,83,1210,67,A,0,28,53,13,28,14,22,7,30,19,9,6,8,11,26,66,10,20,5,9,13,20,15,8,5,3,14
2026,100,1397,73,1280,64,A,0,27,62,4,13,15,18,13,32,19,11,7,6,15,25,61,7,22,7,13,7,24,11,11,7,3,16
2026,100,1281,86,1401,85,A,0,35,65,7,21,9,15,16,23,21,9,5,3,12,29,58,15,33,12,15,8,18,20,9,3,3,15
2026,100,1251,77,1308,75,A,0,29,66,11,32,8,9,9,23,14,7,5,2,12,30,63,8,27,7,7,10,27,14,10,5,4,12
2026,100,1276,87,1321,75,A,0,30,69,8,29,19,27,17,30,21,12,6,8,14,28,70,6,25,13,14,12,18,14,8,7,7,22
2026,100,1403,78,1160,44,H,0,28,62,12,30,10,14,17,30,17,13,10,9,12,16,55,6,25,6,10,13,17,5,16,6,3,13
2026,100,1412,68,1409,63,A,0,25,66,9,22,9,13,12,24,16,6,10,5,13,25,58,7,26,6,9,9,32,11,14,4,4,10
2026,100,1252,75,1184,61,H,0,25,59,13,34,12,13,12,25,20,11,7,4,12,24,62,8,27,5,10,13,23,8,13,8,3,11
2026,100,1163,80,1139,70,A,0,30,59,13,31,7,9,12,21,22,8,5,7,15,25,54,8,21,12,16,8,18,21,8,6,4,14
2026,100,1378,66,1455,58,A,0,22,52,5,18,17,28,14,30,8,18,12,4,18,20,63,6,29,12,18,15,22,13,13,12,4,21
2026,100,1371,87,1344,80,H,0,31,61,6,16,19,25,9,17,14,5,11,3,16,25,51,14,34,16,17,9,25,14,18,2,3,18
2026,100,1267,81,1330,79,A,0,30,56,10,21,11,17,4,27,16,10,4,2,14,32,63,7,20,8,13,7,25,17,9,4,1,15
2026,100,1196,86,1208,66,A,0,32,63,10,26,12,15,9,33,17,14,9,4,16,25,72,8,29,8,11,13,22,8,12,8,2,11
2026,100,1439,76,1155,66,A,0,26,50,11,21,13,13,4,25,12,13,5,0,16,25,55,5,16,11,18,8,19,6,9,6,3,13
2026,100,1250,90,1110,82,H,0,30,50,12,21,18,26,4,26,16,15,6,6,16,28,66,10,30,16,21,10,18,10,9,10,0,21
2026,100,1393,107,1143,100,H,0,38,71,6,25,25,42,13,30,17,12,12,9,16,35,77,11,30,19,25,14,27,16,16,8,3,26
2026,100,1259,68,1248,54,A,0,26,59,10,29,6,8,6,36,17,10,2,4,16,22,66,4,33,6,15,13,28,11,4,6,0,11
2026,100,1359,97,1459,80,H,0,34,54,13,25,16,22,5,32,20,13,2,3,18,28,62,8,23,16,24,4,17,12,4,7,2,17
2026,100,1273,69,1202,64,H,0,23,64,5,20,18,21,14,30,7,7,5,7,15,23,61,10,33,8,13,10,27,13,9,4,5,16
2026,100,1190,73,1151,61,H,0,21,54,5,20,26,35,9,28,11,5,7,4,13,22,55,7,24,10,12,5,30,9,10,1,1,24
2026,100,1104,93,1279,74,A,0,26,66,17,45,24,26,11,33,20,6,7,5,15,29,69,8,22,8,13,9,30,19,8,2,4,20
2026,100,1195,90,1316,81,H,0,34,62,6,16,16,30,12,27,13,8,9,5,19,26,63,12,36,17,24,12,24,16,11,4,1,22
2026,100,1122,95,1474,87,A,0,32,57,5,14,26,32,10,28,13,11,6,3,24,29,56,8,22,21,34,8,20,14,10,6,2,23
2026,100,1431,69,1240,64,A,0,22,47,11,25,14,19,7,20,14,11,11,5,12,24,49,8,18,8,14,9,21,14,13,4,3,15
2026,100,1433,77,1247,68,A,0,29,60,8,20,11,19,16,27,14,13,4,8,17,24,61,4,19,16,21,11,22,13,6,7,6,19
2026,100,1326,89,1425,82,H,0,29,58,7,22,24,25,9,24,14,12,5,3,21,26,62,6,17,24,33,14,18,10,10,11,4,21
2026,100,1268,77,1234,70,H,0,25,47,8,23,19,28,10,24,8,14,1,4,18,25,59,7,28,13,17,11,14,15,4,4,1,24
2026,100,1159,74,1221,70,A,0,27,59,6,19,14,17,7,23,9,8,9,3,18,21,59,5,24,23,27,15,26,10,12,5,1,16
2026,99,1211,83,1450,53,H,0,34,62,3,13,12,14,10,27,15,12,13,5,14,18,46,5,24,12,15,3,18,7,21,7,4,12
2026,99,1222,66,1428,52,A,0,26,60,9,26,5,10,12,20,8,5,7,6,15,20,45,2,17,10,14,5,23,13,13,4,1,9
2026,99,1181,70,1338,54,A,0,28,51,9,23,5,8,8,29,16,13,6,2,12,21,54,9,33,3,8,7,16,14,12,11,2,9
2026,99,1395,62,1235,55,H,0,21,52,5,18,15,23,10,26,13,15,12,6,13,24,58,5,22,2,8,10,22,20,17,8,5,21
2026,99,1116,91,1261,62,A,0,35,62,3,12,18,24,8,28,10,10,7,10,19,21,68,3,21,17,27,21,22,12,14,6,0,19
2026,99,1429,91,1201,78,H,0,31,61,14,33,15,19,10,25,20,9,7,3,20,26,65,8,29,18,23,15,22,11,10,8,1,16
2026,99,1113,85,1329,76,H,0,26,65,5,21,28,35,19,26,10,11,9,7,18,24,56,8,21,20,27,10,24,14,17,8,2,25
2026,99,1458,92,1228,90,A,0,33,76,16,36,10,14,14,21,17,4,8,3,17,32,60,15,33,11,19,8,30,15,13,0,6,12
2026,99,1437,77,1266,74,H,0,23,59,13,34,18,31,17,19,17,12,13,2,17,24,49,8,23,18,20,5,27,15,18,7,4,22
2026,99,1345,80,1304,77,A,0,28,76,13,46,11,20,21,33,21,11,8,3,17,26,59,12,32,13,20,6,31,21,14,4,1,19
2026,99,1274,75,1314,66,H,0,29,62,3,13,14,23,12,29,15,8,7,5,9,25,63,8,27,8,10,9,26,16,11,5,3,18
2026,99,1438,61,1199,58,A,0,23,61,10,33,5,8,12,35,14,14,4,5,16,18,62,6,33,16,22,11,26,8,8,7,5,14
2026,99,1435,84,1120,76,A,0,25,54,8,23,26,30,10,17,14,7,2,6,22,24,60,7,17,21,27,18,18,9,8,2,3,22
2026,99,1140,99,1124,94,A,0,38,68,3,19,20,25,12,21,12,5,9,4,18,32,62,10,21,20,25,12,22,16,13,2,4,20
2026,99,1203,75,1348,70,H,0,27,56,7,24,14,20,14,25,15,15,11,3,15,27,60,6,24,10,17,12,18,11,13,11,2,18
2026,99,1350,82,1206,70,H,0,27,57,12,31,16,19,6,24,17,10,6,2,25,23,56,4,17,20,30,15,26,9,15,6,1,19
2026,99,1374,89,1323,81,H,0,32,61,13,28,12,16,14,24,25,14,6,5,17,31,58,11,25,8,14,7,19,16,12,8,3,15
2026,98,1320,89,1293,60,A,0,40,66,7,17,2,2,9,29,15,6,4,4,13,24,61,5,25,7,10,8,17,6,9,5,4,6
2026,98,1242,82,1112,78,H,0,28,69,5,15,21,25,17,24,11,11,9,8,12,32,72,6,15,8,14,18,27,13,13,9,8,17
2026,98,1380,69,1106,68,H,0,22,57,6,23,19,25,12,22,11,9,13,8,15,22,53,9,22,15,23,15,28,9,17,6,2,19
2026,98,1231,92,1332,74,H,0,30,50,11,27,21,27,5,24,22,9,0,1,18,25,56,7,19,17,25,8,17,17,6,5,0,21
2026,98,1133,95,1125,84,H,0,29,67,17,36,20,26,10,24,19,8,7,2,22,28,63,10,33,18,24,14,32,17,17,2,4,22
2026,98,1423,76,1158,64,A,0,28,69,8,24,12,17,13,26,10,5,7,1,21,20,50,5,19,19,23,7,30,6,13,3,2,16
2026,98,1434,81,1179,76,A,0,27,54,9,22,18,27,12,30,11,11,3,2,17,30,69,7,27,9,14,14,20,8,6,4,3,22
2026,98,1257,118,1301,77,H,0,39,65,18,30,22,27,8,34,21,10,6,3,16,28,68,4,22,17,19,6,22,10,10,6,2,17
2026,98,1463,87,1224,81,A,0,27,59,8,24,25,34,17,26,10,15,8,3,18,29,61,10,22,13,19,10,18,15,11,6,3,24
2026,98,1322,70,1249,68,A,0,25,56,7,18,13,20,8,24,19,8,9,6,14,23,56,6,16,16,22,11,29,13,11,3,3,19
2026,98,1385,87,1462,82,H,0,28,66,3,13,28,41,13,35,17,10,6,3,15,34,76,5,17,9,17,10,30,11,9,5,3,30
2026,97,1234,76,1321,70,H,0,24,53,5,16,23,29,13,21,12,8,6,0,16,21,45,8,14,20,22,3,19,10,10,2,2,25
2026,97,1153,92,1416,72,H,0,33,56,11,18,15,21,7,30,18,11,3,2,13,27,66,6,23,12,15,11,20,11,8,5,2,16
2026,97,1268,67,1278,62,A,0,24,48,7,24,12,17,10,21,9,10,8,4,16,20,47,14,33,8,14,9,19,15,9,5,1,17
2026,97,1276,82,1326,61,A,0,33,71,10,23,6,7,16,27,20,8,2,6,17,20,55,7,22,14,16,9,22,12,12,4,4,13
2026,97,1403,70,1452,63,A,0,23,48,13,24,11,13,2,26,17,11,6,4,16,24,55,2,22,13,23,9,25,10,9,5,2,14
2026,97,1422,67,1202,64,A,0,22,53,10,19,13,19,8,24,11,9,7,3,18,23,53,5,19,13,17,9,27,13,11,7,4,18
2026,97,1378,80,1409,74,H,0,25,60,7,30,23,30,12,24,19,7,6,5,16,24,61,15,38,11,18,16,27,16,14,3,2,23
2026,97,1425,77,1336,75,A,0,29,60,6,19,13,18,12,22,15,15,10,7,17,30,58,6,18,9,15,9,22,12,17,12,3,16
2026,96,1218,72,1471,67,H,0,26,60,5,26,15,23,12,35,10,14,6,7,17,25,59,7,26,10,18,3,24,8,11,9,1,18
2026,96,1388,79,1362,54,H,0,32,67,9,20,6,8,12,35,24,5,4,5,14,16,57,7,30,15,16,6,23,12,6,2,4,13
2026,96,1222,77,1140,66,A,0,29,61,7,20,12,15,13,27,15,4,4,3,22,21,53,8,22,16,28,14,22,11,6,3,5,18
2026,96,1305,69,1201,59,H,0,22,57,6,24,19,25,13,30,14,7,7,3,17,19,53,9,29,12,16,5,26,9,8,1,0,19
2026,96,1417,77,1449,73,H,0,23,56,8,18,23,29,12,18,11,7,7,0,17,28,56,5,17,12,18,11,19,15,13,6,3,24
2026,96,1129,91,1307,90,A,0,25,54,15,35,26,27,9,22,15,11,3,4,18,32,62,11,24,15,21,11,20,19,5,5,1,19
2026,96,1364,84,1414,79,H,0,29,57,7,23,19,25,13,24,11,14,7,2,12,31,62,5,14,12,13,7,20,14,11,7,2,22
2026,96,1160,78,1113,70,H,0,31,61,6,22,10,14,13,27,15,10,4,4,18,23,57,8,23,16,18,8,18,13,9,6,3,17
2026,96,1431,91,1308,88,H,0,27,69,11,32,26,38,18,31,14,14,8,8,18,32,72,10,24,14,23,13,29,15,10,8,2,26
2026,96,1196,86,1401,67,A,0,31,68,6,23,18,23,17,34,16,10,5,7,19,22,72,9,34,14,19,18,24,14,9,7,3,20
2026,96,1246,74,1397,71,H,0,28,56,5,19,13,22,8,23,16,9,8,4,21,23,62,8,21,17,25,19,27,17,13,8,3,20
2026,96,1277,85,1228,82,H,0,29,67,7,24,20,23,15,33,18,8,3,4,19,26,71,10,36,20,24,15,23,13,4,5,5,21
2026,96,1155,77,1143,55,A,0,27,49,12,26,11,19,4,25,16,10,7,5,15,19,48,4,13,13,15,4,23,7,14,5,0,16
2026,96,1429,85,1461,83,A,0,29,45,6,12,21,29,3,25,14,11,3,2,15,29,64,11,28,14,16,10,17,17,7,9,2,17
2026,96,1390,95,1210,72,H,0,33,61,12,27,17,19,11,27,10,12,10,10,16,28,65,5,15,11,17,12,18,10,13,8,2,18
2026,96,1186,72,1286,71,A,0,28,58,7,14,9,11,10,26,6,11,1,2,18,24,58,9,25,14,20,7,17,9,5,8,2,11
2026,96,1465,65,1101,63,H,0,17,50,7,14,24,34,12,29,8,12,3,5,23,21,59,3,19,18,26,14,28,7,12,5,0,28
2026,96,1240,77,1244,58,H,0,25,54,10,26,17,24,10,31,12,10,8,5,14,19,60,7,34,13,19,13,23,8,11,2,3,16
2026,96,1330,78,1325,72,H,0,28,62,6,13,16,18,11,25,15,6,4,4,15,27,58,8,25,10,15,9,23,21,8,3,7,18
2026,96,1219,86,1347,77,H,0,25,61,5,25,31,37,13,27,14,14,12,3,24,25,60,9,33,18,28,13,24,15,19,8,3,28
2026,96,1168,82,1167,66,H,0,27,64,11,31,17,23,12,29,20,11,7,6,22,24,61,5,22,13,24,14,27,15,16,8,8,22
2026,96,1291,83,1233,76,A,0,25,50,11,28,22,30,11,25,15,11,4,2,21,25,59,9,33,17,24,12,17,14,4,5,2,23
2026,96,1314,71,1181,68,H,0,26,55,8,19,11,14,4,22,9,7,5,3,7,28,62,7,19,5,6,10,28,14,8,6,1,15
2026,96,1211,81,1333,61,A,0,32,56,3,10,14,16,10,20,20,2,4,3,15,19,43,10,18,13,18,5,16,11,9,1,2,17
2026,96,1407,79,1103,69,H,0,25,58,14,27,15,17,9,26,18,7,6,1,12,26,59,8,30,9,13,8,25,17,7,4,2,13
2026,96,1365,96,1450,92,A,0,37,66,9,22,13,16,11,17,14,10,9,2,17,33,61,13,25,13,15,12,21,18,13,8,3,15
2026,96,1166,69,1371,68,H,0,23,53,13,30,10,12,9,21,14,18,6,5,12,27,54,5,9,9,14,9,21,10,14,9,5,16
2026,96,1359,69,1273,49,H,0,24,50,6,19,15,20,4,35,7,10,5,4,16,16,59,4,17,13,17,10,26,7,9,4,1,16
2026,96,1372,84,1249,74,H,0,29,54,8,16,18,22,5,22,17,8,8,6,13,29,62,6,16,10,12,9,21,14,10,4,1,15
2026,96,1285,73,1225,68,H,0,25,52,11,25,12,20,5,33,17,15,9,3,15,25,66,11,34,7,12,11,25,11,12,10,1,20
2026,96,1208,83,1261,71,A,0,30,59,10,25,13,24,16,20,16,11,8,2,18,23,55,5,23,20,24,14,20,12,14,7,2,14
2026,96,1212,57,1106,47,H,0,17,48,10,31,13,18,6,34,8,12,5,6,14,18,66,6,26,5,10,18,27,8,11,7,4,18
2026,96,1159,78,1137,59,A,0,28,63,8,24,14,21,10,30,15,10,10,5,22,18,55,3,25,20,27,7,28,11,13,6,3,17
2026,96,1297,67,1454,62,H,0,20,49,10,28,17,23,8,24,12,11,7,2,15,24,53,7,19,7,11,7,23,12,11,7,0,19
2026,96,1413,67,1142,58,H,0,22,61,8,29,15,17,15,26,11,15,9,1,15,18,57,8,32,14,14,13,25,8,19,7,4,16
2026,96,1184,100,1391,88,H,0,34,63,10,29,22,26,11,23,21,7,7,5,18,29,60,13,27,17,20,11,19,14,11,5,4,17
2026,96,1313,75,1300,68,H,0,24,50,6,18,21,27,11,22,8,20,7,1,18,26,55,5,18,11,14,6,17,8,16,9,7,21
2026,96,1424,80,1213,78,H,0,27,63,8,24,18,19,13,28,15,12,5,6,27,22,57,8,24,26,35,12,24,11,11,6,3,19
2026,96,1112,84,1329,47,H,0,33,64,2,14,16,25,12,44,17,12,9,5,17,15,61,6,28,11,23,10,25,10,12,6,4,19
2026,96,1275,90,1267,74,A,0,33,59,8,18,16,21,12,28,15,13,7,2,15,28,70,8,29,10,17,18,17,13,11,9,1,18
2026,96,1206,60,1386,52,H,0,23,56,4,16,10,12,10,25,10,8,6,4,9,20,65,10,37,2,4,20,24,14,14,5,5,13
2026,96,1199,82,1323,79,A,0,25,65,15,37,17,22,9,28,15,5,5,4,24,27,64,10,31,15,24,14,33,13,12,3,5,19
2026,96,1392,69,1318,55,H,0,24,50,7,23,14,19,4,31,15,13,8,2,15,19,57,6,24,11,17,11,25,10,12,9,3,20
2026,96,1104,96,1120,92,A,0,32,59,12,23,20,23,7,23,17,14,5,7,19,33,71,9,28,17,22,14,21,12,5,9,4,20
2026,96,1474,91,1316,72,H,0,33,66,10,30,15,15,13,26,14,8,8,3,23,21,52,12,27,18,25,8,19,7,14,2,0,20
2026,96,1188,71,1114,61,A,0,25,55,8,21,13,15,5,34,14,11,3,5,13,23,71,8,21,7,10,16,25,6,7,3,5,14
2026,96,1328,92,1435,91,A,0,31,58,9,21,21,29,10,20,12,14,7,1,25,27,57,11,24,26,31,12,20,12,13,7,4,23
2026,96,1387,82,1247,58,H,0,27,53,13,30,15,21,4,30,19,11,6,5,14,21,64,3,17,13,18,15,24,13,14,8,1,19
2026,96,1379,66,1245,65,H,0,21,57,5,18,19,24,15,28,6,11,5,5,13,25,60,7,28,8,18,12,24,9,9,5,4,16
2026,96,1242,71,1428,59,H,0,28,56,3,18,12,16,7,29,18,10,4,10,15,22,55,5,18,10,16,7,25,10,12,8,5,15
2026,96,1235,72,1124,69,H,0,27,54,6,21,12,19,14,23,15,14,6,2,13,26,57,11,31,6,9,8,17,11,9,10,4,17
2026,96,1348,82,1350,77,H,0,21,47,6,17,34,42,11,24,12,11,9,4,17,26,57,12,29,13,15,7,20,15,12,7,1,28
2026,96,1182,88,1203,86,H,0,29,60,7,21,23,30,11,16,12,4,8,0,15,28,63,13,35,17,19,19,21,18,16,3,3,19
2026,96,1317,81,1427,58,A,0,29,66,4,18,19,23,21,24,19,13,14,1,15,22,53,2,15,12,18,9,19,9,18,9,6,17
2026,96,1395,84,1243,82,H,0,27,59,8,26,22,36,17,23,18,13,7,0,10,33,63,11,26,5,8,8,17,24,12,8,5,23
2026,96,1221,76,1250,67,H,0,26,54,5,12,19,23,6,29,12,5,6,2,12,29,58,3,20,6,10,4,25,18,7,4,2,17
2026,96,1457,79,1255,74,H,0,19,50,6,28,35,40,5,30,13,14,8,2,27,23,59,6,25,22,35,11,31,8,12,8,0,32
2026,96,1266,70,1139,55,H,0,25,54,14,31,6,10,4,26,16,12,12,2,19,20,61,6,21,9,15,17,26,11,16,9,2,14
2026,96,1374,86,1338,67,A,0,32,56,9,21,13,17,8,26,20,9,9,2,15,22,61,8,33,15,19,15,20,15,12,3,2,15
2026,96,1295,92,1303,84,H,0,31,62,10,25,20,22,10,23,14,5,5,3,9,30,57,15,31,9,12,7,21,15,11,2,6,19
2026,96,1453,76,1178,63,H,0,25,61,6,18,20,23,13,26,13,8,10,4,18,20,56,9,21,14,17,11,22,11,13,2,7,16
2026,96,1389,70,1373,65,H,0,22,48,4,15,22,36,11,26,7,14,9,2,20,23,54,3,17,16,21,6,18,12,10,9,4,24
2026,96,1335,61,1343,60,H,0,23,56,5,18,10,15,12,24,12,7,5,6,17,22,54,6,19,10,16,10,24,15,7,1,3,15
2026,96,1400,79,1279,68,H,0,27,51,5,16,20,23,9,26,12,10,5,1,16,24,58,7,24,13,17,9,18,11,7,9,4,20
2026,96,1345,68,1332,64,H,0,22,47,5,18,19,25,8,24,15,14,5,0,14,24,54,5,25,11,16,7,21,14,13,12,1,21
2026,96,1157,94,1269,91,H,0,35,82,16,34,8,16,16,35,13,10,4,4,22,35,83,10,26,11,23,22,36,11,12,3,1,20
2026,96,1131,78,1259,69,H,0,26,53,12,30,14,18,11,30,17,18,4,1,8,27,61,8,35,7,12,4,19,8,8,11,3,17
2026,96,1281,78,1376,59,A,0,25,54,7,19,21,30,16,28,16,14,6,6,18,17,55,3,22,22,27,11,17,8,8,7,2,21
2026,96,1174,89,1292,88,H,0,28,51,14,28,19,21,5,21,13,12,7,1,17,32,65,11,33,13,19,15,18,20,10,7,2,15
2026,96,1304,80,1353,68,A,0,30,64,9,27,11,12,8,25,19,6,10,2,15,27,56,7,22,7,12,8,26,14,15,3,4,15
2026,96,1438,72,1393,59,H,0,26,63,10,30,10,14,17,21,18,10,9,5,14,25,51,3,11,6,7,6,22,9,13,4,7,11
2026,96,1116,88,1280,68,A,0,36,69,8,22,8,12,11,27,22,7,5,9,13,28,61,3,15,9,14,9,24,15,11,3,7,10
2026,96,1257,88,1448,80,A,0,27,51,10,25,24,31,6,26,19,11,3,4,20,27,63,8,25,18,25,10,22,17,6,8,2,24
2026,96,1231,78,1458,77,H,0,30,63,5,22,13,15,11,26,13,8,1,9,15,27,71,12,36,11,12,14,23,16,7,5,3,19
2026,96,1437,80,1207,73,A,0,28,57,10,29,14,28,12,25,18,9,8,0,17,24,60,7,25,18,23,14,26,11,14,5,1,24
2026,96,1301,82,1439,73,H,0,28,54,9,21,17,24,5,25,14,11,10,4,15,27,63,7,25,12,15,12,23,14,15,5,1,19
2026,95,1385,81,1163,72,H,0,27,54,5,19,22,31,9,23,16,10,9,3,15,29,53,9,19,5,12,6,20,14,15,6,6,23
2026,95,1320,61,1133,49,H,0,23,52,4,16,11,15,9,24,14,9,8,2,12,14,42,9,23,12,13,4,22,9,16,4,5,15
2026,95,1433,99,1173,73,H,0,30,64,8,24,31,38,11,33,15,12,11,7,24,24,65,7,19,18,30,13,28,9,16,6,3,28
2026,95,1172,84,1260,64,H,0,32,57,12,26,8,10,7,19,16,9,8,3,18,23,47,6,16,12,21,10,18,11,15,3,4,15
2026,94,1414,78,1167,62,H,0,29,70,2,15,18,31,19,26,17,7,11,9,15,22,62,3,11,15,16,15,29,12,19,3,7,26
2026,94,1471,77,1253,74,H,0,24,55,8,21,21,29,12,30,14,18,7,3,15,25,54,7,19,17,20,1,25,14,12,11,2,22
2026,94,1272,90,1412,80,A,0,33,63,8,20,16,21,9,30,15,16,8,1,23,25,66,9,37,21,35,16,23,15,13,11,3,16
2026,94,1413,85,1364,75,H,0,26,50,10,18,23,26,7,19,18,10,7,4,20,27,55,5,16,16,21,14,18,13,13,5,1,18
2026,94,1294,88,1451,74,A,0,35,59,11,24,7,10,6,28,20,9,3,7,18,26,63,2,17,20,24,12,19,8,6,6,0,12
2026,94,1286,73,1225,66,H,0,22,51,3,11,26,30,4,26,7,9,10,7,15,27,64,4,19,8,9,7,26,7,14,4,1,19
2026,94,1186,82,1285,74,A,0,29,56,9,22,15,24,10,22,17,13,9,4,15,27,54,7,20,13,17,8,24,15,17,9,1,21
2026,94,1240,71,1443,66,A,0,17,45,1,9,36,50,13,32,6,16,4,3,18,19,62,7,30,21,24,12,22,9,10,8,2,31
2026,94,1326,82,1268,62,A,0,28,49,8,17,18,30,9,18,17,8,5,3,16,23,50,8,26,8,15,11,17,11,16,3,4,24
2026,94,1369,82,1287,70,H,0,29,57,9,20,15,22,11,19,11,15,7,6,15,27,54,5,14,11,14,6,19,10,14,6,3,22
2026,94,1315,76,1303,73,H,0,23,60,5,26,25,38,13,26,9,3,3,4,18,25,60,9,27,14,22,14,30,10,12,1,2,26
2026,94,1452,59,1153,54,A,0,21,48,6,21,11,21,10,23,13,12,5,0,15,20,55,7,23,7,9,11,23,11,12,4,5,17
2026,94,1373,79,1233,72,H,0,32,61,5,20,10,11,11,24,16,12,10,3,10,28,61,14,31,2,4,10,17,16,12,8,3,14
2026,94,1389,80,1264,75,A,0,29,67,7,23,15,18,18,19,22,4,5,5,22,24,55,6,22,21,26,16,23,16,12,1,3,17
2026,94,1220,80,1318,63,H,0,30,63,8,23,12,15,14,27,18,10,5,6,16,23,51,8,22,9,14,3,21,16,12,5,2,15
2026,94,1158,78,1299,62,H,0,31,59,6,21,10,14,7,24,13,14,11,4,16,20,54,7,23,15,18,11,24,9,18,7,4,12
2026,94,1151,79,1273,75,H,0,25,46,10,22,19,25,3,22,16,17,4,3,29,18,58,6,24,33,43,16,18,9,10,8,1,19
2026,94,1184,76,1195,74,H,0,23,57,10,33,20,25,12,24,16,13,12,3,15,27,59,10,29,10,13,10,24,19,15,7,3,16
2026,94,1276,110,1336,69,H,0,40,66,15,29,15,17,11,33,31,9,3,8,20,23,62,2,20,21,26,9,12,7,5,6,3,14
2026,94,1107,65,1136,63,A,0,27,56,8,20,3,5,8,18,15,10,12,8,11,24,48,11,24,4,5,7,23,17,17,4,4,14
2026,93,1429,86,1307,66,A,0,30,60,11,31,15,22,10,27,18,12,9,2,23,21,51,3,13,21,30,7,21,7,15,6,1,18
2026,93,1333,74,1450,64,H,0,25,64,4,17,20,27,13,31,13,5,4,1,17,17,53,10,31,20,26,8,28,10,9,1,5,22
2026,93,1234,84,1449,74,A,0,31,52,9,19,13,21,4,15,10,4,6,0,11,29,51,7,16,9,11,8,20,14,12,1,5,17
2026,93,1155,66,1390,64,A,0,21,46,7,17,17,22,6,28,8,12,3,1,14,24,60,9,28,7,9,10,20,12,7,10,3,20
2026,93,1365,71,1334,56,A,0,26,59,8,30,11,19,11,22,13,7,11,1,17,21,49,3,11,11,17,10,29,11,17,4,1,16
2026,93,1228,84,1321,44,H,0,28,58,17,38,11,14,11,39,20,11,1,3,9,19,65,4,25,2,4,6,17,10,1,7,1,11
2026,93,1329,99,1140,92,H,0,35,64,7,21,22,34,10,24,18,8,10,2,18,33,66,13,30,13,17,12,22,12,16,5,4,24
2026,93,1113,71,1428,63,A,0,22,57,5,20,22,25,12,24,11,6,6,4,13,23,59,9,27,8,13,14,23,15,14,5,5,17
2026,93,1246,94,1328,78,H,0,30,60,12,26,22,27,14,27,21,6,3,4,17,25,57,11,32,17,19,6,19,14,6,3,2,15
2026,93,1122,87,1252,76,H,0,34,57,9,15,10,15,2,25,16,11,10,2,12,30,61,7,24,9,10,7,23,13,12,7,2,14
2026,93,1124,86,1160,67,H,0,28,53,10,24,20,25,6,26,17,9,4,4,19,22,55,7,17,16,23,8,18,11,10,6,0,18
2026,93,1143,90,1210,85,H,0,25,54,12,23,28,39,8,32,13,14,2,3,17,34,71,10,29,7,14,10,28,20,8,5,4,27
2026,93,1178,76,1454,63,A,0,29,54,5,12,13,16,8,25,14,11,9,2,15,24,55,4,20,11,15,9,18,11,10,7,2,18
2026,93,1115,67,1212,64,A,0,23,53,6,18,15,21,9,26,16,13,7,1,15,25,64,3,25,11,15,15,25,7,12,5,1,14
2026,93,1207,76,1166,68,H,0,22,63,8,21,24,33,17,29,13,12,10,2,16,27,63,8,33,6,10,10,28,11,16,8,2,19
2026,93,1358,70,1431,66,H,0,21,61,7,23,21,27,16,34,14,12,4,1,13,26,65,4,22,10,14,8,29,7,6,4,3,19
2026,93,1222,79,1416,55,H,0,35,64,3,19,6,8,12,28,18,5,7,2,19,16,52,6,21,17,20,10,19,10,11,2,1,13
2026,93,1278,76,1277,73,H,0,22,46,10,21,22,31,3,20,17,6,4,1,14,26,58,9,24,12,17,13,26,22,9,5,1,21
2026,93,1257,76,1323,65,H,0,28,65,7,31,13,18,16,30,19,12,6,4,16,24,62,11,27,6,14,12,23,14,12,9,3,17
2026,93,1137,60,1110,59,A,0,19,44,7,20,15,17,6,25,10,14,6,1,17,20,58,12,36,7,11,16,21,16,11,6,1,17
2026,93,1386,76,1203,73,H,0,28,57,9,26,11,13,8,22,16,15,6,4,10,24,67,15,45,10,14,18,20,14,14,6,1,15
2026,93,1182,71,1206,65,A,0,24,54,7,21,16,21,10,21,8,9,13,2,17,25,51,7,18,8,15,9,21,13,17,2,3,17
2026,93,1378,109,1427,88,H,0,41,74,11,31,16,23,18,21,25,5,8,1,17,32,57,12,21,12,18,9,20,11,13,2,4,18
2026,93,1409,78,1194,76,A,0,28,62,8,26,14,19,7,26,13,8,6,1,13,30,69,7,30,9,15,14,30,8,10,6,2,18
2026,93,1457,80,1347,78,A,0,29,60,8,27,14,21,9,26,18,11,9,1,17,28,66,9,30,13,17,15,26,12,12,7,0,18
2026,93,1255,86,1205,66,A,0,34,58,6,15,12,20,7,24,13,11,11,0,19,24,51,6,20,12,20,8,21,8,18,7,1,20
2026,93,1344,97,1139,87,H,0,31,66,9,28,26,39,16,30,11,10,6,1,22,29,65,6,21,23,34,12,24,10,10,7,3,28
2026,93,1259,89,1250,84,H,0,32,74,10,29,15,18,14,32,15,11,11,5,17,31,68,11,33,11,21,10,29,23,13,7,4,13
2026,93,1156,91,1324,78,H,0,30,68,17,40,14,18,16,23,22,11,9,5,17,28,58,5,21,17,21,10,23,13,13,7,8,17
2026,93,1352,72,1460,66,H,0,28,58,9,20,7,12,6,31,18,11,3,9,15,23,65,5,20,15,22,17,27,13,10,7,3,13
2026,93,1453,87,1297,84,A,0,31,62,9,23,16,22,13,28,12,17,5,1,21,29,65,12,36,14,22,9,20,16,8,12,7,17
2026,93,1190,75,1202,71,H,0,26,60,7,17,16,22,8,21,12,9,13,1,16,29,55,7,26,6,10,7,29,15,21,1,3,19
2026,93,1267,81,1379,77,H,0,29,54,8,23,15,22,9,21,19,11,4,3,22,23,56,10,27,21,30,18,22,13,14,9,2,25
2026,93,1418,64,1241,61,A,0,23,59,10,25,8,9,14,20,11,8,4,1,19,23,48,7,20,8,19,11,23,13,10,4,3,12
2026,93,1407,74,1209,63,A,0,29,66,8,28,8,12,16,27,20,8,6,2,15,22,56,6,18,13,19,10,24,14,9,3,4,15
2026,93,1104,100,1401,97,H,0,31,69,16,48,22,32,13,31,19,6,6,4,19,32,65,13,31,20,28,5,31,22,6,6,2,26
2026,93,1251,75,1174,69,A,0,23,45,11,27,18,20,2,23,21,9,3,1,15,26,51,9,24,8,9,2,21,13,10,5,2,18
2026,93,1437,72,1371,60,H,0,23,51,9,29,17,22,13,24,15,15,7,0,13,24,56,2,17,10,11,8,19,9,10,8,0,18
2026,92,1201,98,1424,96,H,0,29,49,8,15,32,44,6,17,11,15,6,0,28,31,56,9,23,25,36,12,21,13,19,8,3,35
2026,92,1361,72,1461,63,H,0,23,51,3,18,23,36,11,24,15,10,6,4,21,17,53,9,32,20,26,12,17,14,14,6,1,25
2026,92,1425,81,1231,75,H,0,25,54,6,17,25,31,11,29,14,15,5,8,17,26,63,10,35,13,16,8,17,21,10,8,4,24
2026,92,1417,98,1353,66,H,0,35,63,12,21,16,18,10,25,25,2,3,2,16,24,55,7,22,11,20,11,19,13,9,2,4,15
2026,92,1438,67,1338,47,H,0,26,59,11,31,4,9,13,25,18,10,12,6,11,17,46,6,19,7,12,8,23,12,17,5,5,14
2026,92,1387,91,1172,82,A,0,30,59,12,27,19,26,12,29,16,10,6,2,21,28,63,10,29,16,21,10,20,14,7,6,5,19
2026,92,1125,103,1179,90,H,0,39,66,17,35,8,15,8,18,25,5,3,1,18,32,60,14,28,12,16,10,25,19,12,1,1,18
2026,92,1129,91,1305,87,H,0,28,54,8,25,27,35,8,27,12,11,3,5,17,32,65,10,24,13,19,7,18,13,8,5,1,25
2026,92,1301,84,1374,83,A,0,28,61,16,36,12,20,8,26,19,7,6,3,13,32,67,12,22,7,12,12,27,17,10,2,4,14
2026,92,1133,72,1434,65,H,0,27,56,7,21,11,16,8,25,9,11,6,0,13,27,57,7,18,4,10,10,22,9,12,7,2,16
2026,92,1260,71,1247,61,H,0,23,52,10,30,15,25,8,28,15,13,4,6,16,21,52,6,18,13,19,6,23,13,12,5,0,20
2026,92,1163,92,1462,60,H,0,34,60,10,27,14,18,12,29,26,13,5,3,19,18,49,6,17,18,28,8,16,6,13,6,2,17
2026,92,1397,84,1279,66,H,0,26,58,9,24,23,34,17,23,17,8,7,1,18,22,52,9,25,13,21,7,16,7,9,6,4,27
2026,92,1173,72,1382,70,H,0,19,46,6,19,28,33,8,19,11,10,8,3,14,26,54,4,19,14,17,11,22,8,13,5,3,21
2026,92,1325,91,1444,71,H,0,30,58,13,32,18,22,9,30,18,9,2,3,20,27,60,7,15,10,25,8,21,8,6,4,1,19
2026,92,1400,84,1376,75,H,0,24,56,7,19,29,36,17,23,11,11,5,1,19,27,54,2,11,19,24,6,19,9,10,6,3,24
2026,92,1275,73,1138,71,A,0,32,58,6,22,3,6,5,23,16,13,12,3,14,24,57,9,28,14,18,13,23,15,15,7,2,12
2026,91,1242,64,1403,61,A,0,24,53,6,20,10,13,5,33,10,15,4,5,10,23,72,12,40,3,5,14,26,13,9,13,1,14
2026,91,1372,67,1270,60,H,0,21,57,9,25,16,20,11,21,9,12,9,4,17,21,61,6,27,12,16,12,19,11,16,10,6,16
2026,91,1314,87,1393,77,H,0,27,56,8,18,25,35,12,29,16,11,3,1,19,29,65,6,18,13,19,11,20,7,10,6,8,24
2026,91,1131,72,1221,64,A,0,25,46,10,18,12,22,5,27,12,7,0,4,12,25,60,8,21,6,8,9,23,9,3,5,2,21
2026,90,1234,84,1332,66,A,0,33,56,10,22,8,10,7,19,18,5,8,2,15,23,56,6,25,14,16,13,18,11,9,2,2,11
2026,90,1190,86,1459,72,A,0,27,56,6,15,26,28,11,24,12,6,8,4,15,26,54,7,19,13,16,6,18,11,10,0,2,19
2026,90,1228,78,1304,69,A,0,24,54,9,30,21,26,11,29,15,8,3,6,10,25,59,15,35,4,5,6,21,17,8,5,2,19
2026,90,1156,90,1454,88,A,0,28,56,14,36,20,26,10,20,16,11,7,2,22,28,58,11,29,21,27,11,21,16,10,4,3,20
2026,90,1324,76,1297,65,H,0,27,64,5,18,17,24,13,36,18,14,6,7,12,24,73,9,40,8,13,14,26,15,11,8,6,22
2026,90,1235,95,1243,61,A,0,33,60,14,27,15,20,10,29,28,12,8,1,10,25,62,7,23,4,6,8,16,13,14,9,4,19
2026,90,1409,93,1455,83,H,0,33,55,8,20,19,27,8,30,13,11,5,4,21,28,64,7,18,20,32,13,16,11,8,8,1,21
2026,90,1160,87,1395,61,H,0,35,63,11,23,6,13,11,30,24,8,5,3,16,21,63,5,23,14,17,15,21,8,10,2,3,18
2026,90,1336,77,1278,75,H,0,31,62,7,18,8,9,12,17,13,10,8,3,18,27,51,7,27,14,17,8,20,17,12,7,7,13
2026,90,1460,83,1453,75,A,0,25,53,8,23,25,28,9,19,11,5,7,4,21,23,50,7,16,22,26,8,18,13,10,4,2,20
2026,90,1291,72,1264,65,H,0,25,61,9,24,13,14,14,28,17,13,6,2,12,23,60,8,32,11,13,10,22,11,8,10,1,15
2026,90,1345,93,1268,63,A,0,29,55,15,30,20,25,11,26,18,8,3,2,16,19,49,6,17,19,25,8,18,5,12,5,1,19
2026,90,1196,100,1104,77,H,0,40,78,3,13,17,26,15,29,24,2,13,5,16,27,62,14,34,9,13,9,24,16,18,1,5,21
2026,90,1202,75,1151,70,H,0,25,50,9,20,16,21,7,23,18,12,5,3,16,25,61,8,29,12,16,13,20,9,11,7,5,21
2026,90,1182,76,1348,61,H,0,22,50,12,27,20,22,10,28,15,15,7,2,19,21,54,10,26,9,18,10,18,13,13,6,4,21
2026,89,1211,73,1388,65,H,0,27,58,6,17,13,21,11,28,18,10,6,5,18,18,53,6,21,23,25,7,27,7,11,6,1,19
2026,89,1362,87,1334,82,H,0,30,61,8,22,19,26,12,20,15,7,8,3,12,30,59,8,17,14,15,9,24,20,10,4,1,22
2026,89,1461,68,1161,57,H,0,19,43,12,25,18,24,7,25,12,10,6,5,15,23,58,4,23,7,10,12,19,13,9,5,1,20
2026,89,1364,83,1168,69,H,0,29,60,11,33,14,17,11,29,21,16,13,2,19,24,55,9,23,12,18,5,21,7,15,10,2,18
2026,89,1431,70,1174,55,H,0,22,57,6,16,20,25,13,22,13,6,12,1,16,13,49,2,23,27,29,14,24,7,14,5,0,16
2026,89,1397,77,1120,69,H,0,24,54,4,13,25,31,17,29,17,15,7,2,19,24,63,7,31,14,20,12,18,13,10,9,1,23
2026,89,1396,79,1378,78,H,0,28,63,9,29,14,17,13,19,19,12,5,1,23,22,48,7,23,27,31,8,24,16,18,7,1,18
2026,89,1163,85,1166,58,A,0,33,61,16,31,3,7,13,24,16,8,5,2,21,18,44,5,21,17,24,6,18,10,10,4,2,13
2026,89,1125,103,1293,86,H,0,37,66,12,24,17,25,15,18,25,8,7,4,21,29,61,6,23,22,26,16,17,11,13,5,4,20
2026,89,1412,72,1317,68,A,0,28,55,5,17,11,18,8,27,8,12,5,4,14,24,58,3,17,17,23,9,22,12,6,9,4,14
2026,89,1449,76,1321,62,A,0,30,65,10,22,6,8,16,29,15,11,7,7,17,22,57,5,19,13,18,10,21,11,11,4,6,12
2026,89,1425,78,1353,75,H,0,26,51,4,12,22,30,12,28,16,17,6,4,13,29,74,8,24,9,12,17,16,14,8,7,4,21
2026,89,1217,67,1463,65,A,0,22,47,8,17,15,18,6,24,13,8,3,5,13,24,56,8,20,9,11,9,20,14,6,4,2,12
2026,89,1420,68,1107,65,A,0,20,45,6,17,22,27,5,22,9,9,8,1,10,26,60,9,27,4,8,12,22,15,13,8,3,19
2026,89,1270,64,1249,63,A,0,20,54,7,17,17,19,12,21,11,7,6,8,12,23,61,8,21,9,12,20,23,16,10,3,3,12
2026,89,1246,85,1116,77,A,0,30,56,6,13,19,30,10,25,11,7,2,6,22,29,59,3,14,16,26,9,17,10,4,2,3,24
2026,89,1206,77,1382,73,A,0,31,56,5,21,10,15,8,21,14,16,6,2,22,27,49,5,11,14,25,5,17,17,14,12,3,18
2026,89,1329,81,1428,69,A,0,32,66,8,19,9,13,13,30,16,8,4,1,18,24,59,5,20,16,24,10,24,11,8,5,6,15
2026,89,1199,88,1390,80,H,0,29,53,7,23,23,29,6,25,18,9,7,2,12,31,67,12,34,6,9,14,19,12,11,5,4,21
2026,89,1435,71,1279,68,H,0,24,55,8,32,15,21,12,21,13,11,7,1,21,22,52,4,15,20,25,11,22,6,11,6,1,20
2026,89,1133,87,1179,73,A,0,30,63,17,26,10,14,14,24,17,9,6,0,22,23,58,6,25,21,26,13,21,10,8,2,6,13
2026,89,1393,86,1323,72,H,0,32,56,10,25,12,21,6,28,21,6,7,4,18,26,53,6,22,14,20,4,24,11,10,3,0,16
2026,89,1335,91,1165,81,A,0,30,54,9,19,22,30,9,27,20,14,9,5,16,28,62,14,33,11,19,9,17,20,9,10,3,26
2026,89,1341,85,1411,78,H,0,28,65,9,27,20,25,9,20,12,7,7,5,17,27,59,7,18,17,27,13,31,3,13,6,4,19
2026,89,1231,98,1417,97,A,0,28,66,11,34,31,38,8,32,22,11,3,4,27,30,76,7,22,30,34,12,34,19,10,6,4,27
2026,89,1413,80,1167,72,A,0,24,54,7,22,25,31,10,21,11,10,9,2,18,26,54,6,16,14,20,8,22,13,15,7,2,24
2026,89,1244,76,1308,53,H,0,22,52,7,24,25,36,10,28,13,8,7,5,23,12,48,2,16,27,35,10,20,6,12,7,3,25
2026,89,1242,90,1140,82,H,0,32,56,11,22,15,24,4,28,17,6,5,3,15,30,66,11,32,11,17,12,25,13,7,3,4,18
2026,89,1172,79,1350,54,A,0,32,60,13,25,2,4,14,22,18,9,7,0,17,18,50,7,27,11,16,9,14,9,10,5,4,9
2026,89,1111,66,1407,44,A,0,23,53,13,37,7,8,9,29,14,12,8,0,8,18,55,4,27,4,4,8,21,9,9,8,1,11
2026,89,1224,88,1313,60,H,0,27,50,9,19,25,29,13,29,19,19,5,3,20,19,55,6,16,16,22,9,9,9,14,8,6,21
2026,89,1124,63,1452,53,A,0,25,55,9,22,4,5,10,23,12,14,6,3,13,18,50,5,19,12,18,12,20,10,13,6,3,12
2026,89,1115,78,1290,70,A,0,24,53,6,15,24,34,9,24,14,11,5,2,20,23,48,2,10,22,28,5,26,14,15,4,4,25
2026,89,1143,86,1274,85,A,0,26,53,10,23,24,32,7,21,16,7,4,3,24,29,51,4,12,23,33,7,25,14,7,3,4,20
2026,89,1218,89,1253,82,A,0,29,50,8,14,23,29,5,24,14,13,4,3,19,30,68,6,20,16,20,16,20,9,11,6,0,25
2026,89,1294,74,1186,71,H,0,28,70,9,35,9,11,13,22,16,4,6,5,15,27,58,8,18,9,10,6,29,9,12,0,0,14
2026,89,1443,65,1292,60,A,0,24,64,9,28,8,10,10,27,14,8,7,3,18,20,50,4,19,16,29,10,32,12,12,4,1,13
2026,89,1281,84,1280,79,H,0,25,58,9,26,25,33,12,24,15,10,4,7,16,28,65,11,28,12,18,13,25,9,14,6,3,21
2026,89,1219,71,1255,59,A,0,24,50,6,21,17,21,5,21,9,8,13,1,16,22,53,8,24,7,9,12,24,11,18,2,3,18
2026,89,1355,95,1331,72,H,0,38,67,12,21,7,12,10,35,20,10,7,4,19,21,63,11,36,19,27,11,23,12,9,5,5,17
2026,89,1379,73,1241,65,H,0,21,46,3,10,28,34,7,27,9,11,6,6,18,23,53,4,20,15,26,9,21,6,11,7,2,22
2026,89,1386,67,1247,58,A,0,22,52,14,32,9,12,8,31,18,15,4,6,11,26,67,3,19,3,8,13,24,16,8,9,2,14
2026,89,1112,87,1113,74,A,0,32,63,4,11,19,26,16,31,17,14,8,5,19,27,65,8,24,12,20,12,20,14,12,10,6,17
2026,89,1314,91,1210,75,A,0,36,79,8,31,11,12,14,25,21,2,10,5,11,27,60,7,13,14,17,9,29,16,12,1,4,10
2026,89,1257,88,1374,74,H,0,31,63,10,35,16,23,9,26,20,11,9,3,14,30,62,8,25,6,9,9,25,7,16,8,2,20
2026,89,1250,77,1159,76,H,0,27,53,13,25,10,13,5,19,13,18,6,2,16,28,57,3,15,17,20,10,23,7,14,10,3,19
2026,89,1248,67,1110,65,A,0,24,56,8,27,11,19,12,24,14,11,7,4,17,24,58,6,27,11,15,13,22,13,11,8,4,21
2026,89,1458,92,1326,82,H,0,32,62,9,26,19,21,7,28,16,5,3,4,15,28,69,10,29,16,18,14,23,9,7,2,1,20
2026,89,1137,103,1131,97,H,0,32,62,11,22,28,33,9,28,18,8,6,2,23,31,68,11,31,24,29,12,23,17,7,6,4,22
2026,89,1325,95,1138,83,A,0,35,66,5,19,20,26,13,21,19,6,7,0,20,29,52,6,14,19,27,6,24,15,13,3,2,23
2026,89,1158,89,1318,84,A,0,33,62,3,15,20,26,9,26,19,5,3,5,10,36,73,10,27,2,5,13,24,21,5,3,1,20
2026,89,1180,61,1299,60,H,0,26,61,9,23,0,2,10,26,15,11,3,2,15,21,53,5,21,13,15,5,26,9,10,8,3,10
2026,89,1400,79,1328,69,A,0,30,50,8,21,11,15,5,27,16,14,7,3,11,25,61,9,28,10,16,10,18,11,9,8,0,17
2026,89,1252,100,1316,94,A,0,40,66,10,23,10,13,5,22,21,6,10,0,11,31,65,17,39,15,16,13,23,19,13,2,0,13
2026,89,1434,76,1232,72,A,0,28,64,3,14,17,26,16,28,10,9,8,5,18,27,59,6,25,12,21,8,25,13,12,3,5,21
2026,89,1429,71,1361,66,H,0,26,64,6,26,13,23,15,31,15,18,9,3,16,23,57,6,24,14,18,6,25,11,13,10,4,21
2026,89,1447,75,1192,72,H,0,24,59,8,22,19,23,11,27,12,9,5,3,14,29,60,10,23,4,11,7,26,16,11,4,0,15
2026,89,1261,92,1376,87,A,0,31,60,9,22,21,25,9,26,23,11,4,4,20,28,69,9,24,22,31,14,20,13,6,9,1,18
2026,89,1401,92,1208,77,A,0,30,67,13,34,19,20,14,32,17,14,7,3,13,31,78,7,28,8,10,16,23,14,10,9,5,18
2026,89,1181,72,1439,58,A,0,31,59,5,21,5,7,12,21,15,8,7,2,13,23,55,7,26,5,6,11,15,11,10,6,2,12
2026,89,1222,76,1153,54,H,0,26,58,9,26,15,18,12,18,14,4,9,4,16,18,47,10,23,8,13,12,23,11,19,2,1,14
2026,89,1416,88,1403,80,H,0,32,65,6,13,18,22,13,22,19,6,6,1,11,31,55,11,29,7,12,4,19,19,13,3,3,15
2026,89,1155,63,1338,52,H,0,19,41,8,21,17,20,5,20,12,11,8,2,16,20,53,5,26,7,11,16,17,9,14,6,4,20
2026,89,1457,84,1421,71,H,0,23,51,13,31,25,28,11,24,13,12,4,3,18,23,54,5,20,20,24,9,18,8,8,4,6,23
2026,89,1371,69,1266,64,H,0,29,57,4,10,7,9,12,20,14,14,10,8,12,24,51,11,19,5,9,10,15,15,16,9,6,11
2026,89,1207,77,1139,64,A,0,28,51,10,20,11,14,4,22,18,10,4,3,18,21,63,6,21,16,18,13,18,15,7,5,0,13
2026,89,1301,96,1448,78,A,0,33,61,16,28,14,18,7,23,19,8,6,1,17,25,53,7,20,21,24,5,22,8,9,5,3,14
2026,88,1305,89,1424,76,H,0,29,50,8,14,23,31,5,25,20,7,5,3,10,28,61,11,26,9,11,9,21,13,10,5,3,23
2026,88,1433,89,1260,75,H,0,27,59,11,29,24,29,11,21,17,7,10,1,15,28,60,8,23,11,16,13,23,11,13,2,1,22
2026,88,1213,86,1129,69,H,0,29,49,9,15,19,23,2,24,15,9,6,5,20,21,53,8,23,19,25,10,18,15,11,4,0,22
2026,88,1276,83,1277,71,A,0,26,59,8,21,23,26,11,25,14,13,2,7,21,22,60,4,23,23,27,15,21,14,14,7,5,23
2026,88,1387,102,1173,71,H,0,35,56,17,28,15,23,6,24,23,13,10,0,14,25,55,7,20,14,16,6,17,14,15,6,2,15
2026,88,1460,76,1454,69,A,0,28,61,7,26,13,23,11,30,13,14,7,4,12,29,69,5,25,6,12,14,26,12,10,9,6,23
2026,88,1389,66,1291,58,H,0,21,59,10,28,14,19,15,18,17,9,8,0,17,20,49,6,23,12,19,13,25,9,16,3,4,17
2026,88,1437,87,1344,73,H,0,30,59,13,29,14,22,5,21,18,5,9,4,14,28,58,8,23,9,14,11,29,9,14,1,2,19
2026,88,1156,89,1453,82,A,0,26,51,16,29,21,26,9,23,20,11,5,6,18,26,59,13,27,17,20,11,15,15,8,5,3,20
2026,88,1178,90,1297,77,H,0,30,54,12,20,18,28,11,30,17,15,3,3,24,25,63,10,37,17,27,14,18,12,8,8,4,25
2026,88,1165,87,1343,64,H,0,35,55,11,28,6,9,8,22,23,12,7,5,14,24,60,7,24,9,12,16,14,12,10,5,1,14
2026,88,1103,69,1245,52,H,0,25,60,11,34,8,12,10,29,17,13,2,4,19,19,67,1,23,13,21,24,28,6,15,9,2,15
2026,87,1414,87,1218,76,H,0,33,70,2,11,19,29,14,38,16,16,8,8,17,23,69,13,32,17,19,9,28,16,15,6,3,21
2026,87,1364,62,1471,48,A,0,19,51,10,26,14,20,7,26,13,12,9,3,13,18,50,5,16,7,12,9,27,7,19,6,1,16
2026,87,1142,104,1167,79,A,0,36,65,12,31,20,20,14,24,24,19,10,4,15,31,66,10,24,7,14,14,15,14,17,8,5,17
2026,87,1228,75,1449,66,H,0,27,63,11,33,10,16,14,20,13,5,4,2,12,26,58,6,23,8,8,11,23,13,10,3,5,18
2026,87,1294,91,1225,83,H,0,30,57,8,17,23,33,6,33,16,11,2,6,23,24,64,11,32,24,28,9,26,9,6,1,2,24
2026,87,1398,70,1114,63,H,0,25,52,6,18,14,23,9,29,17,14,7,2,12,24,67,7,26,8,9,14,24,10,13,9,3,16
2026,87,1272,92,1194,65,H,0,34,67,7,17,17,19,12,23,13,13,14,4,25,16,52,6,22,27,39,16,21,9,24,6,6,15
2026,87,1321,94,1336,73,H,0,38,63,12,22,6,9,9,25,30,9,5,3,16,25,51,6,18,17,20,3,18,19,11,5,1,14
2026,87,1418,82,1209,72,H,0,28,56,9,18,17,21,12,25,15,11,4,4,23,17,55,5,22,33,35,13,17,5,6,7,1,17
2026,87,1111,70,1379,63,A,0,20,51,8,17,22,29,8,27,8,9,5,5,22,21,58,3,17,18,26,15,27,8,12,1,2,22
2026,87,1287,67,1188,65,H,0,23,53,4,12,17,24,9,27,12,8,8,3,16,24,58,11,26,6,10,8,26,18,11,5,6,19
2026,87,1235,97,1160,67,H,0,35,57,10,21,17,24,9,29,19,9,6,0,18,23,54,7,24,14,19,5,17,13,10,6,1,20
2026,87,1436,64,1420,55,H,0,20,49,11,30,13,22,5,32,13,9,1,4,18,17,52,6,26,15,21,5,28,7,7,4,2,19
2026,87,1180,58,1214,51,H,0,20,48,2,10,16,22,9,26,9,12,7,4,17,19,59,3,16,10,12,15,23,10,13,6,2,18
2026,87,1158,66,1220,64,A,0,25,66,3,18,13,22,17,32,11,9,3,10,15,26,78,10,32,2,5,22,28,16,10,6,5,19
2026,87,1273,95,1422,77,H,0,32,68,16,40,15,21,14,32,16,9,3,5,14,27,70,10,34,13,18,15,25,15,9,6,0,18
2026,87,1241,73,1407,64,A,0,26,54,8,19,13,20,10,35,9,13,2,3,14,22,61,8,29,12,18,10,23,16,6,9,7,17
2026,87,1391,84,1316,77,A,0,30,66,11,27,13,20,13,23,21,6,4,2,17,27,60,9,28,14,17,9,25,18,11,2,1,20
2026,87,1251,81,1292,65,A,0,32,52,10,21,7,10,0,23,13,5,6,2,15,23,54,9,27,10,16,12,21,11,11,3,4,14
2026,87,1421,69,1205,50,H,0,23,53,10,24,13,21,13,25,16,9,7,6,10,20,52,6,22,4,7,8,22,8,13,5,3,17
2026,87,1459,81,1151,55,A,0,30,70,8,28,13,20,18,31,19,6,6,2,17,19,56,6,29,11,19,10,26,11,10,4,4,16
2026,87,1202,78,1359,73,H,0,28,48,7,20,15,20,7,28,14,14,0,5,18,27,66,7,25,12,22,16,17,12,4,6,1,20
2026,86,1365,88,1362,73,H,0,33,65,12,26,10,13,9,22,17,7,12,0,20,26,56,6,19,15,23,12,24,15,14,4,1,14
2026,86,1417,73,1332,57,A,0,23,58,7,18,20,23,12,28,10,4,4,4,13,21,59,9,32,6,9,11,25,9,10,2,2,17
2026,86,1361,73,1161,50,H,0,27,50,6,13,13,17,9,23,10,12,10,2,16,16,48,8,30,10,14,11,13,11,17,5,1,13
2026,86,1222,79,1395,70,A,0,24,54,9,23,22,24,6,25,12,11,6,2,22,25,53,4,15,16,25,7,23,15,12,6,1,22
2026,86,1196,95,1376,48,A,0,38,61,9,21,10,14,8,37,28,11,4,8,14,15,58,3,20,15,17,7,17,4,10,6,1,12
2026,86,1429,94,1461,62,H,0,33,60,13,34,15,21,9,27,28,5,6,5,17,21,60,8,32,12,18,16,20,8,13,3,2,16
2026,86,1458,67,1278,63,H,0,19,48,13,31,16,22,5,24,11,13,4,2,12,23,50,11,27,6,11,5,25,12,11,8,1,19
2026,86,1274,79,1390,70,H,0,27,57,6,15,19,31,15,24,15,9,8,5,13,27,62,11,24,5,10,13,17,16,14,6,1,22
2026,86,1174,73,1308,64,A,0,25,47,8,22,15,15,4,23,8,10,8,3,7,24,58,10,30,6,8,12,17,17,10,6,1,11
2026,86,1125,78,1434,77,A,0,27,50,11,24,13,20,7,25,18,15,3,2,22,26,61,9,27,16,21,11,19,11,9,8,2,20
2026,86,1409,82,1317,66,H,0,28,55,8,21,18,21,9,30,14,13,5,2,21,24,63,4,18,14,22,13,20,8,12,5,3,23
2026,86,1412,83,1427,73,A,0,28,57,6,18,21,32,10,31,14,7,8,5,17,26,66,7,25,14,17,11,24,9,9,4,6,23
2026,86,1303,80,1355,71,H,0,28,59,6,24,18,22,8,27,11,8,8,3,19,24,61,5,26,18,25,14,25,10,12,5,3,18
2026,86,1371,86,1462,68,H,0,30,70,5,13,21,28,21,23,16,10,14,5,14,26,57,8,28,8,10,8,22,12,19,7,6,21
2026,86,1385,92,1139,70,H,0,36,64,9,20,11,14,13,28,17,5,2,8,20,24,55,7,16,15,30,13,18,9,6,3,1,17
2026,86,1248,81,1137,79,H,0,25,52,8,24,23,31,11,21,17,8,5,1,25,24,52,7,19,24,32,10,21,16,10,4,1,25
2026,86,1382,87,1182,79,A,0,29,52,8,16,21,26,4,31,22,7,6,6,16,28,64,11,27,12,22,13,21,18,9,5,1,23
2026,86,1206,60,1172,52,H,0,21,47,5,18,13,22,12,24,9,13,7,2,12,20,55,8,26,4,6,12,18,12,12,8,4,20
2026,86,1234,73,1425,72,H,0,23,55,8,25,19,22,12,20,11,15,12,1,20,28,53,5,15,11,16,8,21,8,15,6,4,19
2026,86,1159,79,1221,74,H,0,31,64,8,19,9,12,10,27,20,6,4,2,11,31,57,7,21,5,10,2,26,9,7,4,2,16
2026,86,1199,63,1143,61,H,0,23,63,6,28,11,21,12,30,11,7,5,3,16,20,58,10,28,11,15,8,33,8,11,3,0,19
2026,86,1259,77,1110,68,H,0,23,57,7,21,24,29,9,30,10,12,8,6,15,23,57,10,26,12,16,2,26,15,12,7,3,21
2026,86,1280,80,1261,66,A,0,28,55,10,21,14,20,13,30,14,16,5,3,17,25,58,4,20,12,23,8,16,7,7,12,5,15
2026,86,1397,86,1208,85,A,0,31,71,9,23,15,25,26,26,17,12,3,1,18,31,61,9,28,14,20,7,20,11,6,5,7,20
2026,86,1120,88,1400,82,H,0,24,47,11,21,29,39,6,17,8,3,8,2,20,26,50,12,26,18,23,7,19,10,11,3,3,26
2026,86,1122,90,1184,82,A,0,24,45,7,15,35,38,5,28,17,17,4,3,22,25,72,8,30,24,27,21,17,12,9,10,3,23
2026,86,1244,72,1443,69,H,0,23,53,7,16,19,30,11,29,9,13,6,9,20,20,69,7,29,22,25,16,24,10,8,7,6,22
2026,86,1153,67,1124,57,H,0,24,62,8,29,11,14,8,30,15,8,7,3,15,23,65,6,26,5,9,11,31,13,10,5,1,17
2026,86,1380,80,1290,69,H,0,27,53,2,12,24,29,9,24,13,12,8,9,11,28,63,8,24,5,8,12,22,12,14,5,1,22
2026,85,1307,89,1424,61,A,0,33,65,10,24,13,18,10,31,21,10,8,4,14,22,59,4,18,13,17,7,24,13,16,6,5,16
2026,85,1305,66,1213,60,H,0,21,64,7,17,17,26,13,29,13,9,8,3,15,23,58,4,23,10,15,8,35,8,15,7,8,19
2026,85,1266,86,1166,62,H,0,34,59,8,21,10,19,6,28,18,6,11,3,10,26,64,7,34,3,4,10,24,20,14,2,2,14
2026,85,1231,72,1345,67,H,0,23,50,12,33,14,19,6,22,16,8,8,1,15,26,54,7,20,8,15,9,24,13,10,5,2,16
2026,85,1435,80,1246,55,H,0,25,62,10,26,20,25,13,30,13,9,9,9,18,19,59,6,24,11,19,13,24,8,15,6,8,19
2026,85,1275,86,1269,84,H,0,24,51,10,29,28,38,11,21,17,9,5,2,16,31,61,9,21,13,17,12,22,14,10,5,1,28
2026,85,1386,85,1260,64,A,0,36,64,10,24,3,6,9,28,25,8,7,7,9,23,66,10,33,8,11,15,19,13,10,5,0,8
2026,85,1452,59,1243,54,H,0,23,55,7,24,6,9,10,28,14,13,6,3,12,21,56,8,25,4,4,7,24,9,10,8,4,14
2026,85,1387,79,1203,76,H,0,28,63,12,31,11,22,13,29,17,14,7,0,21,27,65,8,30,14,21,12,30,10,14,10,6,21
2026,85,1104,90,1281,64,H,0,26,62,15,39,23,26,8,31,19,7,10,3,15,26,66,4,21,8,23,15,29,10,13,3,2,20
2026,85,1439,71,1210,65,H,0,22,65,8,29,19,26,14,22,11,8,6,4,18,25,57,3,17,12,17,10,28,11,14,2,6,23
2026,85,1163,87,1344,81,H,0,29,65,11,24,18,28,15,22,23,10,8,9,20,26,54,5,14,24,31,9,26,10,11,5,6,24
2026,85,1276,75,1304,72,H,0,25,53,6,26,19,23,9,26,15,19,5,1,11,29,63,11,32,3,4,7,16,16,11,13,2,19
2026,85,1116,83,1328,79,A,0,35,63,2,17,11,13,7,24,17,6,4,3,13,29,63,10,27,11,12,11,23,12,12,2,2,12
2026,85,1438,100,1323,97,A,0,31,65,10,29,28,35,14,26,21,11,5,3,27,29,61,11,27,28,34,9,26,15,10,5,5,25
2026,85,1433,77,1350,69,H,0,23,53,9,24,22,27,12,20,11,7,4,3,14,27,57,5,15,10,14,12,19,7,9,5,0,22
2026,85,1348,81,1173,76,A,0,23,53,7,16,28,36,10,19,12,15,14,4,25,22,43,7,17,25,33,7,23,16,23,6,7,22
2026,85,1416,79,1113,76,H,0,29,65,7,22,14,19,13,27,16,9,7,2,21,26,55,10,23,14,20,5,23,13,10,6,5,18
2026,85,1301,88,1393,68,H,0,33,65,7,24,15,18,15,30,21,11,8,0,16,26,67,7,23,9,16,15,18,10,11,8,4,15
2026,85,1245,72,1325,57,H,0,20,53,6,20,26,35,17,34,12,20,5,4,19,19,64,7,31,12,17,11,20,8,10,13,3,26
2026,85,1277,88,1353,79,A,0,28,57,8,22,24,26,13,32,18,15,1,4,19,25,62,10,27,19,23,6,16,11,5,8,2,21
2026,85,1338,80,1448,76,H,0,26,68,11,36,17,25,16,26,12,8,8,5,19,27,59,7,24,15,19,9,28,10,13,5,3,21
2026,85,1372,69,1322,67,H,0,26,61,6,18,11,18,9,32,8,10,7,3,12,26,68,6,16,9,13,12,29,8,10,8,2,13
2026,85,1411,96,1106,64,H,0,31,60,12,29,22,26,11,29,19,11,7,5,21,21,64,5,30,17,29,14,16,10,10,7,4,16
2026,84,1112,86,1140,83,A,0,28,53,4,12,26,32,7,32,13,13,7,6,19,29,72,13,34,12,19,16,21,16,12,5,3,22
2026,84,1181,83,1257,52,H,0,31,61,8,23,13,18,15,32,14,12,7,1,12,16,54,11,34,9,13,9,17,11,12,6,3,17
2026,84,1288,79,1313,78,A,0,25,54,9,24,20,26,4,31,10,14,8,8,16,29,70,4,21,16,27,16,29,13,9,10,1,18
2026,84,1326,84,1336,78,H,0,30,54,8,23,16,21,5,16,14,9,9,2,19,25,50,10,25,18,21,9,22,12,18,3,2,19
2026,83,1425,73,1458,71,A,0,25,61,6,24,17,23,13,28,9,5,3,4,15,23,67,9,37,16,20,18,24,10,6,3,3,17
2026,83,1449,72,1332,57,H,0,27,65,10,21,8,13,18,27,15,11,10,3,18,15,42,3,15,24,28,1,22,4,10,8,5,12
2026,83,1378,89,1194,75,H,0,30,68,7,27,22,31,21,28,18,10,5,2,16,27,66,7,22,14,19,15,20,8,10,5,4,20
2026,82,1113,82,1153,68,H,0,27,57,13,28,15,21,8,23,17,11,7,4,15,27,60,4,17,10,15,13,25,19,15,8,3,16
2026,82,1414,61,1471,59,A,0,25,62,4,16,7,13,8,36,12,10,5,4,8,22,65,9,32,6,9,8,32,14,9,7,3,11
2026,82,1397,79,1104,73,A,0,28,60,6,18,17,25,14,28,11,10,7,3,23,25,58,6,26,17,24,10,23,9,7,7,4,22
2026,82,1211,68,1362,66,H,0,27,61,3,18,11,22,10,27,10,7,11,2,12,22,55,14,28,8,13,9,32,12,15,4,1,18
2026,82,1242,86,1243,62,A,0,31,58,4,16,20,24,12,27,19,10,2,4,13,21,61,10,29,10,14,13,15,12,8,5,1,15
2026,82,1307,80,1305,73,H,0,24,62,12,28,20,27,13,25,15,9,7,5,16,25,60,6,23,17,21,12,30,10,12,6,7,23
2026,82,1143,78,1390,66,A,0,24,58,10,25,20,25,9,32,7,10,3,6,22,18,66,6,31,24,31,16,27,9,7,7,4,18
2026,82,1286,91,1451,88,H,0,30,58,12,29,19,21,9,21,10,12,4,4,17,31,60,11,19,15,19,7,15,13,8,7,1,18
2026,82,1213,68,1201,57,A,0,22,58,5,26,19,25,17,30,7,11,4,4,22,16,53,5,23,20,26,9,24,8,12,6,1,25
2026,82,1250,64,1248,59,H,0,22,52,8,17,12,13,8,27,15,16,4,1,16,21,58,5,21,12,19,11,20,7,9,10,2,17
2026,82,1364,74,1253,71,A,0,27,56,9,19,11,16,9,22,18,8,3,3,16,25,51,7,19,14,16,4,21,18,8,5,2,17
2026,82,1233,66,1264,57,H,0,23,56,8,28,12,16,12,28,11,12,7,5,15,20,60,5,26,12,15,12,22,12,11,9,2,14
2026,82,1168,93,1142,78,A,0,30,64,12,32,21,26,13,20,20,11,10,4,16,27,62,13,37,11,15,15,25,17,19,3,1,24
2026,82,1395,97,1124,90,A,0,28,54,6,13,35,43,6,18,11,11,8,2,26,28,56,8,26,26,36,12,25,15,18,7,5,28
2026,82,1115,75,1380,74,A,0,23,51,9,24,20,28,6,21,9,12,7,2,19,24,58,6,27,20,26,15,26,17,13,10,3,19
2026,82,1417,71,1321,64,H,0,26,53,8,18,11,21,8,26,11,10,7,1,13,20,53,7,23,17,20,8,24,13,9,3,3,16
2026,82,1140,91,1428,78,H,0,32,60,8,19,19,23,14,26,17,8,5,5,13,27,59,13,21,11,11,6,18,17,6,4,2,19
2026,82,1106,95,1341,80,A,0,34,66,12,24,15,23,8,20,10,14,10,3,26,23,54,4,15,30,34,8,24,9,23,7,3,19
2026,82,1116,85,1261,81,H,0,34,60,10,22,7,18,8,20,18,8,7,3,20,28,61,3,15,22,25,13,23,14,9,5,0,19
2026,82,1433,75,1172,69,A,0,28,51,5,16,14,20,11,24,8,12,5,3,13,27,58,8,22,7,14,10,14,8,7,8,5,17
2026,82,1120,76,1196,67,A,0,26,54,5,15,19,21,8,24,8,9,9,3,20,22,59,7,27,16,27,17,22,13,11,8,7,18
2026,82,1320,81,1293,76,H,0,31,54,7,15,12,21,6,25,14,8,5,2,16,26,62,7,26,17,20,14,21,9,9,5,3,19
2026,82,1455,74,1272,59,H,0,30,67,9,26,5,8,12,28,17,13,7,3,18,24,59,3,19,8,11,9,27,8,17,9,3,15
2026,82,1361,82,1424,71,A,0,26,46,8,13,22,26,3,22,18,13,7,1,17,26,51,7,21,12,22,7,18,11,13,8,2,21
2026,82,1374,83,1199,80,H,0,28,63,10,30,17,23,13,25,17,7,6,4,15,30,71,10,32,10,15,18,25,16,8,6,4,19
2026,82,1372,88,1249,81,A,0,30,57,13,27,15,21,6,21,16,6,7,2,14,29,61,10,26,13,15,12,24,23,11,3,5,14
2026,82,1228,88,1345,82,A,0,27,56,18,38,16,22,13,20,10,10,0,2,14,33,58,7,19,9,11,3,16,19,3,2,1,17
2026,82,1235,84,1329,71,A,0,26,51,11,26,21,27,11,25,17,18,10,0,18,22,56,9,30,18,23,11,16,11,14,13,2,21
2026,82,1203,85,1350,69,H,0,29,60,15,33,12,15,11,25,17,11,7,4,15,24,61,7,20,14,14,12,21,15,11,7,1,13
2026,82,1416,95,1160,86,A,0,33,54,15,24,14,21,7,25,18,12,4,2,15,29,56,11,20,17,22,4,19,17,9,9,1,18
2026,82,1295,86,1331,58,A,0,33,61,12,24,8,9,9,23,15,6,8,5,10,22,51,8,23,6,9,7,20,10,14,2,3,8
2026,82,1324,95,1178,87,A,0,33,61,7,21,22,26,10,20,19,5,8,1,12,34,68,11,29,8,8,13,19,23,11,2,3,20
2026,82,1257,85,1439,71,H,0,31,66,13,33,10,13,15,29,17,15,8,2,14,25,62,16,30,5,8,9,22,16,13,5,7,18
2026,82,1112,88,1452,53,H,0,31,59,10,23,16,23,8,35,20,5,10,6,11,22,64,6,22,3,4,8,22,11,11,2,2,18
2026,82,1403,90,1222,86,H,0,27,62,12,29,24,30,21,23,16,10,1,0,16,29,60,11,28,17,21,11,17,9,6,5,1,25
2026,82,1288,78,1224,77,A,0,24,70,7,21,23,29,18,22,11,17,6,5,24,21,68,3,18,32,40,25,27,10,17,8,5,23
2026,82,1348,74,1206,65,H,0,23,50,6,19,22,29,7,19,11,4,5,7,19,21,47,4,16,19,24,9,25,6,9,2,3,23
2026,82,1182,71,1260,59,A,0,23,53,10,26,15,22,5,28,17,10,7,6,20,20,53,5,26,14,19,6,26,16,11,5,4,19
2026,82,1386,81,1173,74,H,0,25,60,10,31,21,26,10,28,13,12,8,7,18,28,64,9,23,9,15,11,26,16,15,7,7,17
2026,82,1159,80,1131,79,H,0,32,64,9,19,7,12,12,23,10,14,9,4,18,27,53,5,20,20,27,5,21,12,13,9,2,16
2026,82,1274,85,1393,76,A,0,33,54,7,13,12,15,8,29,20,16,4,4,13,30,61,6,21,10,15,5,16,13,6,11,3,14
2026,82,1259,67,1137,62,H,0,20,48,7,25,20,22,9,27,9,14,3,8,12,24,59,6,27,8,11,10,20,15,9,6,0,17
2026,82,1165,86,1217,79,A,0,27,51,11,24,21,26,8,22,18,11,4,1,14,26,55,12,28,15,18,8,19,19,9,8,4,21
2026,82,1463,77,1335,60,A,0,28,61,7,17,14,16,14,28,15,13,4,4,19,21,55,7,25,11,18,9,19,13,11,4,8,22
2026,82,1180,83,1318,78,H,0,29,58,6,20,19,28,9,25,16,7,2,5,17,29,62,8,23,12,18,9,25,13,8,5,3,24
2026,82,1359,75,1151,64,H,0,21,52,10,29,23,36,9,28,13,4,6,0,19,20,48,10,26,14,21,5,29,13,7,1,4,27
2026,82,1281,88,1328,87,H,0,29,65,6,21,24,33,17,24,9,12,5,3,21,26,54,12,27,23,30,5,24,12,12,6,1,24
2026,82,1358,73,1443,58,H,0,29,59,7,20,8,20,11,24,20,9,9,2,12,19,51,8,23,12,16,10,28,9,19,3,1,16
2026,82,1385,88,1462,83,A,0,33,68,7,18,15,23,13,26,17,10,8,3,17,29,61,9,21,16,19,5,27,20,12,7,8,21
2026,82,1400,87,1208,67,H,0,35,60,8,21,9,12,11,21,17,12,10,3,18,22,51,6,19,17,25,11,14,11,13,7,3,14
2026,82,1179,76,1232,62,A,0,26,62,8,27,16,24,10,29,9,9,11,2,18,23,56,6,27,10,17,8,30,18,18,5,1,20
2026,82,1396,70,1427,64,A,0,24,54,5,15,17,22,12,22,11,9,10,7,13,28,64,2,15,6,8,15,22,6,11,6,5,20
2026,82,1460,88,1297,80,H,0,27,54,5,14,29,36,12,21,8,10,11,3,15,32,58,5,21,11,16,8,18,7,14,5,1,25
2026,82,1453,71,1352,67,A,0,27,53,7,20,10,13,7,26,19,10,4,3,12,24,57,12,27,7,12,11,22,20,10,6,1,12
2026,82,1436,62,1136,52,A,0,19,52,9,26,15,20,16,24,13,6,3,2,16,15,47,4,23,18,22,11,19,7,8,5,3,17
2026,82,1157,85,1379,67,H,0,29,51,14,23,13,17,6,30,13,15,7,3,17,24,54,4,13,15,23,5,18,6,7,12,1,18
2026,82,1401,92,1376,69,H,0,33,69,17,39,9,10,13,30,25,9,6,6,13,24,61,9,25,12,12,7,23,12,10,6,5,11
2026,82,1251,67,1174,51,H,0,24,51,11,30,8,13,5,23,21,6,10,2,11,19,41,6,16,7,13,1,26,6,16,6,2,11
2026,82,1163,75,1437,67,H,0,25,61,8,22,17,22,16,26,17,9,5,1,18,20,59,10,26,17,22,16,23,14,11,4,2,21
2026,82,1207,81,1344,78,A,0,32,62,9,25,8,11,9,20,13,7,7,4,20,26,57,8,21,18,21,11,22,13,8,2,4,12
2026,82,1181,90,1448,69,H,0,31,62,7,25,21,24,16,27,16,9,8,1,14,22,54,14,32,11,13,6,16,17,9,7,3,20
2026,82,1304,76,1278,57,A,0,29,61,9,28,9,9,8,31,24,8,5,8,17,21,53,9,31,6,12,7,24,19,13,2,2,11
2026,82,1277,91,1268,48,H,0,34,56,9,19,14,19,9,26,25,8,5,3,11,18,54,6,26,6,11,9,15,10,11,4,0,16
2026,82,1314,85,1438,80,A,0,30,61,10,22,15,22,8,20,17,4,5,3,14,29,64,8,27,14,20,16,28,14,11,2,2,18
2026,82,1435,88,1280,56,A,0,35,65,8,25,10,11,5,31,21,9,10,6,19,20,58,5,26,11,17,9,25,7,17,5,4,11
2026,82,1155,77,1210,63,A,0,28,61,11,28,10,13,9,28,14,10,5,6,16,21,57,9,21,12,17,9,23,14,9,4,6,15
2026,82,1110,76,1221,67,A,0,30,59,6,20,10,12,8,23,11,7,8,3,15,23,52,9,20,12,14,7,23,10,14,4,3,15
2026,82,1301,81,1338,72,A,0,26,55,7,20,22,27,8,23,12,8,10,5,21,25,68,11,29,11,25,26,26,11,14,1,2,20
2026,82,1423,75,1214,67,A,0,26,49,4,12,19,27,10,23,9,8,4,0,15,27,58,8,25,5,8,10,20,14,8,2,2,20
2026,82,1459,80,1273,77,H,0,30,64,8,18,12,15,13,27,12,11,1,4,17,25,59,8,24,19,22,9,22,14,10,9,3,15
2026,82,1246,72,1279,63,H,0,18,50,8,27,28,38,14,31,12,12,7,7,17,21,65,7,21,14,21,17,26,8,10,8,2,25
2026,81,1429,65,1161,61,A,0,28,56,5,20,4,5,6,16,15,10,11,2,15,22,43,10,21,7,10,7,23,16,21,5,1,13
2026,81,1276,74,1326,62,H,0,27,52,5,23,15,25,12,24,16,14,10,6,16,24,59,8,27,6,9,12,15,9,13,6,1,20
2026,81,1139,87,1266,76,H,0,29,57,6,19,23,31,13,21,18,11,11,1,12,31,63,5,27,9,14,13,20,16,14,9,4,19
2026,81,1103,86,1325,65,A,0,30,61,6,17,20,26,11,33,12,12,2,5,20,20,61,4,17,21,27,10,20,5,9,9,8,20
2026,81,1219,93,1347,83,A,0,28,55,12,29,25,33,6,21,22,7,12,4,20,30,59,10,28,13,18,10,23,14,18,5,2,19
2026,81,1269,68,1138,67,A,0,26,58,6,20,10,16,12,24,13,13,8,1,13,26,52,8,25,7,14,5,23,17,12,7,1,13
2026,81,1240,75,1292,58,H,0,25,51,9,15,16,19,7,26,11,9,1,2,13,21,55,8,23,8,14,10,20,12,8,3,3,17
2026,81,1231,82,1353,59,A,0,30,60,15,35,7,7,11,29,15,5,4,7,15,21,58,5,19,12,14,9,18,6,5,3,3,5
2026,81,1387,97,1382,62,A,0,37,64,19,33,4,9,9,31,24,10,8,7,20,21,61,4,22,16,24,12,22,12,11,4,7,8
2026,81,1202,89,1422,66,A,0,32,58,14,27,11,12,5,25,23,5,5,1,17,23,53,7,26,13,18,7,20,12,9,3,3,17
2026,81,1122,73,1391,65,H,0,28,59,5,20,12,16,12,29,14,12,8,2,16,22,56,7,24,14,20,10,23,15,12,8,1,16
2026,81,1252,86,1195,71,H,0,26,55,20,37,14,16,10,25,20,10,2,4,20,24,56,10,26,13,20,11,17,11,9,1,3,19
2026,80,1218,98,1167,71,H,0,32,65,7,26,27,34,17,36,11,13,3,4,25,20,57,3,11,28,39,5,21,7,7,6,3,25
2026,80,1168,71,1253,61,H,0,26,49,4,19,15,19,5,26,19,13,9,4,17,20,54,8,26,13,17,9,21,14,17,6,0,17
2026,80,1364,107,1142,67,H,0,42,63,15,29,8,11,10,24,23,9,10,1,17,23,49,7,26,14,20,5,12,12,13,6,0,9
2026,80,1471,80,1413,74,A,0,27,55,7,24,19,27,11,37,18,16,6,6,18,24,67,12,31,14,21,12,21,18,11,5,4,18
2026,80,1285,81,1451,65,H,0,31,50,11,21,8,10,5,22,22,15,5,2,15,24,51,5,17,12,20,7,15,14,11,9,2,14
2026,80,1188,74,1398,66,H,0,25,48,7,17,17,25,10,25,18,13,4,7,18,22,67,4,22,18,22,21,19,8,7,7,2,20
2026,80,1369,70,1114,65,H,0,24,53,7,23,15,21,6,29,16,11,4,1,14,22,60,9,21,12,17,8,23,12,8,8,6,16
2026,80,1315,79,1331,62,A,0,27,61,9,16,16,18,10,20,12,6,13,2,20,20,48,3,19,19,27,13,23,11,18,3,3,16
2026,80,1378,82,1412,69,A,0,28,65,13,33,13,21,16,30,18,16,5,9,20,22,75,4,25,21,25,20,26,10,10,12,8,16
2026,80,1458,98,1336,71,A,0,36,71,15,35,11,15,14,30,25,7,5,4,16,23,64,8,27,17,23,11,24,11,7,4,0,12
2026,80,1352,88,1454,76,H,0,31,53,9,17,17,27,12,28,22,16,5,4,17,26,59,11,27,13,20,8,17,9,10,11,7,23
2026,80,1299,79,1220,78,H,0,23,56,7,23,26,35,16,29,8,9,2,6,20,25,61,13,33,15,20,10,20,11,6,5,1,23
2026,80,1392,95,1318,80,A,0,32,56,16,29,15,20,10,29,18,15,5,3,14,31,65,10,30,8,19,10,17,19,8,9,3,16
2026,80,1209,69,1379,62,H,0,20,56,8,24,21,29,12,33,10,14,7,6,19,22,58,5,20,13,19,6,24,11,11,6,4,23
2026,80,1316,87,1184,85,H,0,32,63,10,27,13,17,12,26,13,12,7,1,16,33,67,12,28,7,15,14,20,14,11,6,1,17
2026,80,1252,79,1391,74,H,0,28,71,8,28,15,19,8,27,14,10,11,0,14,27,65,7,22,13,15,11,36,14,18,5,5,15
2026,80,1122,83,1195,62,H,0,30,64,12,31,11,15,12,21,21,8,12,2,13,26,59,6,21,4,9,14,24,13,18,5,5,14
2026,80,1111,72,1418,58,H,0,25,48,13,29,9,15,10,29,16,13,3,2,15,22,58,6,25,8,9,8,16,14,6,6,4,19
2026,79,1388,81,1333,51,H,0,28,58,8,23,17,23,13,31,20,7,6,4,23,14,49,2,16,21,27,8,20,6,9,5,3,19
2026,79,1321,74,1425,68,A,0,28,62,3,15,15,18,8,25,22,6,3,1,25,20,52,2,13,26,43,12,27,13,6,3,3,19
2026,79,1213,70,1361,69,H,0,19,50,10,21,22,28,9,27,12,17,7,6,18,25,62,3,18,16,19,11,26,10,10,11,6,20
2026,79,1112,77,1153,51,H,0,27,63,3,13,20,28,18,28,15,6,8,2,14,17,56,4,21,13,14,11,22,8,14,4,1,21
2026,79,1304,76,1449,66,H,0,28,55,11,29,9,12,4,27,18,8,4,1,13,27,61,6,21,6,10,10,23,14,8,3,3,13
2026,79,1307,83,1201,74,H,0,32,75,10,35,9,15,13,26,18,10,18,3,24,21,54,10,29,22,26,10,33,12,22,2,5,16
2026,79,1452,75,1113,63,A,0,27,53,11,24,10,13,6,23,17,13,7,0,19,24,51,5,15,10,18,8,22,15,13,6,6,13
2026,79,1439,76,1393,74,A,0,23,51,4,17,26,36,8,26,10,10,9,3,15,26,61,10,23,12,14,11,25,13,14,6,3,28
2026,79,1401,88,1280,68,H,0,28,68,9,26,23,24,11,26,18,3,6,3,18,26,60,6,23,10,15,11,28,11,13,1,4,18
2026,79,1317,81,1427,62,H,0,28,62,9,25,16,26,20,26,16,13,11,3,18,18,50,6,23,20,24,8,17,8,15,6,9,19
2026,79,1409,83,1272,66,H,0,22,55,8,24,31,36,15,25,13,8,8,3,15,24,60,8,27,10,14,15,21,13,15,4,4,24
2026,79,1251,76,1443,69,A,0,21,45,17,29,17,24,4,24,15,11,10,2,15,24,57,10,24,11,17,12,22,13,13,5,4,19
2026,79,1358,93,1244,87,H,0,35,63,11,22,12,19,7,29,26,9,5,4,17,30,72,13,34,14,19,16,25,19,8,7,2,16
2026,79,1228,89,1268,70,H,0,27,62,15,40,20,28,15,32,17,7,2,5,13,26,65,10,32,8,16,9,22,11,5,3,0,20
2026,79,1314,91,1323,69,H,0,31,61,13,34,16,23,10,34,18,8,3,5,17,27,75,8,25,7,13,18,21,13,5,5,0,16
2026,79,1179,101,1293,90,H,0,32,64,5,12,32,41,11,34,9,9,8,3,23,31,68,7,32,21,30,11,26,12,11,5,3,28
2026,79,1133,75,1232,68,H,0,22,63,5,22,26,31,11,25,9,3,14,1,14,27,52,7,22,7,10,3,31,16,19,1,2,21
2026,79,1110,70,1159,66,H,0,25,53,8,21,12,14,11,27,12,19,7,2,19,23,52,5,18,15,23,9,18,9,13,8,4,14
2026,79,1348,69,1350,68,A,0,23,56,3,20,20,26,14,24,3,15,10,1,18,24,52,9,25,11,19,6,22,14,13,10,4,20
2026,79,1255,91,1205,56,H,0,36,65,7,24,12,15,15,26,16,12,14,4,13,22,57,5,19,7,12,13,16,9,21,9,0,12
2026,79,1437,66,1207,51,H,0,24,59,7,22,11,15,11,23,9,9,12,0,11,17,50,8,25,9,14,12,24,12,17,4,3,14
2026,79,1166,94,1462,93,H,0,32,59,13,24,17,24,6,23,18,9,4,2,12,37,65,12,24,7,8,6,24,18,9,4,2,21
2026,79,1156,85,1460,79,A,0,27,53,11,23,20,22,4,28,16,9,4,5,20,31,66,5,24,12,18,12,23,13,7,3,6,19
2026,79,1190,67,1151,66,A,0,28,66,3,19,8,11,13,25,11,10,11,3,14,23,53,10,29,10,11,6,25,13,14,8,6,17
2026,79,1407,83,1330,77,A,0,24,65,6,26,29,34,12,35,11,13,9,0,17,28,64,3,18,18,25,7,30,9,12,7,2,24
2026,79,1246,85,1400,80,H,0,25,58,5,18,30,35,13,23,12,8,8,7,19,30,64,2,18,18,20,13,21,9,8,6,1,23
2026,79,1247,67,1173,64,H,0,21,47,7,22,18,28,10,21,14,15,10,1,17,24,54,3,23,13,18,12,21,12,13,10,4,19
2026,79,1457,76,1347,75,H,0,26,55,12,26,12,19,8,20,16,12,7,1,20,24,45,9,22,18,24,6,25,9,19,6,4,19
2026,79,1131,77,1248,73,H,0,29,57,9,25,10,16,6,31,16,14,3,7,12,28,69,10,29,7,9,10,26,15,8,12,4,15
2026,79,1459,88,1359,78,H,0,32,50,6,12,18,24,3,22,12,7,3,4,18,29,59,9,27,11,14,8,18,20,8,5,3,17
2026,78,1242,75,1160,69,A,0,24,52,8,19,19,24,9,36,14,12,3,5,15,25,70,9,31,10,16,12,21,14,3,8,1,16
2026,78,1424,86,1429,76,A,0,29,58,7,14,21,25,13,27,8,12,6,4,22,26,58,7,24,17,31,13,18,14,8,8,3,20
2026,78,1417,69,1345,67,H,0,29,51,9,20,2,3,4,20,21,10,3,8,10,27,60,7,27,6,7,13,17,17,8,7,1,8
2026,78,1116,93,1435,68,H,0,37,64,9,22,10,12,10,29,25,7,5,4,15,22,58,10,31,14,19,9,18,13,10,5,2,14
2026,78,1277,68,1332,52,A,0,28,49,7,20,5,9,6,25,16,12,3,7,10,20,51,7,20,5,11,7,17,10,10,6,4,11
2026,78,1403,92,1124,73,A,0,33,55,17,27,9,11,5,23,14,13,7,1,16,28,57,7,21,10,20,11,18,14,11,10,2,12
2026,78,1208,74,1281,72,A,0,24,65,8,29,18,21,19,25,8,10,5,4,11,27,67,7,25,11,12,15,24,14,12,8,3,16
2026,78,1243,81,1428,78,H,0,31,62,12,23,7,10,7,22,17,10,4,2,13,32,65,8,23,6,10,10,24,10,9,5,4,14
2026,78,1374,91,1448,79,A,0,32,64,14,28,13,18,11,29,23,14,8,5,17,28,64,10,30,13,18,8,20,20,11,9,5,17
2026,78,1120,78,1279,66,A,0,22,51,2,17,32,39,13,30,10,9,5,4,14,22,61,10,28,12,15,8,18,12,6,6,3,23
2026,78,1234,68,1353,62,H,0,24,51,7,19,13,16,7,17,12,12,9,4,19,19,44,5,18,19,24,9,22,9,19,6,5,19
2026,78,1129,81,1461,65,A,0,29,59,10,26,13,13,7,23,14,8,5,3,16,23,51,5,19,14,18,7,21,8,11,3,1,17
2026,78,1395,68,1329,65,H,0,28,61,6,20,6,12,13,26,19,14,8,7,10,27,62,6,15,5,10,12,23,16,14,13,3,14
2026,78,1276,86,1231,72,H,0,27,53,10,25,22,33,12,29,14,13,6,6,15,23,57,11,34,15,18,5,20,13,10,4,3,24
2026,78,1235,87,1416,57,H,0,33,65,9,25,12,21,15,23,22,5,13,3,13,21,57,10,32,5,6,13,19,13,19,1,6,17
2026,78,1196,79,1261,61,H,0,28,68,9,27,14,27,24,26,15,10,9,1,14,24,56,3,11,10,15,7,23,12,11,7,2,18
2026,78,1301,80,1155,76,A,0,25,57,8,23,22,25,6,24,13,7,7,1,19,26,58,9,28,15,24,9,29,9,13,2,0,17
2026,78,1387,81,1182,77,A,0,28,57,9,20,16,25,9,29,19,16,10,4,22,23,66,8,30,23,31,17,25,13,14,12,4,18
2026,78,1275,107,1245,101,A,0,38,70,9,31,22,34,9,22,18,6,7,2,25,33,68,10,30,25,31,17,29,18,16,3,3,26
2026,78,1382,84,1260,70,H,0,27,63,11,26,19,20,8,23,18,4,12,3,14,24,55,11,29,11,15,9,29,18,16,2,4,15
2026,78,1385,65,1371,60,H,0,21,59,2,12,21,30,20,21,14,12,8,3,12,22,58,5,13,11,20,18,23,11,13,8,7,25
2026,78,1199,65,1274,63,A,0,24,53,6,17,11,15,4,26,13,13,12,7,15,24,57,4,16,11,15,9,26,15,14,7,4,13
2026,78,1376,85,1328,76,H,0,27,55,9,20,22,28,9,27,16,12,7,3,20,27,63,5,27,17,22,12,23,12,11,8,9,18
2026,78,1326,82,1278,74,H,0,31,65,7,24,13,18,13,29,11,10,6,3,20,23,58,8,27,20,25,9,22,13,9,6,4,19
2026,78,1103,82,1138,63,A,0,27,58,14,35,14,19,10,30,21,13,8,2,14,23,65,8,32,9,13,14,25,15,13,6,5,17
2026,77,1214,82,1299,61,H,0,30,66,8,26,14,16,13,29,17,4,5,8,13,23,57,6,15,9,13,9,25,8,10,2,2,14
2026,77,1286,73,1294,68,A,0,23,54,11,26,16,21,5,23,8,7,9,3,13,30,70,7,21,1,3,18,29,14,12,2,2,16
2026,77,1250,88,1259,81,H,0,31,54,7,19,19,20,4,25,18,9,5,0,17,29,62,13,32,10,16,10,19,15,8,3,1,18
2026,77,1266,105,1344,104,H,0,39,73,8,23,19,30,13,17,22,6,16,4,20,32,64,11,27,29,33,14,28,17,17,2,4,21
2026,77,1206,69,1203,64,H,0,24,49,8,23,13,20,4,28,18,13,6,2,15,24,57,8,25,8,11,7,25,13,12,8,4,18
2026,77,1270,69,1394,53,A,0,24,49,3,13,18,26,14,25,6,11,9,4,22,17,41,3,14,16,24,5,14,6,12,4,2,22
2026,77,1433,79,1386,72,H,0,27,63,11,30,14,20,11,24,17,10,12,5,15,26,55,8,18,12,19,8,29,13,18,5,6,16
2026,77,1389,77,1233,63,H,0,22,48,6,15,27,36,10,34,15,13,6,5,20,20,56,11,32,12,22,7,24,12,9,5,4,24
2026,77,1217,64,1335,63,H,0,26,54,8,24,4,8,8,24,12,12,7,4,16,22,54,6,19,13,17,10,23,8,11,9,2,13
2026,77,1192,68,1447,61,H,0,21,44,7,17,19,25,12,21,6,14,4,1,17,21,48,5,14,14,16,5,17,4,8,6,0,19
2026,77,1107,75,1436,68,H,0,24,54,9,25,18,24,6,26,17,9,12,4,11,24,55,9,24,11,15,7,26,10,13,2,3,17
2026,76,1362,85,1450,80,H,0,29,54,12,22,15,18,10,20,18,12,6,0,12,34,59,10,21,2,3,6,17,14,10,6,0,18
2026,76,1222,103,1113,73,H,0,40,71,12,25,11,12,15,18,22,10,12,8,15,22,54,9,25,20,24,13,17,16,17,8,2,11
2026,76,1272,95,1427,69,H,0,36,64,11,22,12,18,12,26,23,12,12,6,12,27,65,9,31,6,9,14,19,14,17,6,8,17
2026,76,1409,99,1412,77,A,0,39,64,12,26,9,10,6,31,19,10,2,4,15,28,64,5,15,16,22,9,19,12,5,6,1,13
2026,76,1455,86,1378,85,A,0,30,72,12,23,14,23,18,31,10,11,7,10,18,28,72,12,28,17,22,16,26,15,11,7,7,15
2026,76,1324,88,1453,63,A,0,33,61,6,15,16,26,18,24,16,9,7,3,10,23,54,5,24,12,14,8,16,18,11,2,9,17
2026,76,1194,79,1396,73,A,0,30,67,3,19,16,24,10,29,10,12,8,4,25,21,57,6,22,25,32,10,31,7,15,7,4,25
2026,76,1268,96,1336,73,H,0,33,61,18,34,12,17,12,27,12,11,5,4,17,25,50,9,24,14,21,4,17,12,7,5,0,15
2026,75,1329,84,1243,83,H,0,28,68,8,24,20,24,16,21,14,7,7,3,10,33,66,15,33,2,5,13,26,22,16,4,5,22
2026,75,1364,77,1218,62,H,0,29,53,7,18,12,15,9,23,10,12,8,1,15,22,53,8,22,10,13,11,17,11,13,6,1,13
2026,75,1286,76,1285,67,H,0,25,60,9,20,17,22,10,26,10,10,10,1,11,23,53,8,21,13,14,3,27,11,15,3,2,19
2026,75,1225,75,1451,67,A,0,25,55,8,25,17,26,7,30,10,16,7,5,30,17,56,5,21,28,39,15,29,9,17,9,2,26
2026,75,1279,68,1280,67,A,0,29,71,2,20,8,10,11,32,6,5,3,3,17,24,65,5,27,14,23,14,32,12,8,3,5,12
2026,75,1403,84,1140,71,H,0,27,59,11,29,19,23,10,26,14,10,7,4,12,27,64,5,22,12,14,12,23,5,12,7,5,17
2026,75,1257,100,1338,59,A,0,36,57,15,29,13,15,6,29,24,8,6,2,16,21,55,7,24,10,16,8,16,13,10,5,2,14
2026,75,1361,83,1307,79,H,0,27,55,7,17,22,30,8,29,12,16,13,4,18,26,61,12,30,15,21,9,26,15,17,10,2,22
2026,75,1385,86,1437,79,A,0,30,58,5,15,21,31,12,19,13,9,8,3,17,25,54,11,26,18,24,7,21,13,14,4,3,21
2026,75,1303,73,1331,62,A,0,27,56,8,18,11,18,4,26,11,8,7,3,20,19,49,5,24,19,25,7,26,7,12,2,5,20
2026,75,1365,62,1388,54,H,0,22,54,3,14,15,20,7,28,7,10,7,4,22,18,58,4,22,14,22,14,26,9,13,5,5,17
2026,75,1201,63,1461,60,H,0,21,51,3,18,18,27,11,20,12,8,8,4,15,22,54,5,19,11,12,13,23,10,14,3,2,22
2026,75,1352,92,1297,89,A,0,30,65,11,28,21,31,13,34,16,16,8,1,26,28,66,6,26,27,37,12,25,16,14,8,6,21
2026,75,1254,66,1192,59,A,0,29,56,3,10,5,10,11,29,13,14,9,3,21,20,55,4,23,15,26,14,19,7,12,10,0,12
2026,75,1252,82,1122,78,H,0,31,63,5,18,15,15,8,28,8,12,10,5,16,29,64,8,21,12,16,10,23,11,14,7,3,15
2026,75,1345,69,1425,64,A,0,23,55,7,21,16,22,6,26,17,8,7,1,15,28,61,3,20,5,14,10,30,16,13,6,5,22
2026,75,1181,80,1390,50,A,0,28,50,4,10,20,28,11,24,16,10,12,4,18,19,54,6,25,6,10,13,16,8,18,4,3,18
2026,75,1277,80,1449,63,A,0,31,65,6,19,12,18,13,26,14,5,6,3,11,25,53,3,19,10,13,3,25,15,12,4,3,15
2026,75,1334,81,1333,64,A,0,31,57,9,21,10,15,9,22,14,7,5,1,25,19,45,4,16,22,27,5,20,7,9,2,3,13
2026,75,1452,72,1160,61,H,0,26,50,6,22,14,22,11,27,10,9,4,1,16,22,56,7,26,10,14,9,13,11,6,5,3,18
2026,75,1448,69,1199,68,A,0,26,63,8,34,9,12,9,19,8,5,10,2,16,22,58,7,31,17,19,16,28,10,16,2,2,13
2026,75,1401,74,1400,70,A,0,27,53,8,20,12,19,6,24,14,6,5,2,22,22,53,6,21,20,26,11,26,10,8,4,2,16
2026,75,1120,71,1376,67,H,0,23,56,2,19,23,30,11,24,10,11,10,8,18,23,58,8,25,13,20,13,26,11,15,5,4,21
2026,75,1380,71,1212,53,A,0,25,56,8,22,13,22,10,22,15,13,16,7,21,14,44,3,16,22,32,12,26,3,23,7,3,18
2026,75,1459,74,1202,70,A,0,29,58,6,22,10,13,8,22,12,8,7,3,14,25,57,8,29,12,15,13,22,11,12,5,2,12
2026,75,1413,75,1414,72,H,0,22,57,11,27,20,30,13,22,14,10,9,3,17,27,58,5,15,13,13,9,26,11,14,4,5,22
2026,75,1188,68,1369,55,A,0,24,51,8,17,12,17,7,24,15,11,8,5,11,18,46,4,14,15,23,6,19,9,13,4,4,14
2026,75,1224,83,1300,69,A,0,33,66,6,23,11,15,17,26,14,13,11,4,16,25,58,10,26,9,15,11,20,17,14,5,8,16
2026,75,1112,84,1416,77,A,0,29,55,3,13,23,33,9,28,13,12,5,3,13,28,70,8,26,13,14,14,22,13,13,6,1,23
2026,75,1276,81,1332,71,A,0,25,51,9,23,22,30,12,24,15,14,6,7,14,27,64,6,18,11,16,15,15,11,11,9,4,23
2026,75,1304,77,1321,58,A,0,27,53,11,26,12,15,6,22,18,5,7,3,12,23,54,5,14,7,10,9,21,15,11,1,3,12
2026,75,1143,84,1314,78,H,0,29,58,14,26,12,16,8,26,20,13,6,1,20,26,56,9,27,17,28,10,24,16,11,10,4,15
2026,75,1208,90,1116,76,H,0,32,69,12,33,14,16,9,26,15,17,12,12,10,29,72,5,21,13,16,16,27,13,18,11,8,17
2026,75,1293,85,1232,81,H,0,29,62,11,29,16,23,13,26,11,11,5,13,17,32,66,8,16,9,15,12,23,11,12,8,3,20
2026,75,1387,88,1350,63,H,0,30,61,10,30,18,23,12,34,17,9,7,3,20,20,59,6,20,17,21,9,22,9,10,8,3,16
2026,75,1392,112,1158,106,H,0,38,73,16,40,20,31,9,31,27,8,6,10,28,33,70,10,23,30,36,11,36,19,10,5,3,27
2026,75,1273,102,1422,92,A,0,31,51,10,20,30,41,11,26,12,15,5,4,18,32,63,11,25,17,23,8,14,12,7,8,0,26
2026,75,1471,83,1167,62,A,0,29,63,11,27,14,20,9,29,15,8,13,3,20,18,56,7,22,19,27,13,30,11,15,7,7,18
2026,75,1267,77,1241,72,H,0,24,59,6,20,23,28,18,27,10,13,3,6,18,24,61,11,28,13,20,15,21,13,14,7,6,25
2026,75,1261,78,1281,70,H,0,25,59,10,26,18,23,16,19,12,7,7,2,22,20,46,6,18,24,30,9,21,7,12,4,4,17
2026,75,1434,54,1320,44,H,0,17,51,5,19,15,20,8,32,4,7,7,3,12,19,57,4,20,2,7,10,27,7,8,5,2,18
2026,75,1244,81,1443,65,A,0,24,59,11,30,22,29,12,37,15,11,4,9,17,20,68,10,33,15,23,14,26,9,8,4,2,23
2026,75,1251,80,1431,69,H,0,32,54,7,20,9,11,4,19,13,6,7,5,7,28,51,11,23,2,4,3,18,15,13,4,2,10
2026,75,1213,84,1429,74,H,0,27,53,7,20,23,33,13,25,12,11,6,6,22,25,69,7,28,17,23,22,21,10,7,7,3,27
2026,75,1247,78,1382,74,H,0,25,43,8,14,20,20,7,20,19,17,5,1,12,31,61,7,19,5,9,12,11,23,11,10,1,16
2026,75,1347,85,1255,83,H,0,28,53,9,24,20,31,8,19,12,11,4,1,12,30,58,11,23,12,18,13,24,19,15,4,0,22
2026,75,1155,69,1274,59,H,0,27,51,8,17,7,10,4,24,13,12,12,2,13,21,54,6,24,11,14,11,23,9,16,5,2,15
2026,75,1153,79,1235,70,H,0,30,69,10,34,9,12,15,24,15,8,8,4,18,22,51,9,21,17,27,11,21,11,12,4,2,14
2026,75,1196,98,1435,94,A,0,32,61,9,24,25,30,13,27,13,10,2,5,17,33,65,8,22,20,22,6,20,13,4,3,5,21
2026,75,1159,95,1137,76,H,0,34,60,12,27,15,22,10,26,23,10,8,2,18,24,55,6,26,22,24,5,19,14,11,6,1,15
2026,75,1428,82,1395,79,H,0,30,59,9,24,13,22,14,26,17,13,3,1,19,30,60,4,15,15,22,10,21,16,8,7,2,18
2026,75,1458,96,1353,87,H,0,29,60,12,30,26,29,8,21,20,9,6,1,19,30,63,12,30,15,19,11,22,17,10,4,3,24
2026,75,1234,74,1231,57,A,0,23,46,7,19,21,23,6,22,15,8,1,3,14,20,52,6,24,11,15,12,15,9,9,3,2,18
2026,75,1457,69,1421,67,A,0,18,52,9,26,24,30,12,30,13,15,5,1,24,22,62,5,25,18,25,13,25,9,10,6,6,26
2026,75,1463,102,1165,68,H,0,39,64,12,25,12,18,7,35,22,5,3,3,15,23,68,11,43,11,15,13,20,12,9,2,2,16
2026,75,1103,104,1444,89,H,0,38,67,20,35,8,9,12,19,23,8,8,3,13,34,61,12,26,9,14,11,17,17,12,2,2,15
2026,75,1373,74,1264,59,A,0,30,57,13,24,1,3,9,28,22,12,5,3,14,22,59,7,28,8,12,9,19,13,8,8,2,13
2026,75,1217,87,1343,80,H,0,29,65,10,26,19,23,13,23,16,5,4,5,16,27,65,9,29,17,22,16,26,10,8,4,1,19
2026,75,1190,76,1359,75,A,0,27,49,6,12,16,17,4,26,10,6,4,3,16,25,55,14,32,11,13,6,19,17,6,4,5,14
2026,75,1474,87,1391,81,A,0,32,66,8,32,15,19,12,23,21,7,6,2,24,26,54,8,22,21,34,12,22,16,11,5,1,17
2026,75,1308,97,1174,68,A,0,36,63,14,28,11,11,9,26,20,4,5,3,20,23,52,9,22,13,18,6,18,12,6,1,1,10
2026,75,1104,83,1328,81,A,0,29,66,10,33,15,26,14,29,12,11,7,3,14,28,72,6,24,19,22,17,28,13,9,9,7,18
2026,75,1326,86,1417,74,H,0,28,53,9,24,21,25,12,25,15,10,1,4,18,25,62,9,23,15,19,14,13,14,5,6,4,20
2026,75,1248,74,1221,55,H,0,26,63,7,20,15,24,15,30,17,5,5,1,15,18,51,5,20,14,20,6,25,7,11,4,2,18
2026,75,1259,74,1131,57,H,0,27,61,7,25,13,21,9,28,6,8,9,4,15,18,55,6,29,15,17,8,26,10,16,5,3,18
2026,75,1275,105,1138,102,H,0,38,66,13,29,16,26,5,26,19,11,10,7,18,35,65,13,26,19,23,8,28,17,15,7,2,23
2026,75,1330,75,1111,73,A,0,25,49,11,23,14,23,5,27,14,10,4,1,22,26,56,6,22,15,25,10,23,12,7,6,3,20
2026,75,1163,64,1207,62,A,0,21,58,5,26,17,24,16,18,11,6,8,6,14,25,57,5,14,7,9,15,25,13,13,3,1,20
2026,75,1228,77,1278,67,H,0,24,59,13,35,16,19,17,25,16,10,5,4,9,26,65,12,35,3,3,11,20,16,7,7,2,16
2026,75,1438,72,1374,68,A,0,25,60,12,31,10,12,16,24,18,11,5,3,15,26,61,5,13,11,14,12,20,12,8,5,5,14
2026,75,1246,80,1397,78,A,0,28,59,11,24,13,21,14,15,14,9,8,6,22,25,53,8,19,20,29,16,20,18,12,6,4,19
2026,75,1139,77,1371,66,A,0,20,44,4,18,33,41,5,22,7,8,8,3,19,23,64,3,17,17,25,21,24,11,13,5,4,27
2026,75,1439,89,1323,76,H,0,27,53,7,20,28,32,9,23,12,12,6,2,17,27,61,6,24,16,21,13,17,11,13,5,2,20
2026,75,1210,78,1301,74,A,0,27,52,10,22,14,28,8,35,11,17,5,2,18,23,62,12,33,16,25,9,25,18,9,13,6,19
2026,74,1129,79,1161,73,H,0,23,49,12,30,21,27,11,17,12,11,8,2,12,23,47,14,25,13,14,6,20,13,15,3,0,18
2026,74,1173,78,1260,51,H,0,23,52,10,23,22,28,7,27,11,11,11,7,18,19,57,4,17,9,16,16,26,10,19,3,5,21
2026,74,1242,80,1124,62,H,0,32,63,5,17,11,13,7,30,15,4,8,8,10,22,61,11,29,7,10,11,26,9,11,2,4,12
2026,74,1344,93,1166,88,H,0,31,69,6,25,25,35,19,27,13,10,7,3,24,27,66,10,30,24,29,14,23,15,10,6,2,23
2026,73,1211,86,1450,65,A,0,34,68,6,16,12,17,17,26,16,8,14,2,18,21,52,13,28,10,20,10,19,10,17,6,1,17
2026,73,1218,86,1142,66,A,0,34,66,6,23,12,14,10,25,13,15,13,5,19,24,61,8,32,10,17,14,22,6,23,6,4,17
2026,73,1364,75,1167,69,A,0,21,47,10,26,23,29,10,22,11,11,2,6,18,26,55,2,12,15,21,11,19,6,8,5,4,22
2026,73,1194,85,1455,67,H,0,33,59,7,21,12,19,10,26,20,12,6,9,18,25,63,4,15,13,23,16,20,10,12,7,3,18
2026,73,1413,74,1168,69,H,0,24,52,5,21,21,31,12,31,13,20,9,2,22,21,56,8,24,19,32,12,20,9,15,7,4,25
2026,73,1451,91,1186,80,H,0,29,61,9,20,24,30,13,24,13,13,7,3,23,27,56,4,14,22,27,9,22,11,15,7,4,22
2026,73,1398,105,1287,100,H,0,38,64,11,18,18,26,10,25,27,11,6,9,23,31,68,9,22,29,34,14,22,22,8,6,1,20
2026,73,1122,74,1184,72,H,0,27,61,7,21,13,17,16,15,11,10,13,0,13,28,49,11,23,5,9,8,22,11,17,8,2,16
2026,73,1465,74,1101,58,A,0,25,56,6,14,18,21,12,30,13,10,4,8,19,19,51,3,10,17,25,7,21,11,8,5,1,16
2026,73,1324,73,1454,60,A,0,25,59,4,16,19,24,11,32,13,16,7,5,17,24,70,2,20,10,18,18,25,14,13,10,4,22
2026,73,1297,96,1178,71,H,0,32,59,9,23,23,31,7,33,19,9,5,5,14,30,78,8,28,3,9,15,23,8,7,5,2,21
2026,73,1453,88,1156,73,A,0,29,50,15,30,15,17,5,22,19,8,2,3,19,22,45,10,27,19,24,4,15,13,9,3,2,17
2026,73,1392,76,1220,71,H,0,27,57,12,27,10,15,12,24,16,7,2,6,12,24,61,14,31,9,11,14,21,16,7,3,5,16
2026,73,1474,85,1195,74,A,0,27,60,9,32,22,28,11,30,14,8,3,5,20,24,66,4,21,22,22,12,25,11,7,5,3,22
2026,73,1431,70,1174,69,A,0,28,60,8,24,6,9,6,26,13,4,4,6,16,22,54,10,22,15,21,11,28,14,8,1,1,13
2026,73,1111,80,1241,65,H,0,31,59,13,31,5,8,10,28,15,6,1,7,13,21,60,12,30,11,16,15,16,11,6,4,4,11
2026,73,1136,79,1420,74,H,0,31,60,9,24,8,12,12,27,14,15,7,4,17,23,53,11,30,17,20,5,20,15,11,7,0,14
2026,73,1251,73,1308,71,H,0,26,48,7,15,14,18,5,22,16,6,3,0,8,29,61,11,25,2,4,11,21,13,7,3,4,16
2026,72,1181,71,1143,56,A,0,28,62,7,32,8,17,16,28,16,10,6,5,17,19,52,5,23,13,17,6,24,9,11,8,1,22
2026,72,1140,76,1395,70,H,0,24,68,5,24,23,29,21,30,11,9,5,4,19,25,61,8,27,12,18,9,27,16,9,3,4,22
2026,72,1112,89,1113,82,H,0,32,59,4,11,21,26,11,28,16,9,6,5,17,32,67,11,25,7,11,10,18,15,9,4,7,22
2026,72,1276,82,1449,72,A,0,32,69,5,23,13,17,16,26,18,8,6,5,13,27,72,9,33,9,11,16,24,10,12,3,8,20
2026,72,1429,71,1305,62,H,0,22,49,7,21,20,24,7,27,16,11,9,8,18,21,61,7,16,13,17,16,23,11,14,7,2,17
2026,72,1365,85,1334,69,H,0,29,60,10,27,17,19,9,15,15,7,8,4,15,24,48,11,22,10,13,11,23,19,21,4,1,14
2026,72,1400,80,1435,64,H,0,27,51,7,17,19,22,11,31,13,15,6,2,17,22,60,9,25,11,15,10,14,13,10,7,4,18
2026,72,1390,95,1314,90,H,0,32,56,16,28,15,23,2,21,20,8,6,0,21,32,55,6,16,20,32,8,25,7,11,4,2,17
2026,72,1403,88,1428,74,H,0,36,70,13,31,3,5,13,28,24,11,4,8,12,25,58,12,26,12,17,6,22,10,13,6,0,9
2026,72,1116,108,1376,74,H,0,43,73,8,21,14,17,12,24,27,4,12,8,12,28,63,7,30,11,14,13,20,13,16,3,2,14
2026,72,1374,77,1439,76,H,0,29,60,3,15,16,23,11,27,14,11,5,5,15,28,61,9,28,11,18,12,24,15,10,9,2,16
2026,72,1228,79,1321,68,A,0,30,63,11,30,8,8,14,19,11,8,6,2,12,22,56,9,25,15,17,13,17,12,7,5,5,14
2026,72,1417,71,1336,60,A,0,20,47,10,26,21,21,11,21,14,14,4,2,15,20,46,4,22,16,17,6,15,12,12,5,1,17
2026,72,1361,74,1461,57,A,0,28,56,7,17,11,14,5,29,13,8,6,6,17,17,55,10,34,13,19,9,25,16,11,3,4,16
2026,72,1272,55,1396,53,H,0,20,59,6,24,9,15,11,24,12,11,10,9,16,18,53,2,19,15,19,13,28,9,14,5,7,17
2026,72,1416,82,1243,73,A,0,32,61,7,15,11,18,7,28,18,10,8,3,14,29,65,6,30,9,15,8,26,25,12,5,1,18
2026,72,1295,76,1355,65,H,0,26,56,14,31,10,12,6,25,13,9,10,1,13,24,55,9,26,8,12,7,24,11,11,7,3,14
2026,72,1137,76,1248,69,H,0,26,51,12,22,12,14,7,27,15,15,5,1,12,24,56,11,27,10,13,7,19,15,11,4,5,14
2026,72,1279,97,1208,95,A,0,36,70,11,24,14,19,12,25,15,9,8,5,24,27,72,15,35,26,34,21,21,16,9,6,1,17
2026,72,1386,68,1382,64,H,0,23,55,8,24,14,16,9,26,18,13,5,7,12,25,67,5,17,9,12,17,23,14,10,9,6,14
2026,72,1350,74,1247,53,H,0,28,57,8,19,10,14,5,33,15,6,6,4,12,21,62,6,23,5,9,8,26,6,9,5,2,13
2026,72,1172,84,1203,79,A,0,28,54,14,25,14,27,13,27,20,11,3,10,19,29,72,9,32,12,21,19,20,14,5,4,2,21
2026,72,1153,77,1160,68,H,0,25,56,3,16,24,35,8,24,18,10,9,5,17,25,56,7,20,11,15,9,24,15,17,5,3,24
2026,72,1347,89,1205,80,A,0,29,67,9,26,22,29,18,24,12,8,4,3,18,27,54,5,20,21,26,6,24,10,10,4,3,24
2026,72,1338,89,1210,66,A,0,34,64,11,26,10,12,11,23,19,9,12,4,18,24,60,8,20,10,15,14,21,16,15,3,3,10
2026,72,1159,86,1259,80,A,0,30,60,8,21,18,22,7,33,16,9,4,1,18,27,66,11,35,15,23,11,26,16,6,6,3,19
2026,72,1202,77,1359,73,A,0,29,67,8,31,11,16,15,28,12,10,5,3,19,25,57,5,20,18,23,6,26,13,9,5,4,15
2026,72,1407,91,1379,65,H,0,34,65,11,25,12,17,12,22,13,8,14,3,13,25,57,3,20,12,18,12,21,7,18,4,5,12
2026,72,1157,85,1267,83,A,0,30,53,10,22,15,17,4,27,10,12,3,3,17,32,68,9,17,10,16,12,20,13,6,10,3,16
2026,72,1281,84,1120,74,H,0,27,48,9,19,21,31,7,25,18,13,7,5,17,24,59,6,21,20,28,15,19,11,11,7,4,19
2026,72,1246,75,1261,74,A,0,25,56,10,23,15,22,7,22,14,9,7,3,19,23,47,9,19,19,28,7,25,12,12,4,6,17
2026,72,1358,77,1240,62,A,0,31,54,10,22,5,7,7,27,17,12,7,0,15,22,55,6,20,12,19,11,16,7,9,9,2,11
2026,72,1345,79,1234,72,H,0,27,51,6,14,19,22,6,20,20,9,5,2,15,27,51,12,25,6,10,5,18,14,13,6,2,20
2026,72,1457,92,1219,75,H,0,30,56,10,26,22,33,11,28,20,9,6,3,19,24,61,7,30,20,28,13,22,16,10,5,2,26
2026,72,1462,89,1139,75,H,0,35,74,9,28,10,12,16,26,30,9,8,6,17,26,60,8,27,15,19,9,25,19,13,5,5,12
2026,72,1433,84,1348,75,A,0,27,55,12,29,18,28,8,22,16,5,8,3,22,26,53,8,25,15,24,8,23,10,13,4,4,18
2026,72,1250,93,1131,91,A,0,31,63,11,24,20,23,3,27,17,6,9,3,18,32,60,6,16,21,26,6,31,18,11,1,5,20
2026,72,1151,76,1459,67,A,0,26,53,10,24,14,19,4,31,11,10,2,4,16,21,60,9,28,16,25,9,25,10,7,5,2,16
2026,71,1388,82,1362,68,A,0,26,53,8,15,22,25,9,32,18,10,6,2,16,26,59,11,26,5,13,6,20,11,9,6,4,21
2026,71,1424,89,1129,85,H,0,31,66,7,21,20,28,14,26,16,13,9,5,26,30,61,3,14,22,29,8,25,16,15,9,3,26
2026,71,1425,88,1268,71,H,0,34,66,8,25,12,16,13,22,23,6,6,5,22,21,48,8,22,21,27,4,20,6,12,4,3,20
2026,71,1242,84,1235,63,H,0,31,61,12,24,10,12,11,26,17,9,8,8,9,24,65,9,27,6,11,17,19,11,12,7,4,13
2026,71,1304,90,1332,55,H,0,32,60,17,36,9,11,8,26,20,6,11,3,14,20,48,6,23,9,17,7,22,11,16,3,0,14
2026,71,1104,97,1280,82,A,0,29,66,12,34,27,33,10,37,14,5,4,5,19,28,76,9,28,17,25,15,28,10,4,5,6,19
2026,71,1196,96,1328,79,A,0,38,71,6,22,14,19,17,26,20,7,9,5,18,26,60,10,16,17,24,11,20,13,11,3,2,17
2026,71,1201,79,1161,69,H,0,24,53,8,20,23,24,9,23,13,7,7,1,16,26,56,8,29,9,12,10,21,11,11,6,2,20
2026,71,1124,94,1329,79,A,0,35,59,13,25,11,14,9,25,18,12,6,4,13,31,67,10,25,7,12,15,16,16,10,7,1,12
2026,71,1307,87,1213,64,H,0,29,55,8,16,21,28,6,33,13,11,5,5,16,22,65,7,27,13,15,8,21,8,9,7,5,24
2026,71,1166,86,1207,83,H,0,32,61,13,33,9,11,7,17,10,6,7,2,14,33,58,7,16,10,14,9,23,15,8,3,1,17
2026,71,1393,94,1199,86,H,0,37,62,11,27,9,15,11,23,22,14,9,7,17,28,62,10,27,20,27,15,18,12,14,8,2,16
2026,71,1222,77,1452,48,H,0,25,58,11,35,16,21,12,26,17,7,9,3,14,17,46,9,25,5,10,6,23,10,15,4,2,20
2026,71,1163,69,1371,64,A,0,25,49,3,17,16,26,13,21,14,17,8,6,21,24,58,1,16,15,25,20,17,6,14,8,9,22
2026,71,1125,78,1434,74,H,0,32,57,8,20,6,6,5,24,17,9,3,5,15,27,62,12,31,8,15,14,20,16,11,5,1,11
2026,71,1277,81,1231,60,H,0,27,53,8,26,19,24,13,24,17,15,8,2,17,21,49,10,31,8,11,5,14,17,14,8,2,21
2026,71,1438,79,1257,70,A,0,21,53,14,34,23,29,14,30,15,13,4,9,22,24,67,10,38,12,18,17,19,13,8,8,2,21
2026,71,1397,87,1401,82,H,0,25,67,6,24,31,42,24,36,12,19,10,3,23,24,66,13,43,21,32,10,25,16,13,12,6,30
2026,71,1206,82,1260,74,A,0,27,57,8,17,20,26,13,20,17,7,5,4,14,29,54,6,21,10,18,8,17,17,9,4,2,18
2026,71,1173,71,1182,65,A,0,20,46,8,20,23,28,6,25,14,10,7,4,17,21,51,7,25,16,22,8,23,15,12,6,3,20
2026,71,1458,78,1278,75,A,0,25,55,14,33,14,18,6,27,17,7,1,5,19,27,52,5,18,16,24,4,23,20,5,3,2,14
2026,71,1274,81,1323,69,A,0,29,58,6,22,17,21,8,20,10,8,13,1,17,25,53,7,23,12,18,12,23,7,18,4,3,20
2026,71,1269,85,1444,82,A,0,29,61,11,29,16,20,12,22,17,10,8,3,16,29,61,12,31,12,16,12,23,18,10,6,2,18
2026,71,1437,88,1344,82,A,0,32,64,10,28,14,18,14,20,21,10,7,1,16,31,56,8,25,12,17,7,20,12,13,6,3,19
2026,71,1385,92,1266,68,H,0,33,65,5,19,21,24,13,26,20,12,9,2,18,23,49,5,15,17,27,7,19,10,19,7,4,17
2026,71,1245,87,1138,81,A,0,31,63,11,28,14,18,13,33,25,12,3,3,19,26,58,10,24,19,27,6,23,23,5,10,2,17
2026,70,1411,84,1290,51,H,0,29,58,17,33,9,12,9,27,23,15,8,3,16,21,54,3,10,6,16,12,20,8,17,8,1,10
2026,70,1341,73,1115,61,H,0,24,56,6,15,19,31,11,31,15,7,7,4,18,20,60,7,26,14,23,13,24,7,14,1,5,24
2026,70,1300,89,1288,78,A,0,30,47,4,9,25,33,4,24,24,9,6,1,24,24,55,7,22,23,33,12,19,14,11,3,2,22
2026,69,1449,81,1326,74,H,0,28,56,6,18,19,23,9,20,14,7,4,6,14,27,63,7,22,13,15,17,22,14,11,4,3,17
2026,69,1416,73,1153,72,H,0,30,52,6,14,7,9,4,26,20,14,1,3,14,32,67,3,19,5,8,10,17,19,7,9,3,14
2026,69,1353,77,1321,75,H,0,26,64,6,19,19,27,13,34,14,6,4,4,21,26,63,6,18,17,29,11,29,20,6,5,6,22
2026,69,1455,78,1317,67,H,0,26,51,5,11,21,29,12,27,8,18,8,7,16,24,64,3,10,16,22,15,16,7,12,13,6,22
2026,69,1460,94,1324,84,A,0,35,59,9,18,15,15,10,30,21,18,4,4,21,27,58,7,19,23,32,7,14,9,6,13,7,14
2026,69,1453,80,1297,78,H,0,30,52,10,19,10,15,9,25,20,9,1,3,15,26,58,10,26,16,20,9,16,16,3,7,1,17
2026,69,1373,67,1291,50,A,0,23,55,7,23,14,20,11,24,10,8,7,1,17,15,51,6,27,14,20,14,24,6,15,4,3,19
2026,69,1194,89,1272,78,H,0,35,69,8,28,11,16,14,32,15,15,8,9,16,28,62,12,28,10,16,5,24,18,14,9,1,17
2026,69,1178,94,1156,84,H,0,29,65,10,22,26,31,20,29,23,16,11,3,23,27,58,15,33,15,24,8,19,18,14,7,4,23
2026,69,1228,75,1234,69,A,0,28,57,10,28,9,11,9,29,15,12,7,4,11,27,66,9,29,6,6,10,21,19,8,5,2,14
2026,69,1386,67,1350,65,A,0,27,64,10,31,3,6,9,33,15,11,5,4,12,22,64,10,25,11,16,8,29,10,7,6,2,8
2026,68,1218,67,1414,66,H,0,26,64,6,24,9,13,13,23,15,14,7,11,15,26,67,2,8,12,15,18,26,6,15,9,9,15
2026,68,1361,71,1201,52,H,0,28,70,6,29,9,12,13,35,17,11,9,5,10,18,59,9,32,7,7,5,30,11,17,9,2,13
2026,68,1140,89,1428,84,A,0,32,64,6,26,19,29,16,25,16,11,4,4,15,30,65,6,22,18,21,10,23,14,9,6,3,22
2026,68,1305,92,1461,83,H,0,31,51,10,16,20,24,9,19,21,8,2,6,19,26,50,8,18,23,31,9,13,10,6,4,1,23
2026,68,1429,93,1129,68,A,0,33,58,11,25,16,21,12,21,19,8,6,3,22,21,57,7,26,19,25,14,17,10,12,4,4,19
2026,68,1246,92,1280,68,H,0,37,67,9,22,9,14,14,22,21,9,14,2,12,27,56,3,20,11,14,9,19,15,15,6,4,12
2026,68,1400,92,1104,88,A,0,30,66,10,24,22,32,18,30,9,7,6,6,21,29,66,11,28,19,27,13,25,16,7,5,9,24
2026,68,1417,67,1268,55,H,0,22,51,5,17,18,27,5,24,15,6,7,5,14,20,66,6,33,9,15,20,28,11,13,4,2,23
2026,68,1451,76,1294,71,A,0,25,53,3,10,23,33,10,20,4,9,6,0,20,27,59,1,14,16,20,14,22,11,11,5,2,23
2026,68,1292,59,1308,55,A,0,20,50,4,19,15,24,6,32,12,9,7,2,14,18,52,6,25,13,22,8,29,11,11,5,1,17
2026,68,1403,73,1160,71,A,0,29,70,11,31,4,10,16,30,20,9,5,1,20,23,58,6,21,19,22,7,29,14,7,6,2,9
2026,68,1253,81,1167,75,H,0,26,53,7,17,22,29,7,28,18,16,10,3,19,26,60,6,18,17,20,8,23,18,14,7,3,20
2026,68,1371,76,1207,67,A,0,24,57,4,14,24,33,14,27,9,11,8,2,20,21,62,7,20,18,21,14,24,8,12,8,1,23
2026,68,1120,95,1116,73,H,0,34,60,10,22,17,24,9,28,20,10,11,2,17,25,58,8,21,15,21,8,20,9,11,7,3,18
2026,68,1314,87,1448,84,H,0,29,55,9,26,20,30,13,22,20,14,10,2,13,31,64,14,35,8,11,10,17,13,13,9,0,22
2026,68,1133,75,1320,69,H,0,25,58,7,24,18,28,9,32,13,5,4,3,14,25,59,8,25,11,18,6,30,7,5,4,0,20
2026,68,1125,78,1179,76,A,0,24,63,11,37,19,25,16,27,14,14,14,2,19,25,57,17,38,9,14,8,25,16,17,6,4,24
2026,68,1341,70,1290,69,H,0,21,51,6,18,22,36,7,21,17,11,6,8,15,25,56,7,18,12,19,13,33,14,18,4,1,28
2026,68,1155,76,1323,61,A,0,27,58,7,26,15,18,8,23,11,6,7,1,15,20,47,9,21,12,18,6,23,7,14,2,3,16
2026,68,1423,75,1392,71,A,0,28,59,12,25,7,15,11,25,17,10,6,3,8,28,60,10,29,5,6,7,26,18,10,7,7,16
2026,68,1279,76,1281,69,H,0,26,61,9,22,15,19,10,24,15,7,5,6,21,25,51,7,24,12,24,9,26,22,13,3,5,17
2026,68,1115,74,1411,66,A,0,28,57,7,20,11,16,7,27,17,10,10,2,17,24,59,2,14,16,23,10,24,7,11,8,3,13
2026,68,1388,88,1450,82,H,0,27,56,14,30,20,20,8,21,19,14,8,0,15,30,55,8,25,14,19,7,20,19,13,7,1,18
2026,68,1137,70,1259,67,H,0,26,59,6,22,12,16,12,24,15,14,9,2,15,23,60,14,37,7,9,11,24,17,15,10,2,15
2026,68,1158,74,1214,70,H,0,23,45,6,19,22,30,4,24,13,8,4,7,12,27,68,6,23,10,14,20,19,10,8,4,0,24
2026,68,1142,84,1413,78,H,0,24,57,10,34,26,28,7,31,12,10,6,1,18,25,63,11,28,17,20,9,28,17,11,6,0,20
2026,68,1225,92,1286,89,H,0,34,68,13,29,11,14,12,17,10,5,6,2,19,32,55,8,14,17,21,8,25,12,12,4,3,16
2026,68,1186,66,1285,65,H,0,25,56,9,21,7,7,5,21,15,9,6,5,15,24,52,2,14,15,18,9,24,14,12,6,3,12
2026,68,1244,88,1240,82,H,0,27,57,9,24,25,34,11,22,16,10,5,6,21,28,58,9,23,17,27,10,22,13,12,6,4,22
2026,68,1151,88,1359,79,H,0,29,61,8,19,22,24,3,30,16,3,6,3,24,25,54,7,22,22,36,5,30,16,8,2,3,17
2026,68,1322,79,1394,78,H,0,27,48,6,12,19,24,7,23,11,16,5,1,20,27,53,6,18,18,28,8,18,10,9,8,5,23
2026,68,1112,86,1395,73,A,0,34,67,7,16,11,15,10,28,21,10,8,2,21,25,59,6,21,17,24,8,24,13,12,5,6,16
2026,68,1235,83,1329,71,H,0,27,58,5,16,24,30,9,27,17,10,10,1,18,21,48,8,22,21,26,3,23,16,15,5,3,21
2026,68,1293,92,1434,79,H,0,31,65,12,31,18,23,12,23,16,11,10,5,18,27,58,7,16,18,22,10,25,9,16,6,4,21
2026,68,1387,84,1247,72,A,0,29,51,10,23,16,22,8,26,22,14,5,2,25,22,55,2,15,26,39,13,17,13,7,12,2,16
2026,68,1221,84,1110,73,A,0,28,51,4,16,24,33,5,26,7,10,6,2,23,24,58,2,24,23,26,10,20,9,10,6,0,24
2026,68,1462,97,1344,84,H,0,37,75,12,30,11,15,6,32,23,4,4,7,21,31,69,8,32,14,21,8,33,20,9,1,4,16
2026,68,1439,78,1143,75,H,0,23,53,5,23,27,31,11,17,10,10,4,2,18,25,56,6,20,19,21,12,19,13,13,6,2,28
2026,68,1254,67,1384,63,H,0,25,61,2,12,15,25,21,28,11,19,6,11,19,23,53,9,18,8,14,3,20,10,15,11,1,20
2026,68,1190,86,1422,60,H,0,37,62,6,18,6,8,3,24,17,8,15,4,18,18,53,5,20,19,25,13,23,7,21,5,1,11
2026,68,1241,70,1330,69,H,0,24,49,2,11,20,25,8,34,11,16,3,5,17,23,62,9,23,14,20,9,21,8,7,11,3,19
2026,68,1209,81,1267,73,H,0,21,54,6,24,33,39,14,23,9,14,9,2,21,25,61,10,30,13,22,14,20,17,17,8,3,33
2026,68,1252,84,1195,77,A,0,26,55,14,27,18,21,7,23,20,14,4,4,15,30,59,5,17,12,19,8,21,16,11,12,4,19
2026,68,1443,68,1431,56,A,0,25,64,5,19,13,22,17,27,11,10,13,4,15,17,53,5,22,17,22,10,27,9,15,6,6,17
2026,68,1401,83,1328,76,H,0,26,62,10,33,21,25,12,20,12,8,8,5,20,26,62,11,31,13,16,16,27,12,17,4,3,22
2026,68,1287,71,1369,69,H,0,27,47,4,11,13,18,8,22,10,12,3,3,19,24,57,7,21,14,21,11,13,17,5,8,1,19
2026,68,1251,82,1358,74,A,0,29,51,6,18,18,23,2,21,22,12,8,6,14,27,62,9,24,11,14,14,23,10,16,8,1,18
2026,68,1203,101,1260,66,H,0,34,72,15,38,18,19,13,29,19,8,12,4,16,26,65,8,36,6,12,14,25,20,20,6,5,16
2026,68,1378,93,1409,78,A,0,32,67,16,42,13,19,14,27,18,11,10,3,24,20,48,7,23,31,39,6,25,12,13,5,4,17
2026,68,1113,87,1243,84,H,0,30,64,3,22,24,32,18,30,14,15,6,10,17,28,70,13,31,15,21,16,18,14,13,7,3,27
2026,68,1421,91,1347,72,A,0,31,58,11,25,18,29,10,33,13,13,5,1,23,23,59,3,26,23,32,9,26,9,7,5,1,25
2026,68,1437,76,1266,73,A,0,31,56,7,25,7,7,6,20,14,10,7,3,16,25,57,11,31,12,15,10,17,14,9,8,1,11
2026,68,1438,70,1390,55,H,0,25,57,6,22,14,17,12,25,17,9,3,7,16,18,56,5,26,14,17,12,21,9,13,7,4,15
2026,68,1345,93,1336,85,H,0,38,66,11,29,6,14,8,19,25,3,7,1,10,32,56,12,27,9,10,5,23,16,10,2,0,17
2026,68,1181,82,1374,75,H,0,25,51,11,26,21,27,8,15,18,13,12,1,13,30,53,7,14,8,9,8,22,10,21,8,2,21
2026,68,1208,75,1376,70,A,0,26,62,6,27,17,22,11,27,14,8,6,6,17,24,58,7,24,15,21,9,26,10,9,5,4,19
2026,68,1250,78,1159,77,A,0,24,59,10,19,20,26,14,21,16,7,5,5,16,27,58,7,17,16,21,12,24,16,10,4,3,18
2026,68,1348,70,1172,45,A,0,28,48,7,19,7,10,3,27,17,10,5,3,18,15,43,3,17,12,19,4,19,7,13,7,2,14
2026,68,1385,90,1166,73,A,0,33,65,12,23,12,18,12,27,19,6,7,3,20,23,50,10,26,17,20,2,24,12,9,4,2,18
2026,68,1393,83,1338,72,A,0,29,52,10,22,15,18,6,22,17,11,7,1,14,28,64,5,26,11,11,14,16,13,12,7,3,15
2026,68,1295,78,1303,76,A,0,30,54,8,24,10,11,5,16,16,8,6,4,14,27,53,9,22,13,14,10,20,19,12,4,1,13
2026,68,1343,76,1463,60,H,0,22,48,11,27,21,23,8,28,11,12,7,4,16,23,65,5,29,9,15,13,17,6,8,5,0,21
2026,68,1325,91,1138,80,H,0,34,57,6,17,17,20,11,28,15,18,7,4,20,29,67,8,25,14,22,15,11,10,11,10,3,18
2026,68,1107,71,1136,46,H,0,27,53,7,20,10,15,12,28,9,8,4,4,15,15,55,6,30,10,16,14,16,5,9,4,3,13
2026,68,1273,109,1459,97,H,0,35,55,12,19,27,31,7,27,23,13,7,2,20,32,68,16,32,17,22,13,16,15,12,8,3,24
2026,68,1474,89,1316,82,A,0,30,65,11,34,18,24,14,27,14,9,6,2,13,31,67,10,32,10,12,8,23,19,9,5,2,18
2026,68,1122,81,1391,69,A,0,28,58,7,19,18,32,8,28,16,5,12,1,16,26,64,10,34,7,11,13,28,19,14,5,3,20
2026,68,1458,91,1276,88,A,0,29,58,15,33,18,23,8,22,16,10,5,4,18,29,62,8,25,22,24,9,23,11,9,1,5,18
2026,68,1222,77,1124,55,A,0,29,74,11,39,8,13,23,22,16,5,7,5,24,15,41,7,19,18,31,10,24,11,16,3,4,13
2026,68,1435,84,1261,73,H,0,27,63,7,30,23,29,12,24,13,7,10,6,17,27,59,7,20,12,17,10,25,14,14,4,3,17
2026,68,1407,90,1418,70,A,0,34,63,17,29,5,11,18,24,25,13,0,1,11,25,54,10,25,10,13,6,13,11,10,5,5,13
2026,68,1157,67,1111,62,H,0,26,52,9,20,6,11,7,25,11,7,2,4,17,21,58,7,24,13,17,12,22,5,4,3,2,9
2026,68,1304,83,1231,77,A,0,29,60,14,34,11,14,9,22,18,8,9,0,12,26,56,11,30,14,17,10,21,16,14,4,0,15
2026,68,1196,91,1397,67,H,0,31,64,9,30,20,25,12,29,14,10,13,3,21,21,49,6,15,19,29,6,24,8,18,7,4,19
2026,68,1452,86,1242,75,H,0,27,56,11,26,21,29,11,27,12,9,2,3,16,26,61,8,27,15,18,10,22,11,6,7,5,23
2026,68,1206,86,1433,80,H,0,31,55,3,14,21,24,6,23,16,7,4,0,20,27,57,7,25,19,25,11,20,9,8,4,4,21
2026,68,1274,91,1210,81,H,0,30,58,10,25,21,32,8,23,20,8,11,2,23,26,57,6,14,23,27,8,24,18,14,4,5,23
2026,68,1301,113,1199,69,A,0,38,69,19,35,18,23,11,33,20,9,11,7,23,22,56,5,23,20,29,6,19,7,13,5,2,22
2026,67,1161,70,1424,62,H,0,20,46,9,21,21,30,12,22,11,15,7,3,20,20,49,7,20,15,25,12,17,10,16,9,2,26
2026,67,1425,70,1278,69,A,0,25,57,6,21,14,17,15,27,18,16,7,6,14,24,62,12,35,9,15,15,18,19,11,8,3,16
2026,67,1297,85,1454,67,A,0,29,65,14,39,13,16,18,25,19,9,7,1,16,25,56,6,24,11,19,10,19,11,9,4,3,17
2026,67,1324,97,1156,74,H,0,32,75,9,33,24,27,24,28,23,12,10,5,16,31,75,4,27,8,10,18,21,13,12,9,2,21
2026,67,1460,84,1178,82,A,0,27,52,7,16,23,28,7,21,13,12,3,5,26,28,60,3,14,23,31,14,21,12,10,6,1,23
2026,67,1291,70,1389,65,H,0,19,50,6,18,26,32,11,30,10,14,8,6,21,18,63,8,31,21,29,20,22,9,12,10,4,23
2026,66,1211,89,1365,77,H,0,34,59,6,16,15,21,10,25,17,13,4,1,18,28,65,7,26,14,16,13,18,12,15,7,3,20
2026,66,1326,72,1332,62,A,0,24,53,6,18,18,23,13,28,10,12,5,5,20,20,61,7,30,15,20,15,17,12,7,6,6,18
2026,66,1414,74,1253,64,H,0,24,56,4,13,22,28,8,30,11,9,10,5,15,25,60,4,14,10,13,7,28,11,13,5,3,20
2026,66,1168,88,1471,71,A,0,29,58,15,29,15,24,6,22,21,6,11,2,18,22,55,9,34,18,20,12,27,12,17,1,0,18
2026,66,1413,93,1364,86,A,0,30,58,13,32,20,24,8,25,16,11,8,4,20,29,53,12,24,16,25,4,22,20,9,4,1,19
2026,66,1285,79,1225,73,A,0,26,52,8,24,19,22,4,28,14,13,6,1,25,25,64,4,23,19,29,17,24,6,8,9,2,21
2026,66,1286,68,1186,64,A,0,22,48,7,20,17,21,11,25,11,17,5,5,18,22,61,4,18,16,17,14,16,14,10,7,2,20
2026,66,1431,83,1292,80,H,0,25,58,8,19,25,36,13,25,13,9,5,4,16,28,59,9,25,15,17,7,25,14,12,5,4,28
2026,66,1308,80,1443,64,H,0,22,56,10,23,26,34,17,32,11,11,4,3,15,21,68,5,22,17,23,18,22,8,5,5,5,22
2026,66,1228,81,1353,55,H,0,26,59,11,31,18,21,12,33,13,7,2,5,8,23,63,6,22,3,8,9,23,8,7,5,5,20
2026,66,1114,73,1188,70,A,0,25,60,6,18,17,25,16,18,15,7,11,0,13,25,54,9,22,11,16,15,22,17,16,4,2,18
2026,66,1303,90,1315,79,H,0,27,45,8,17,28,35,6,29,14,13,3,3,21,24,60,10,31,21,30,13,13,9,7,8,3,26
2026,66,1358,72,1174,60,H,0,24,64,8,26,16,18,15,29,16,6,5,1,14,21,53,10,32,8,12,6,26,12,9,4,4,17
2026,66,1384,71,1447,69,A,0,24,53,7,23,16,19,9,21,15,11,8,2,17,26,59,5,21,12,19,15,23,15,13,8,2,16
2026,66,1423,87,1318,78,A,0,25,57,7,19,30,34,12,29,14,13,2,7,22,29,61,6,21,14,24,8,21,18,7,8,5,23
2026,66,1180,56,1392,37,H,0,19,49,10,24,8,10,9,31,14,13,5,4,14,12,59,5,27,8,11,16,21,6,8,7,2,11
2026,66,1111,52,1209,50,A,0,20,61,6,27,6,10,17,32,10,12,2,5,13,19,58,4,18,8,13,8,25,8,7,4,5,18
2026,66,1330,70,1157,66,A,0,29,64,7,21,5,13,14,32,12,12,7,3,16,21,58,10,24,14,18,7,27,12,10,5,5,13
2026,66,1391,91,1252,83,H,0,29,55,10,28,23,29,4,25,14,11,10,1,20,30,57,6,21,17,24,5,28,15,14,5,1,21
2026,66,1122,82,1195,71,A,0,25,57,14,31,18,25,11,23,18,10,10,2,14,26,56,8,24,11,17,9,25,17,15,6,3,17
2026,66,1277,76,1321,66,H,0,24,49,5,18,23,33,11,31,17,15,3,2,15,22,58,6,26,16,20,8,17,14,6,9,2,24
2026,65,1213,75,1129,58,A,0,30,60,6,21,9,12,10,28,11,12,8,6,19,17,49,4,19,20,25,7,21,6,14,4,2,16
2026,65,1112,101,1243,76,H,0,34,69,3,16,30,39,15,40,17,8,8,8,19,26,77,8,36,16,19,12,20,14,10,6,4,29
2026,65,1140,104,1113,76,H,0,35,61,14,31,20,25,11,29,19,16,11,10,21,28,74,7,25,13,18,20,18,18,15,10,1,19
2026,65,1435,96,1104,90,H,0,27,59,7,20,35,50,8,30,11,8,9,6,29,26,70,9,40,29,38,18,31,9,13,3,1,35
2026,65,1116,94,1279,87,A,0,31,60,10,24,22,30,14,23,19,11,7,2,16,31,61,8,26,17,21,8,19,19,10,8,5,22
2026,65,1438,84,1143,60,H,0,30,60,9,29,15,23,13,32,23,11,5,9,21,19,54,3,19,19,22,6,20,12,9,8,3,20
2026,65,1155,74,1374,70,H,0,24,56,9,31,17,24,11,22,13,9,6,1,20,19,51,6,17,26,29,12,25,10,13,5,2,23
2026,65,1133,93,1179,66,H,0,31,61,12,29,19,28,8,33,16,8,8,4,21,19,53,11,29,17,28,6,28,11,14,6,3,18
2026,65,1172,79,1260,64,A,0,27,58,14,32,11,17,10,26,22,10,7,6,20,23,59,6,23,12,21,14,22,16,12,8,3,19
2026,65,1160,85,1428,73,H,0,29,62,8,24,19,21,13,28,16,11,5,6,15,26,66,5,16,16,23,14,21,11,7,9,2,18
2026,65,1345,81,1449,73,H,0,34,60,5,15,8,12,11,26,19,14,6,4,15,28,63,8,26,9,12,9,16,18,13,9,0,18
2026,65,1235,70,1124,60,A,0,26,64,6,19,12,20,16,28,12,12,8,4,25,19,62,5,27,17,29,21,26,8,14,5,7,22
2026,65,1378,74,1317,70,A,0,21,47,5,19,27,36,13,26,13,17,8,2,19,27,59,7,16,9,20,13,20,12,13,10,3,23
2026,65,1194,76,1412,71,A,0,24,61,9,32,19,24,11,34,11,12,9,4,20,22,60,7,22,20,28,11,29,11,12,7,2,17
2026,65,1166,76,1437,72,A,0,29,58,7,23,11,16,13,26,10,8,3,3,12,29,66,6,24,8,11,12,18,14,6,4,2,15
2026,65,1163,103,1344,98,A,0,35,71,18,32,15,18,10,23,25,12,11,2,19,32,64,14,24,20,27,10,27,15,17,4,2,17
2026,65,1125,78,1320,65,A,0,30,50,10,21,8,15,5,29,17,6,3,3,16,23,59,12,36,7,10,8,18,16,3,2,4,14
2026,65,1159,64,1110,62,H,0,23,51,4,13,14,23,13,23,14,10,4,2,12,25,52,9,17,3,6,6,21,15,11,4,0,18
2026,65,1387,71,1433,62,A,0,27,63,6,20,11,16,6,36,14,12,9,4,21,18,63,6,24,20,24,9,33,7,12,10,8,16
2026,65,1350,89,1382,80,A,0,29,55,8,19,23,30,10,29,16,10,7,4,14,32,71,8,28,8,13,14,21,11,7,1,2,19
2026,65,1247,79,1348,72,A,0,25,41,7,13,22,33,8,20,12,13,12,3,15,24,58,12,34,12,18,16,14,16,16,9,3,25
2026,65,1386,97,1182,90,H,0,33,68,9,29,22,29,13,24,17,11,10,5,12,34,74,9,34,13,15,14,23,13,14,8,4,23
2026,65,1131,83,1248,67,A,0,31,58,10,19,11,15,9,33,21,9,1,2,16,28,61,3,19,8,16,7,21,15,5,5,4,15
2026,65,1219,104,1205,49,H,0,37,73,10,29,20,26,16,36,26,9,18,6,10,20,62,7,31,2,6,8,24,11,24,5,3,17
2026,65,1266,66,1462,65,H,0,26,65,5,22,9,18,19,28,16,15,13,3,10,22,59,11,24,10,14,10,24,11,16,12,6,18
2026,65,1274,81,1448,77,A,0,27,54,4,18,23,30,13,24,15,13,6,1,19,28,54,11,21,10,14,4,16,15,12,10,6,22
2026,65,1390,69,1439,68,A,0,26,58,10,28,7,9,10,21,11,8,7,6,21,21,53,7,20,19,25,14,22,7,9,4,2,13
2026,65,1267,66,1241,64,A,0,23,60,8,26,12,16,13,25,13,6,8,5,16,25,60,6,23,8,13,14,26,12,11,3,3,17
2026,65,1281,73,1246,68,A,0,27,52,6,17,13,18,4,25,20,12,8,4,19,22,51,7,18,17,24,8,23,16,13,7,4,18
2026,65,1280,72,1328,53,H,0,25,59,2,15,20,28,17,29,7,9,8,6,18,17,55,3,20,16,25,13,22,4,13,4,6,19
2026,65,1231,84,1268,66,A,0,27,60,8,25,22,26,14,27,13,11,3,0,20,25,61,5,26,11,17,12,21,7,11,5,2,21
2026,65,1421,72,1255,61,H,0,25,55,9,20,13,21,14,26,13,11,5,4,18,21,55,6,22,13,20,9,17,10,10,8,4,14
2026,65,1250,66,1221,58,H,0,26,53,6,15,8,9,6,26,13,12,8,3,11,24,55,3,13,7,10,5,22,8,9,8,1,15
2026,65,1459,97,1422,85,H,0,33,66,12,28,19,26,12,26,16,4,5,2,21,30,61,11,20,14,21,12,23,12,9,1,2,15
2026,65,1202,78,1151,67,A,0,26,57,11,26,15,20,10,29,17,11,6,3,14,24,64,13,34,6,8,10,22,13,12,4,4,19
2026,64,1361,73,1305,68,A,0,28,54,4,17,13,19,12,26,18,13,7,5,19,21,59,8,28,18,20,13,18,17,9,8,1,17
2026,64,1461,98,1424,66,H,0,33,60,9,21,23,29,14,29,16,14,7,3,31,18,48,5,11,25,45,11,18,5,12,7,4,26
2026,64,1222,69,1403,65,H,0,24,61,4,17,17,22,12,24,8,6,5,2,15,23,56,9,28,10,11,8,27,14,14,4,5,19
2026,64,1397,85,1400,71,H,0,29,55,6,15,21,29,15,22,14,13,12,4,23,22,57,11,29,16,20,15,16,14,16,8,2,21
2026,64,1242,104,1395,100,H,0,33,63,8,20,30,40,9,29,13,13,8,5,19,35,75,15,35,15,24,16,27,18,16,7,7,25
2026,64,1307,80,1161,70,A,0,28,53,11,25,13,21,9,22,14,10,6,1,14,27,59,7,25,9,11,11,20,15,14,3,0,16
2026,64,1458,80,1417,72,H,0,25,55,10,30,20,27,6,26,14,8,4,0,21,28,61,1,17,15,23,9,26,11,10,3,3,21
2026,64,1401,90,1120,88,A,0,32,61,13,30,13,20,12,22,14,14,11,4,21,29,65,7,26,23,31,19,21,12,13,5,5,17
2026,64,1278,70,1234,67,H,0,22,47,5,20,21,28,3,25,15,10,10,3,17,25,63,7,26,10,13,14,25,12,14,5,4,22
2026,64,1329,87,1416,76,H,0,25,53,10,19,27,35,5,34,13,16,5,3,18,27,72,7,33,15,23,13,23,15,11,8,3,25
2026,64,1173,79,1203,72,H,0,23,55,6,20,27,30,11,17,17,11,14,0,16,25,52,10,28,12,20,14,21,9,22,6,3,25
2026,64,1276,74,1336,72,A,0,26,57,8,27,14,19,7,30,15,12,3,7,20,23,66,8,30,18,23,15,28,10,10,7,1,19
2026,64,1181,84,1257,73,A,0,29,57,7,23,19,28,8,31,10,12,11,2,17,26,65,12,38,9,12,10,27,13,14,7,1,20
2026,64,1196,92,1208,77,H,0,35,75,6,25,16,23,22,34,18,13,8,10,17,29,70,4,19,15,23,11,24,6,9,6,7,17
2026,64,1452,62,1153,60,H,0,22,48,11,23,7,13,6,31,9,15,6,1,14,22,62,12,35,4,9,10,23,19,8,7,2,15
2026,64,1385,84,1139,70,A,0,33,66,7,19,11,15,7,21,16,5,12,4,20,24,48,7,17,15,18,6,28,11,21,3,1,16
2026,64,1393,82,1210,72,A,0,26,61,7,19,23,31,14,30,15,15,5,7,19,25,64,4,18,18,26,11,23,16,9,8,5,28
2026,64,1275,87,1444,76,H,0,27,54,6,26,27,34,11,30,12,14,6,7,19,28,66,4,16,16,22,13,21,10,11,8,0,27
2026,64,1376,78,1261,68,A,0,25,53,12,21,16,21,7,23,17,6,8,3,18,24,62,8,25,12,14,17,25,12,14,4,5,20
2026,64,1325,86,1269,83,H,0,30,58,12,28,14,21,6,26,19,12,11,3,17,31,65,8,21,13,17,11,26,14,12,7,2,19
2026,63,1277,80,1425,51,H,0,30,60,7,22,13,18,10,29,15,12,9,6,14,18,55,3,17,12,16,8,22,10,17,6,3,17
2026,63,1212,84,1411,67,H,0,27,55,12,28,18,27,12,21,9,12,8,2,12,24,59,8,21,11,12,9,16,11,16,5,6,19
2026,63,1270,66,1372,64,H,0,25,63,8,29,8,13,17,22,10,7,10,3,14,25,58,10,27,4,7,14,26,14,15,4,0,16
2026,63,1341,89,1380,85,A,0,33,59,6,15,17,24,7,25,10,13,4,9,25,25,60,7,15,28,35,14,24,12,13,6,4,24
2026,63,1353,88,1332,85,H,0,26,60,6,18,30,34,10,22,10,7,10,2,18,30,66,13,32,12,16,16,27,19,17,5,2,22
2026,63,1453,79,1454,76,H,0,28,45,3,9,20,29,3,21,12,8,4,1,18,27,54,10,22,12,17,9,18,14,10,1,1,23
2026,63,1343,78,1335,76,H,0,28,52,7,19,15,23,6,17,11,10,5,4,16,26,57,5,12,19,19,13,22,11,13,4,2,19
2026,63,1304,72,1326,69,A,0,25,57,8,29,14,17,8,30,12,12,5,1,12,26,57,9,26,8,13,4,25,13,8,5,2,14
2026,63,1115,90,1106,79,H,0,23,51,10,19,34,41,12,29,17,16,5,3,22,27,61,6,19,19,26,9,20,10,11,10,10,26
2026,62,1231,90,1449,80,H,0,31,60,12,28,16,20,11,22,16,4,1,1,19,26,57,6,21,22,25,8,21,10,4,1,3,18
2026,62,1450,81,1333,67,H,0,28,58,9,26,16,22,14,24,13,12,5,3,17,22,50,9,25,14,21,6,19,13,10,7,2,21
2026,62,1293,86,1133,66,H,0,30,59,13,30,13,14,9,35,15,12,0,6,14,23,70,7,18,13,16,13,20,8,4,5,2,15
2026,62,1317,72,1409,67,H,0,25,54,8,18,14,18,9,19,15,8,7,8,17,21,47,4,14,21,25,9,22,8,13,1,4,19
2026,62,1384,85,1192,82,H,0,25,54,10,26,25,30,7,23,17,11,4,2,24,25,54,6,23,26,33,7,23,12,9,3,1,22
2026,62,1179,74,1232,72,H,0,31,59,8,23,4,9,10,19,15,9,6,2,18,23,51,10,27,16,19,10,22,16,14,6,2,15
2026,62,1324,96,1352,73,H,0,30,56,3,16,33,37,10,25,18,6,7,4,18,28,61,5,22,12,17,12,17,19,10,1,2,24
2026,62,1163,73,1266,57,H,0,27,63,5,24,14,21,17,32,16,11,7,8,15,20,62,5,24,12,19,12,25,9,11,9,3,21
2026,62,1174,67,1244,52,H,0,26,52,5,15,10,17,6,28,12,10,8,8,14,17,60,7,35,11,12,15,24,11,13,6,6,16
2026,62,1251,78,1240,69,H,0,24,54,8,22,22,28,10,23,14,7,3,2,16,23,57,6,19,17,19,12,22,10,9,4,5,21
2026,62,1292,68,1358,67,H,0,24,62,11,29,9,10,9,22,10,10,11,3,11,27,56,5,11,8,12,10,30,14,17,7,3,13
2026,62,1412,109,1378,106,A,0,36,82,6,15,31,43,12,37,13,8,9,4,26,35,81,13,37,23,36,17,44,22,14,5,6,26
2026,62,1371,56,1166,54,H,0,19,53,2,7,16,19,6,28,11,8,8,5,15,19,55,6,27,10,16,11,30,11,11,6,2,17
2026,61,1361,110,1129,107,H,0,39,73,11,24,21,32,8,30,21,14,10,4,29,33,79,14,42,27,31,13,32,18,17,6,1,24
2026,61,1471,83,1218,73,H,0,31,64,8,25,13,15,10,23,18,8,8,3,21,25,53,7,23,16,19,7,22,21,11,5,5,14
2026,61,1253,74,1142,66,H,0,29,58,4,17,12,17,7,28,16,12,5,4,21,19,56,10,30,18,25,8,26,15,11,5,0,14
2026,61,1281,76,1196,74,H,0,25,55,8,22,18,30,11,26,11,10,4,3,19,26,63,7,27,15,20,13,24,17,8,3,4,22
2026,61,1345,89,1458,73,A,0,33,71,10,27,13,19,14,23,22,7,8,3,18,24,57,4,25,21,26,10,29,7,11,7,2,17
2026,61,1307,78,1461,58,H,0,30,64,9,22,9,12,17,20,15,9,6,2,14,21,53,7,28,9,13,12,18,14,13,5,4,16
2026,61,1161,70,1213,60,A,0,22,51,9,26,17,25,13,26,12,13,6,2,17,22,56,8,28,8,13,10,19,11,10,6,4,22
2026,61,1228,73,1336,65,A,0,22,56,6,27,23,28,13,35,9,10,4,6,17,24,69,8,38,9,14,14,23,11,7,7,1,26
2026,61,1305,66,1201,65,A,0,24,56,6,21,12,18,9,20,11,10,9,7,15,24,54,8,19,9,11,10,26,14,15,6,0,16
2026,61,1423,49,1214,45,H,0,19,49,3,16,8,21,11,32,11,11,8,9,10,18,57,2,18,7,9,9,28,5,8,5,1,15
2026,61,1414,86,1168,64,A,0,32,57,11,24,11,19,11,33,19,15,8,4,14,22,67,11,30,9,12,14,17,15,10,6,2,13
2026,61,1106,89,1290,69,A,0,27,51,7,18,28,30,9,21,15,16,15,2,19,22,50,5,15,20,25,6,14,10,18,9,3,23
2026,61,1234,74,1417,61,H,0,22,47,8,26,22,26,11,21,11,14,7,4,17,25,56,3,14,8,12,12,15,13,12,11,0,23
2026,61,1172,62,1386,56,A,0,21,49,7,21,13,16,11,20,6,14,4,1,14,19,50,3,22,15,21,9,17,8,11,4,3,12
2026,61,1380,84,1411,73,H,0,28,55,7,19,21,34,5,28,20,12,11,3,18,22,53,4,19,25,32,6,26,10,17,7,2,24
2026,61,1285,88,1294,79,H,0,23,52,7,24,35,38,5,32,15,11,5,4,19,26,71,11,35,16,21,14,26,19,10,4,0,24
2026,61,1280,101,1400,98,A,0,34,76,10,33,23,31,19,28,12,11,4,6,28,31,65,7,25,29,40,12,27,12,10,6,1,24
2026,61,1212,76,1341,72,H,0,23,49,7,15,23,35,11,25,12,20,8,2,21,22,57,7,19,21,27,13,22,7,18,11,1,24
2026,61,1160,95,1113,89,A,0,29,59,5,16,32,38,14,28,14,15,9,4,25,31,68,6,28,21,27,12,20,19,14,7,10,24
2026,61,1137,72,1250,65,H,0,24,65,7,22,17,18,13,22,15,12,14,3,20,22,47,4,16,17,21,4,29,11,21,7,6,14
2026,61,1278,84,1321,78,A,0,28,51,6,18,22,26,8,25,25,11,2,1,16,28,57,6,23,16,20,5,15,18,4,7,6,20
2026,61,1248,79,1259,64,A,0,31,58,9,22,8,15,9,29,20,8,5,3,12,24,61,8,28,8,11,9,23,11,9,3,4,17
2026,61,1167,81,1413,79,A,0,26,62,7,21,22,26,12,22,13,10,9,2,26,21,51,10,25,27,36,11,24,17,14,5,2,20
2026,61,1225,84,1186,81,H,0,26,53,11,29,21,29,12,20,6,13,9,5,19,28,70,8,22,17,25,26,18,12,15,4,2,23
2026,61,1252,82,1316,74,H,0,27,71,13,36,15,22,18,30,17,6,3,2,10,27,70,16,46,4,4,13,33,13,13,1,5,19
2026,61,1300,69,1313,67,H,0,24,62,4,21,17,25,19,25,17,13,6,5,15,25,62,4,17,13,20,17,23,9,12,7,9,18
2026,61,1287,73,1188,72,A,0,25,47,6,17,17,22,8,20,16,15,5,3,14,26,59,8,23,12,16,13,18,15,9,7,3,19
2026,61,1398,84,1114,79,A,0,31,68,5,17,17,21,14,26,12,11,10,2,19,26,59,6,18,21,29,13,26,14,14,8,3,17
2026,61,1112,97,1428,78,A,0,37,69,7,18,16,21,14,29,18,9,11,7,13,31,70,5,17,11,12,10,20,13,12,5,2,16
2026,61,1206,61,1348,50,H,0,19,44,8,16,15,26,4,32,13,9,4,2,14,19,54,9,31,3,9,8,26,9,13,4,5,20
2026,61,1457,88,1205,77,H,0,28,62,6,25,26,32,18,31,11,8,4,3,15,27,57,12,31,11,19,5,20,10,7,5,2,24
2026,61,1295,79,1331,77,H,0,26,67,8,23,19,31,23,27,13,16,5,3,14,27,68,12,39,11,13,13,21,16,14,8,4,23
2026,61,1392,81,1299,80,H,0,29,58,12,25,11,14,7,18,20,8,6,7,17,28,68,7,16,17,19,23,25,14,11,6,4,15
2026,61,1422,89,1359,82,H,0,28,59,11,16,22,30,10,27,12,2,4,0,17,29,60,10,30,14,24,12,25,19,6,1,6,19
2026,61,1190,77,1273,71,H,0,24,57,6,19,23,27,16,24,8,12,8,5,20,25,58,9,28,12,17,11,20,11,13,5,3,20
2026,61,1267,88,1111,81,H,0,29,55,12,24,18,25,6,26,20,8,4,4,25,28,59,8,23,17,31,13,22,12,11,4,3,17
2026,61,1401,75,1261,72,H,0,26,62,8,28,15,21,15,23,13,15,8,2,15,25,54,6,19,16,20,7,23,15,16,12,4,18
2026,61,1181,91,1199,87,A,0,28,53,12,27,23,25,10,21,23,15,8,7,17,31,58,14,30,11,16,9,15,17,13,10,5,22
2026,61,1275,76,1103,73,H,0,20,53,11,35,25,30,11,25,12,15,6,5,13,28,64,8,32,9,10,12,25,14,15,11,4,22
2026,61,1328,86,1279,70,H,0,31,61,11,28,13,19,10,31,15,7,6,6,16,23,61,10,26,14,20,10,23,9,7,5,3,18
2026,61,1116,86,1397,75,H,0,25,59,7,23,29,33,12,24,7,14,8,10,16,29,59,5,13,12,23,11,22,13,14,11,2,22
2026,61,1374,97,1314,83,H,0,36,60,14,27,11,16,6,23,23,7,4,5,17,29,60,12,28,13,19,9,21,21,10,4,1,12
2026,61,1222,67,1153,60,A,0,26,63,8,25,7,9,12,22,11,8,9,3,16,21,49,6,20,12,16,7,23,12,15,2,3,13
2026,61,1435,83,1376,71,A,0,29,57,10,23,15,18,8,29,17,7,2,3,15,25,58,7,28,14,18,5,20,15,4,4,0,15
2026,61,1416,81,1242,75,H,0,28,64,7,23,18,26,13,25,10,6,4,2,18,25,58,8,23,17,23,11,28,11,12,3,7,18
2026,61,1203,77,1247,55,H,0,30,62,9,26,8,12,14,31,18,11,6,5,14,21,55,5,17,8,15,7,20,14,10,6,4,11
2026,61,1173,70,1260,68,A,0,21,56,7,23,21,25,7,21,11,6,11,4,14,28,66,9,30,3,5,16,27,14,15,1,6,21
2026,61,1395,69,1124,63,H,0,23,60,8,20,15,23,19,24,16,11,6,10,16,22,59,5,21,14,18,13,21,14,11,8,8,20
2026,61,1219,80,1255,67,H,0,28,53,7,23,17,22,6,22,15,10,11,7,13,26,55,7,20,8,12,11,21,12,15,7,2,18
2026,61,1315,90,1355,87,H,0,31,67,12,35,16,18,17,21,16,10,10,3,19,29,60,11,26,18,23,13,19,15,13,6,1,17
2026,61,1220,70,1180,67,A,0,25,51,8,19,12,17,10,29,13,9,2,5,18,24,60,7,24,12,20,12,20,10,3,7,1,17
2026,61,1140,83,1243,73,A,0,28,63,9,24,18,27,16,31,17,19,9,6,16,28,67,3,21,14,19,11,24,15,12,12,2,22
2026,61,1403,102,1329,80,H,0,37,77,17,37,11,14,14,34,21,7,4,2,15,29,67,8,26,14,19,8,28,10,8,5,1,16
2026,61,1208,104,1120,100,H,0,34,65,11,29,25,35,10,25,11,11,4,9,24,34,75,8,30,24,36,23,27,15,13,6,5,26
2026,61,1110,64,1131,62,A,0,23,49,8,21,10,12,4,25,13,8,7,1,16,20,53,10,28,12,17,10,24,8,8,5,4,14
2026,61,1379,74,1418,67,A,0,23,45,3,13,25,30,8,22,11,17,9,3,15,24,55,7,20,12,16,9,15,10,14,5,3,20
2026,61,1209,89,1157,71,A,0,29,59,17,30,14,14,8,24,18,7,6,2,14,24,61,9,29,14,17,16,22,9,12,2,2,14
2026,61,1104,89,1246,74,H,0,31,67,15,38,12,16,14,27,17,10,8,3,23,25,59,4,19,20,29,12,25,9,12,6,5,19
2026,61,1433,93,1182,80,A,0,29,54,11,25,24,31,10,23,15,12,9,6,19,28,53,8,23,16,25,6,19,17,13,7,3,27
2026,61,1396,76,1427,57,H,0,26,65,9,27,15,23,21,24,18,9,10,9,14,18,55,4,21,17,20,12,23,10,14,6,5,19
2026,61,1437,85,1139,67,A,0,32,58,7,21,14,20,7,23,14,11,11,4,16,24,63,6,27,13,14,13,23,15,14,7,0,17
2026,61,1344,77,1385,71,A,0,25,64,6,18,21,28,15,29,9,12,7,4,26,20,71,7,31,24,37,25,26,9,12,6,9,24
2026,61,1448,81,1439,78,H,0,30,67,7,24,14,16,13,21,14,11,10,1,21,25,53,10,30,18,25,8,25,15,19,6,2,19
2026,61,1155,73,1338,68,A,0,24,45,7,21,18,25,4,24,11,14,5,2,21,23,52,6,17,16,22,6,21,9,11,10,0,21
2026,61,1438,76,1301,61,A,0,26,52,13,33,11,15,9,27,14,14,3,3,19,18,50,5,20,20,25,7,17,7,10,9,1,15
2026,60,1143,72,1323,71,H,0,26,64,11,39,9,12,9,25,13,3,4,1,21,22,55,11,31,16,26,12,32,14,7,0,1,15
2026,60,1334,84,1333,53,H,0,27,50,12,23,18,24,10,28,20,10,7,3,15,19,53,8,23,7,11,7,18,10,12,5,2,16
2026,60,1235,80,1452,59,H,0,29,55,13,25,9,15,12,23,26,11,6,5,9,21,49,7,24,10,12,7,16,13,12,9,1,13
2026,60,1304,58,1277,56,H,0,18,57,13,37,9,13,8,22,15,8,7,5,16,17,50,10,28,12,15,11,34,12,21,5,4,14
2026,60,1390,80,1257,76,H,0,25,54,9,19,21,31,14,17,6,9,7,4,19,26,60,6,27,18,21,18,21,11,12,4,6,23
2026,60,1326,80,1353,73,A,0,27,52,7,16,19,23,13,20,15,12,5,2,15,27,64,6,22,13,17,18,13,14,8,9,3,19
2026,60,1332,64,1268,54,A,0,23,47,5,16,13,21,7,33,12,14,4,7,12,18,65,7,35,11,14,16,21,7,10,6,4,17
2026,60,1276,96,1425,66,H,0,31,65,6,30,28,39,11,29,17,11,12,4,22,20,58,5,23,21,33,11,24,4,21,5,3,27
2026,60,1352,85,1178,77,A,0,25,55,7,19,28,32,15,21,17,13,8,1,22,25,52,7,13,20,26,10,16,10,14,7,5,20
2026,60,1233,75,1373,72,H,0,28,56,11,28,8,13,6,30,22,16,6,6,13,27,66,7,21,11,11,9,22,17,9,13,2,12
2026,60,1270,82,1249,70,H,0,23,48,6,18,30,40,14,23,8,8,9,7,24,18,54,9,29,25,31,19,17,11,10,3,1,26
2026,60,1251,81,1244,73,H,0,27,53,8,21,19,24,4,29,15,12,9,8,14,27,80,10,36,9,13,25,24,15,13,8,2,20
2026,60,1240,67,1174,64,A,0,21,44,7,20,18,26,7,25,10,11,6,3,13,24,55,11,32,5,6,6,20,12,8,4,5,19
2026,60,1443,102,1358,91,H,0,34,74,14,35,20,27,22,27,17,13,9,4,13,34,73,10,28,13,19,17,23,17,12,10,2,20
2026,59,1168,95,1364,84,H,0,30,54,5,17,30,37,5,17,9,10,16,2,17,30,57,14,34,10,10,10,24,19,24,5,0,27
2026,59,1142,67,1471,65,H,0,23,66,11,42,10,14,16,28,10,9,6,4,12,23,65,8,32,11,13,15,29,12,11,8,1,16
2026,59,1286,89,1294,75,H,0,33,63,10,28,13,18,7,23,9,7,7,3,12,27,64,9,25,12,13,11,25,11,13,2,0,18
2026,59,1320,75,1232,66,H,0,31,57,3,13,10,15,10,25,12,9,8,2,6,29,55,6,26,2,4,2,20,18,11,5,2,16
2026,59,1122,102,1316,83,H,0,37,76,10,31,18,23,16,28,20,6,12,4,21,25,58,11,30,22,27,7,24,13,15,3,3,18
2026,59,1125,88,1133,78,H,0,28,51,10,23,22,30,12,22,20,16,7,3,17,27,61,13,32,11,17,15,16,13,16,7,3,25
2026,59,1474,91,1184,89,H,0,31,61,5,24,24,31,10,27,16,6,1,3,18,30,61,14,33,15,21,8,21,17,5,3,2,26
2026,59,1355,84,1303,69,H,0,31,65,5,22,17,21,15,37,15,10,2,6,15,23,64,9,31,14,19,7,22,13,4,8,0,18
2026,59,1414,81,1167,77,A,0,28,52,8,13,17,25,9,23,13,15,2,6,15,29,72,5,13,14,18,20,19,9,9,7,3,19
2026,59,1422,77,1151,72,H,0,25,54,6,19,21,31,14,27,9,12,7,0,13,28,59,11,35,5,9,5,20,16,9,8,4,21
2026,59,1315,72,1331,61,H,0,21,53,7,16,23,34,13,31,8,14,5,1,19,22,56,5,24,12,19,9,23,13,12,8,7,29
2026,59,1460,76,1454,70,H,0,25,58,5,16,21,25,13,28,10,8,4,7,13,29,65,5,14,7,11,11,22,10,6,8,0,21
2026,58,1385,95,1207,83,A,0,30,60,15,27,20,26,14,22,20,11,7,6,19,28,61,9,21,18,23,14,19,15,12,7,2,21
2026,58,1423,65,1180,53,H,0,21,52,3,15,20,28,11,25,9,6,7,2,20,18,55,5,28,12,19,15,24,7,11,2,3,21
2026,58,1163,90,1462,67,A,0,33,62,13,28,11,14,10,32,26,14,8,3,19,24,56,4,18,15,22,5,21,18,11,8,5,16
2026,58,1372,74,1322,64,A,0,27,58,6,23,14,20,12,30,13,9,4,1,19,22,53,4,17,16,25,5,23,8,7,4,0,16
2026,58,1181,85,1210,79,H,0,26,64,9,32,24,35,21,21,10,12,11,2,15,29,54,10,18,11,13,5,23,18,17,8,4,25
2026,58,1387,102,1386,79,H,0,38,60,19,32,7,11,7,25,25,7,5,5,18,26,62,9,25,18,24,14,18,14,6,3,2,12
2026,58,1203,99,1350,85,A,0,34,58,17,33,14,15,9,20,21,10,5,4,21,28,57,12,28,17,21,10,16,15,8,6,1,18
2026,58,1272,57,1317,48,H,0,24,51,5,18,4,15,13,25,16,20,13,5,14,20,55,1,18,5,8,9,21,8,18,14,5,18
2026,58,1455,75,1412,70,A,0,27,61,9,20,12,16,15,25,12,11,4,5,20,25,57,3,12,17,24,10,20,15,7,5,2,14
2026,58,1267,84,1209,80,H,0,29,59,12,30,14,22,9,25,18,15,11,3,20,27,62,6,23,20,23,12,24,11,13,10,1,18
2026,58,1159,85,1248,77,A,0,27,57,7,21,24,33,8,28,13,9,3,4,20,26,54,6,20,19,28,6,27,12,12,5,1,27
2026,58,1255,82,1457,70,H,0,30,58,7,18,15,21,14,27,12,13,4,5,28,20,62,5,24,25,32,17,18,12,8,6,2,17
2026,58,1318,85,1299,74,A,0,30,56,8,17,17,27,9,20,17,7,5,2,22,23,50,5,18,23,32,12,23,15,11,3,3,21
2026,58,1439,95,1438,85,H,0,29,82,9,28,28,41,20,40,12,14,7,5,16,32,89,10,45,11,15,17,37,15,17,9,7,27
2026,58,1433,89,1382,82,H,0,29,53,5,20,26,28,5,19,13,7,3,3,12,31,61,6,10,14,15,11,20,16,10,4,0,23
2026,58,1206,80,1247,75,A,0,27,56,5,16,21,28,8,28,12,0,3,2,18,24,62,8,25,19,27,14,25,13,4,0,1,22
2026,58,1221,65,1137,58,H,0,22,46,1,9,20,26,8,26,13,11,4,1,12,24,59,8,26,2,5,11,19,10,13,7,1,18
2026,58,1219,87,1421,69,A,0,29,47,10,19,19,26,4,25,11,11,3,2,20,25,56,4,16,15,24,8,17,7,8,5,1,19
2026,58,1155,64,1393,61,A,0,27,56,4,16,6,12,7,24,9,12,10,2,18,18,45,5,15,20,24,5,25,8,15,3,6,14
2026,58,1111,81,1330,73,A,0,29,54,6,18,17,28,13,30,13,11,6,0,20,25,59,10,24,13,22,10,18,17,8,6,1,26
2026,58,1194,110,1427,70,H,0,38,65,18,35,16,20,10,37,19,15,8,6,24,19,61,9,31,23,30,10,19,9,15,10,1,15
2026,58,1110,84,1259,69,H,0,35,59,8,18,6,9,5,18,20,9,12,2,17,21,49,9,23,18,21,11,21,13,19,6,2,15
2026,58,1260,61,1348,57,A,0,22,48,8,20,9,10,11,24,9,24,7,4,18,20,58,5,26,12,17,13,13,7,12,13,6,13
2026,58,1301,70,1448,57,H,0,25,59,6,21,14,17,10,30,16,15,10,3,17,20,59,8,31,9,13,10,25,13,16,9,4,19
2026,58,1202,74,1273,72,H,0,26,59,9,23,13,22,13,28,16,11,3,1,9,29,70,7,20,7,9,14,23,9,7,8,8,14
2026,57,1129,62,1307,53,H,0,20,56,6,30,16,25,8,40,7,9,5,7,18,20,65,3,25,10,16,9,29,4,8,5,4,23
2026,57,1333,70,1362,62,H,0,23,46,11,23,13,14,1,29,15,10,6,5,20,21,53,4,21,16,22,8,21,10,9,7,1,18
2026,57,1166,89,1139,85,H,0,31,63,13,32,14,15,10,25,19,12,4,3,16,31,75,8,26,15,19,21,21,19,10,7,3,17
2026,57,1257,90,1143,70,A,0,32,69,14,37,12,14,15,35,19,10,4,5,25,20,59,9,26,21,27,8,23,14,8,6,4,16
2026,57,1305,75,1161,62,A,0,22,52,8,22,23,31,11,24,9,8,8,5,20,19,51,6,24,18,29,12,23,10,10,6,8,19
2026,57,1429,72,1201,63,A,0,26,55,5,20,15,22,10,31,12,20,14,2,23,20,58,5,22,18,22,10,24,8,18,12,3,20
2026,57,1323,47,1390,40,A,0,18,56,3,16,8,14,16,32,6,12,2,4,16,13,56,4,30,10,12,10,26,8,6,6,4,15
2026,57,1314,79,1199,66,H,0,29,68,7,29,14,20,16,31,18,8,5,3,14,23,66,12,40,8,14,12,25,13,9,5,2,16
2026,57,1182,89,1172,83,A,0,28,69,16,35,17,21,14,39,15,12,5,3,15,30,76,11,37,12,15,10,29,12,6,8,8,14
2026,57,1371,79,1266,73,A,0,25,64,7,20,22,29,20,31,14,13,5,8,16,23,63,8,27,19,27,12,21,17,8,8,4,20
2026,57,1458,80,1454,60,H,0,28,57,4,22,20,32,7,33,14,9,5,4,22,21,63,3,22,15,21,13,27,5,15,6,3,23
2026,57,1274,76,1338,69,H,0,26,58,4,22,20,26,15,28,6,10,5,2,13,27,60,6,25,9,17,8,20,13,7,6,1,17
2026,57,1376,96,1107,67,H,0,33,55,14,30,16,17,8,19,19,9,8,4,8,27,62,6,17,7,8,17,13,15,15,6,2,13
2026,57,1321,80,1224,60,H,0,26,56,6,17,22,34,13,23,21,5,7,6,14,22,55,8,22,8,13,12,23,15,14,4,2,22
2026,57,1343,75,1436,69,H,0,23,54,13,31,16,19,7,26,16,11,7,0,17,24,61,8,26,13,16,11,26,11,10,8,1,16
2026,56,1449,74,1428,65,H,0,27,53,3,15,17,20,4,28,13,10,4,9,10,25,64,7,24,8,14,14,22,9,12,7,3,16
2026,56,1120,106,1474,65,H,0,35,63,15,28,21,30,13,27,24,10,13,9,18,21,56,2,15,21,27,9,17,9,14,3,3,20
2026,56,1112,99,1355,71,H,0,33,62,9,23,24,31,12,33,26,14,9,8,15,26,64,10,22,9,17,9,21,16,14,8,3,19
2026,56,1278,60,1192,43,H,0,22,57,10,32,6,12,13,27,20,12,9,2,15,14,52,7,26,8,14,13,26,7,14,7,0,17
2026,56,1222,69,1292,60,H,0,24,59,6,20,15,17,14,17,8,6,8,2,11,23,49,11,28,3,6,11,22,13,19,3,3,21
2026,56,1104,102,1463,78,H,0,34,77,22,54,12,16,21,25,22,5,4,5,19,25,63,9,23,19,26,14,24,10,8,3,1,19
2026,56,1116,103,1241,74,H,0,34,62,15,28,20,31,12,25,24,6,7,6,15,24,58,12,32,14,19,12,18,13,14,4,3,20
2026,56,1320,58,1434,48,H,0,20,43,4,12,14,18,4,28,11,10,6,4,15,17,58,3,23,11,14,15,22,8,8,6,4,14
2026,56,1261,90,1379,62,H,0,32,62,8,26,18,25,10,33,19,6,5,11,22,19,62,3,15,21,29,15,24,12,10,3,2,22
2026,56,1401,111,1341,82,H,0,38,70,11,30,24,35,14,36,21,14,12,6,27,26,65,6,22,24,31,9,27,14,15,7,3,23
2026,56,1328,93,1290,69,H,0,33,57,14,32,13,17,12,21,19,8,8,3,17,24,51,8,16,13,16,7,14,12,10,6,1,18
2026,56,1280,94,1106,56,H,0,37,69,10,25,10,14,17,32,19,11,9,5,19,14,50,5,19,23,34,9,18,3,12,7,2,14
2026,56,1249,76,1322,61,A,0,31,54,7,18,7,10,6,28,13,13,9,3,22,19,47,5,14,18,28,7,18,10,13,8,0,13
2026,56,1276,112,1270,71,H,0,37,63,7,23,31,45,14,41,21,15,5,7,19,23,78,8,34,17,24,17,15,6,9,5,4,30
2026,56,1345,101,1245,60,H,0,36,64,12,31,17,19,6,34,25,8,10,0,14,21,61,7,27,11,14,6,22,13,15,5,4,21
2026,56,1277,114,1165,97,H,0,36,65,13,28,29,43,15,30,30,12,6,2,20,32,70,15,44,18,23,9,24,19,12,7,1,35
2026,56,1208,89,1254,74,H,0,29,63,10,27,21,29,16,24,14,13,4,9,18,28,64,3,13,15,24,15,23,15,16,6,4,22
2026,56,1232,81,1125,80,H,0,28,61,12,30,13,26,12,24,24,14,8,2,16,27,63,12,29,14,17,10,27,17,16,5,8,23
2026,56,1153,89,1252,62,H,0,36,75,11,29,6,9,14,31,21,8,5,6,16,22,57,11,34,7,13,6,25,16,14,2,2,12
2026,56,1460,88,1324,73,H,0,31,55,9,16,17,22,9,25,16,13,9,4,21,23,60,5,21,22,30,15,19,5,13,7,2,18
2026,56,1297,79,1352,77,A,0,28,52,3,12,20,27,5,23,12,12,10,1,15,29,63,12,32,7,14,15,23,23,15,3,3,17
2026,56,1291,66,1233,59,H,0,27,58,3,17,9,15,8,35,13,16,12,2,12,21,65,9,34,8,10,9,27,10,15,9,2,14
2026,56,1423,87,1299,78,A,0,25,57,10,24,27,35,10,32,15,12,4,5,21,27,61,7,22,17,24,5,25,11,8,7,3,22
2026,56,1158,72,1180,63,H,0,29,55,5,19,9,16,10,24,12,11,6,2,17,21,53,10,26,11,16,10,20,11,11,7,2,18
2026,56,1214,62,1392,59,H,0,24,52,3,20,11,19,8,24,11,11,11,2,18,21,46,8,19,9,20,7,23,11,16,2,1,16
2026,56,1240,78,1443,67,H,0,21,38,9,18,27,39,5,30,11,17,5,6,16,22,72,9,36,14,21,24,20,10,11,10,4,27
2026,56,1228,90,1380,55,H,0,30,58,14,34,16,18,16,29,22,14,3,7,11,23,66,3,14,6,8,13,13,9,8,10,1,19
2026,56,1336,90,1300,67,H,0,33,59,14,32,10,13,8,14,20,11,13,1,13,29,52,5,15,4,7,10,21,13,23,8,2,16
2026,55,1332,80,1303,57,H,0,31,68,12,30,6,13,18,29,21,8,6,9,14,21,57,8,26,7,15,10,23,9,9,7,1,13
2026,55,1365,102,1333,64,A,0,35,55,15,27,17,24,7,26,21,9,12,5,22,18,49,11,26,17,27,9,13,11,16,4,2,18
2026,55,1268,73,1330,58,H,0,24,60,11,29,14,17,8,28,14,8,6,6,19,21,57,4,18,12,19,11,30,5,13,4,3,18
2026,55,1206,83,1335,79,H,0,34,60,1,15,14,28,12,29,13,7,6,3,14,30,63,11,26,8,15,9,20,19,8,5,7,19
2026,55,1418,63,1313,54,H,0,21,51,10,27,11,15,8,26,15,7,6,5,12,17,54,9,23,11,16,11,23,13,10,4,1,14
2026,55,1294,86,1160,81,A,0,31,59,11,21,13,17,7,32,17,13,2,0,12,30,76,7,23,14,15,15,22,11,5,5,4,14
2026,55,1374,110,1168,63,H,0,41,77,14,31,14,19,20,29,30,11,10,7,17,20,62,8,32,15,22,16,20,14,19,7,4,13
2026,55,1403,87,1457,57,H,0,27,54,10,26,23,26,9,29,14,14,8,5,19,19,60,4,25,15,23,16,18,8,15,11,0,22
2026,55,1217,78,1159,69,A,0,30,59,13,24,5,6,4,26,12,10,7,3,11,28,59,5,18,8,10,6,26,17,12,9,2,10
2026,50,1437,64,1371,56,A,0,22,45,10,23,10,16,8,30,9,18,4,3,18,21,63,3,13,11,16,16,19,10,9,7,2,15
2026,50,1385,85,1217,59,H,0,31,62,9,23,14,18,14,25,19,12,8,5,13,23,53,4,20,9,11,6,16,11,15,7,6,14
2026,50,1167,64,1225,63,H,0,27,56,7,21,3,8,7,27,10,13,6,4,18,22,58,7,25,12,15,11,24,9,11,9,1,8
2026,50,1326,89,1212,63,H,0,31,50,6,18,21,25,9,22,19,14,5,4,18,20,52,6,21,17,23,11,12,8,15,9,3,20
2026,50,1416,85,1194,80,H,0,32,65,6,19,15,22,12,30,14,12,8,1,15,31,70,9,30,9,12,11,26,12,12,4,7,17
2026,49,1388,63,1320,58,H,0,17,53,4,20,25,27,15,28,10,11,6,5,11,24,55,7,20,3,4,3,22,18,8,7,3,23
2026,49,1140,109,1186,81,H,0,38,71,16,42,17,20,15,27,23,9,12,3,14,31,67,10,32,9,12,11,20,18,14,6,2,19
2026,49,1414,89,1313,70,A,0,32,60,8,23,17,20,12,23,23,10,10,6,12,23,51,8,15,16,20,7,17,8,15,4,1,16
2026,49,1328,107,1391,54,H,0,40,59,12,24,15,22,9,30,22,8,8,3,13,20,58,5,28,9,12,10,14,6,14,3,2,16
2026,49,1242,90,1172,61,H,0,37,64,11,21,5,5,8,34,27,15,13,5,5,24,67,11,30,2,6,12,19,15,16,11,3,7
2026,49,1228,91,1281,48,H,0,30,58,15,33,16,20,15,28,20,11,3,8,14,16,56,6,22,10,15,12,12,6,10,8,1,20
2026,49,1272,88,1106,67,H,0,32,63,13,30,11,18,15,25,20,18,13,5,16,23,64,8,29,13,22,19,18,13,16,9,3,14
2026,49,1431,76,1295,66,H,0,26,55,8,20,16,21,10,21,12,13,12,3,20,24,48,3,16,15,21,6,21,13,16,4,3,18
2026,49,1261,104,1341,90,H,0,27,57,7,20,43,49,15,22,16,11,4,4,21,26,54,12,20,26,28,6,16,11,11,6,5,31
2026,49,1396,65,1343,61,H,0,25,54,4,12,11,15,10,24,13,8,5,2,15,22,53,5,19,12,16,9,23,13,9,5,4,17
2026,49,1157,68,1386,62,A,0,26,59,4,21,12,17,8,33,13,11,6,2,13,23,65,5,29,11,14,10,27,10,11,5,2,17
2026,49,1219,93,1136,47,H,0,31,51,9,20,22,32,15,21,17,13,16,6,16,18,44,3,16,8,13,8,11,5,22,9,3,21
2026,49,1452,86,1290,51,H,0,30,56,12,27,14,18,11,23,17,6,3,2,14,18,53,1,9,14,14,11,16,6,9,5,2,15
2026,49,1348,85,1318,77,H,0,33,60,8,22,11,16,14,19,11,11,7,4,18,24,49,10,21,19,25,9,16,16,13,7,5,15
2026,49,1438,95,1110,51,H,0,38,61,9,23,10,18,14,31,25,9,7,2,12,19,60,8,35,5,6,10,13,11,10,7,1,12
2026,49,1231,81,1373,60,H,0,23,50,9,24,26,30,9,32,11,13,6,2,20,19,57,3,20,19,28,10,19,4,9,8,2,20
2026,49,1101,75,1411,68,A,0,24,50,5,19,22,27,8,23,9,15,8,1,19,26,50,3,11,13,19,4,20,6,14,10,4,23
2026,48,1313,72,1431,71,A,0,23,51,7,20,19,30,10,23,15,15,6,0,20,26,55,7,24,12,27,15,23,16,16,10,4,20
2026,48,1304,78,1315,55,H,0,28,62,6,27,16,19,11,31,22,6,5,2,11,19,57,10,29,7,9,6,24,13,12,6,1,20
2026,48,1414,74,1295,73,A,0,29,58,6,17,10,16,11,18,21,11,8,3,16,27,58,11,25,8,17,19,22,13,19,7,2,18
2026,48,1225,83,1142,80,A,0,24,66,14,34,21,28,11,34,15,14,8,2,29,21,61,7,37,31,39,10,35,6,14,6,2,21
2026,48,1235,91,1253,60,H,0,36,65,11,21,8,18,13,32,23,12,5,3,11,25,63,3,22,7,10,7,21,6,14,10,4,17
2026,48,1211,91,1332,82,A,0,29,62,10,23,23,28,13,22,20,5,6,2,14,29,60,11,32,13,13,9,24,20,11,3,4,18
2026,48,1362,94,1288,64,H,0,29,52,5,18,31,45,14,28,16,11,6,0,20,21,51,9,24,13,19,5,15,12,12,3,1,32
2026,48,1455,88,1184,57,H,0,34,67,12,28,8,14,14,35,26,7,5,3,10,22,61,9,29,4,7,6,23,12,9,3,2,12
2026,48,1454,81,1156,71,A,0,31,71,11,32,8,10,18,30,18,5,2,3,18,23,55,9,23,16,22,6,23,10,7,0,5,13
2026,48,1276,102,1247,50,H,0,34,62,14,29,20,30,11,29,25,10,12,6,16,17,61,2,21,14,15,13,22,8,19,5,1,28
2026,48,1274,105,1316,67,H,0,38,67,9,25,20,29,16,28,20,10,13,3,12,21,56,11,31,14,16,8,16,9,20,6,0,20
2026,48,1308,87,1358,78,H,0,35,68,9,24,8,11,7,28,13,7,5,5,20,25,68,10,31,18,26,17,26,8,12,4,3,15
2026,48,1155,68,1153,65,H,0,24,50,10,20,10,14,2,25,15,12,6,1,12,22,58,10,25,11,15,10,26,9,12,5,4,13
2026,48,1397,94,1205,52,H,0,38,71,10,31,8,12,15,35,21,9,10,2,7,20,58,7,30,5,9,6,19,8,13,6,1,12
2026,48,1165,83,1107,75,A,0,28,59,17,33,10,14,14,18,23,8,4,5,12,30,60,10,22,5,7,11,17,12,9,2,6,17
2026,48,1412,72,1421,47,H,0,28,63,4,13,12,18,12,29,16,5,9,2,8,19,54,3,15,6,9,7,25,4,13,4,7,14
2026,48,1378,94,1420,69,H,0,35,68,11,26,13,18,12,26,23,8,10,2,15,26,59,5,17,12,16,8,23,14,15,4,3,13
2026,48,1333,78,1113,75,A,0,25,57,10,28,18,21,14,25,18,12,6,2,21,25,56,4,19,21,24,8,21,11,9,6,5,21
2026,48,1104,92,1244,81,H,0,32,73,10,31,18,23,13,28,17,8,8,7,16,30,69,7,23,14,18,15,31,13,16,5,4,19
2026,48,1293,85,1434,79,A,0,28,57,6,18,23,28,10,26,12,11,5,4,17,31,65,7,18,10,15,11,23,14,11,4,2,24
2026,48,1206,86,1259,79,H,0,27,56,5,19,27,34,12,25,12,7,4,9,16,26,61,13,29,14,17,12,21,16,10,5,4,29
2026,48,1329,94,1168,89,H,0,33,65,14,30,14,21,11,24,16,17,9,2,21,30,59,12,26,17,34,11,24,19,14,8,1,20
2026,48,1435,98,1448,67,A,0,35,59,16,32,12,16,6,23,23,12,14,6,23,19,54,4,21,25,32,13,21,8,17,7,2,17
2026,48,1124,111,1380,67,H,0,37,67,17,32,20,26,14,30,28,4,6,7,15,27,67,5,18,8,14,12,19,12,9,2,4,21
2026,48,1301,76,1279,62,H,0,28,55,13,32,7,13,7,29,20,16,7,1,21,21,53,8,30,12,18,7,23,9,15,8,0,19
2026,48,1196,90,1159,60,H,0,32,62,8,24,18,27,20,29,12,9,8,6,13,23,55,11,17,3,8,6,16,16,13,5,5,18
2026,48,1158,85,1297,74,A,0,29,53,7,20,20,29,9,25,13,15,13,3,17,25,64,10,33,14,16,14,19,10,17,12,0,19
2026,48,1338,80,1336,46,A,0,30,60,12,24,8,14,10,32,15,9,7,3,15,18,55,4,23,6,9,7,23,7,12,5,4,15
2026,47,1112,68,1361,45,H,0,22,58,6,25,18,27,20,32,13,11,5,3,14,15,57,1,14,14,19,10,18,7,8,4,6,20
2026,47,1305,81,1129,66,H,0,25,45,4,9,27,34,5,18,17,7,9,2,23,20,45,7,22,19,31,11,19,14,13,6,0,24
2026,47,1462,80,1207,77,A,0,31,67,7,22,11,14,14,31,18,14,5,4,27,23,57,6,17,25,43,12,24,14,10,6,5,16
2026,47,1166,84,1266,63,H,0,29,62,10,27,16,20,6,38,13,12,7,3,17,22,64,8,24,11,20,9,28,11,12,8,4,18
2026,47,1403,82,1181,81,A,0,32,58,7,22,11,17,7,23,9,11,7,0,24,27,52,10,27,17,29,6,23,15,11,8,2,16
2026,47,1390,77,1160,68,A,0,21,52,7,21,28,41,12,23,11,9,14,2,19,26,55,4,17,12,13,7,21,15,18,7,0,24
2026,47,1353,70,1335,69,H,0,23,56,3,20,21,31,8,21,7,6,8,5,17,23,54,5,21,18,25,12,30,11,14,1,4,24
2026,47,1424,84,1201,72,H,0,28,49,9,23,19,22,4,26,20,13,10,6,18,27,64,8,22,10,13,13,18,17,12,7,2,17
2026,47,1303,85,1249,82,A,0,28,54,9,26,20,25,7,22,14,14,8,2,21,32,69,3,16,15,20,16,22,19,11,9,6,17
2026,47,1428,101,1186,77,H,0,39,57,11,21,12,17,5,26,23,10,6,4,18,28,70,8,26,13,19,18,16,13,10,5,1,14
2026,47,1345,88,1120,60,H,0,33,59,12,26,10,10,9,27,21,11,7,5,14,21,58,7,25,11,16,11,14,13,10,7,1,14
2026,47,1438,80,1268,72,H,0,30,66,7,20,13,21,16,18,18,8,15,5,21,22,54,12,29,16,22,17,24,12,19,2,4,18
2026,47,1234,94,1137,39,H,0,38,63,8,21,10,12,13,23,18,9,19,2,11,15,41,5,23,4,6,3,13,11,25,5,0,16
2026,47,1222,94,1116,85,A,0,32,62,11,25,19,25,10,23,13,9,7,2,24,28,57,8,20,21,35,12,22,13,12,3,4,18
2026,47,1416,102,1195,80,H,0,38,73,19,35,7,12,17,25,18,10,11,4,11,31,61,15,27,3,5,6,19,16,15,5,2,15
2026,47,1260,80,1365,78,A,0,26,53,10,27,18,23,8,22,11,9,2,4,16,27,68,10,31,14,18,14,19,19,8,5,2,21
2026,47,1450,84,1273,78,H,0,30,56,11,23,13,20,5,33,12,13,8,5,16,32,75,7,27,7,14,15,25,13,10,7,2,19
2026,47,1369,91,1398,82,A,0,30,52,9,20,22,29,9,30,16,19,4,4,25,25,59,6,15,26,36,9,19,9,10,9,5,21
2026,47,1280,71,1272,66,H,0,24,54,6,21,17,25,11,24,11,15,9,2,12,23,62,9,31,11,16,17,26,11,18,9,3,21
2026,47,1240,81,1190,75,A,0,26,49,11,22,18,27,11,19,11,12,6,1,20,22,41,8,15,23,29,5,15,11,11,7,6,22
2026,47,1213,82,1461,70,A,0,25,44,7,18,25,35,4,28,8,16,9,1,22,22,59,3,26,23,30,11,18,11,12,12,3,26
2026,47,1139,61,1321,58,H,0,22,58,7,30,10,14,13,28,12,14,7,4,11,23,64,4,23,8,9,9,26,18,9,3,4,16
2026,47,1393,91,1318,83,H,0,27,53,3,12,34,48,18,20,8,11,4,7,17,31,65,8,23,13,20,17,16,19,13,6,4,31
2026,47,1314,71,1326,70,A,0,28,63,8,27,7,13,12,27,22,7,4,5,19,25,63,4,20,16,19,13,26,17,6,5,3,16
2026,47,1429,100,1161,58,H,0,37,58,12,21,14,24,16,24,22,10,7,2,22,18,49,7,23,15,19,9,11,9,15,5,2,19
2026,47,1224,67,1423,66,A,0,25,59,7,16,10,12,12,25,11,14,9,4,16,24,61,4,20,14,20,16,22,12,13,5,4,9
2026,47,1255,74,1300,72,A,0,26,58,5,24,17,24,16,24,14,18,9,0,21,23,51,2,17,24,30,7,20,13,12,11,3,18
2026,47,1210,95,1248,81,H,0,30,60,9,16,26,30,12,27,21,9,5,3,16,27,61,11,34,16,21,8,20,17,8,7,0,22
2026,47,1233,83,1436,78,A,0,30,55,6,17,17,24,5,31,5,6,4,4,11,30,67,9,31,9,14,10,22,9,5,3,2,13
2026,47,1245,69,1269,59,A,0,24,57,8,28,13,17,8,32,16,13,6,2,21,18,55,6,18,17,24,9,27,16,14,8,1,18
2026,47,1217,81,1221,53,H,0,31,52,7,14,12,15,8,30,15,11,3,7,10,20,60,6,30,7,9,11,14,9,7,6,1,13
2026,47,1407,70,1267,63,H,0,21,60,9,28,19,23,13,29,11,13,8,2,15,23,65,8,33,9,14,17,28,13,14,4,4,19
2026,47,1157,76,1330,74,A,0,26,65,3,17,21,24,8,26,10,5,5,5,14,26,56,7,16,15,19,5,32,8,13,2,4,20
2026,47,1138,88,1444,71,A,0,29,59,12,32,18,24,10,29,15,4,5,4,11,26,66,10,33,9,12,12,23,18,7,2,4,18
2026,47,1352,79,1384,70,A,0,25,47,12,22,17,23,6,27,20,12,2,0,15,27,61,11,26,5,10,9,19,15,7,8,0,21
2026,47,1209,70,1111,63,A,0,24,52,7,21,15,20,8,30,11,14,4,3,21,21,54,7,22,14,24,7,23,11,9,4,1,19
2026,47,1246,78,1385,66,H,0,28,61,4,16,18,22,16,23,13,16,6,7,25,17,51,5,19,27,32,11,17,14,12,10,5,24
2026,47,1251,64,1173,61,A,0,26,54,8,18,4,9,4,24,14,6,7,4,15,20,53,9,27,12,15,11,26,11,10,3,3,9
2026,47,1277,79,1324,70,H,0,28,61,6,22,17,23,15,27,19,11,4,11,16,24,56,10,22,12,13,6,20,15,12,8,3,21
2026,47,1257,94,1285,54,H,0,34,65,12,34,14,19,14,34,24,14,13,2,15,17,53,7,24,13,15,4,21,7,19,9,4,19
2026,46,1388,88,1194,75,H,0,28,62,6,26,26,33,15,30,21,13,6,3,21,26,61,7,20,16,25,10,21,14,14,5,2,24
2026,46,1417,108,1142,87,H,0,35,61,12,28,26,29,4,17,20,8,10,0,16,26,51,14,32,21,22,7,21,16,24,5,1,26
2026,46,1143,97,1288,50,H,0,32,54,11,20,22,23,5,31,19,9,12,4,17,19,53,1,17,11,19,6,18,11,14,3,3,16
2026,46,1140,85,1101,67,H,0,25,42,6,16,29,40,6,24,15,18,12,9,12,24,59,5,16,14,15,12,14,14,16,7,0,30
2026,46,1125,84,1414,58,A,0,29,56,13,25,13,17,9,37,20,15,5,3,19,20,63,8,28,10,17,11,21,14,9,6,7,17
2026,46,1437,76,1458,66,H,0,26,65,11,31,13,19,14,26,16,8,9,7,16,25,56,10,23,6,10,7,28,15,16,4,4,20
2026,46,1409,82,1443,81,A,0,24,53,11,33,23,32,6,27,16,9,7,2,19,25,61,12,29,19,24,10,29,15,8,7,2,25
2026,46,1199,96,1290,49,H,0,32,69,13,40,19,24,15,25,20,10,14,4,21,17,47,3,18,12,22,9,22,10,25,8,2,20
2026,46,1219,84,1247,72,H,0,25,52,13,27,21,28,8,21,15,8,8,5,21,21,48,4,11,26,32,9,23,11,12,5,4,21
2026,46,1180,75,1291,67,H,0,24,45,8,19,19,23,3,20,16,18,14,3,17,21,49,10,24,15,20,9,20,11,23,8,2,21
2026,46,1371,72,1344,67,A,0,25,55,5,15,17,27,11,24,13,13,12,1,20,19,48,5,23,24,30,6,23,11,13,5,2,21
2026,46,1212,81,1214,72,A,0,27,47,4,13,23,30,9,18,20,15,9,6,20,24,53,6,19,18,23,13,16,12,15,10,2,21
2026,46,1454,88,1355,87,H,0,32,69,11,26,13,15,19,24,16,10,3,1,20,33,66,13,33,8,15,12,19,22,9,3,3,18
2026,45,1379,62,1418,54,H,0,15,48,6,18,26,39,7,33,5,8,5,5,13,20,57,4,17,10,13,5,33,4,10,7,3,24
2026,45,1293,81,1179,72,H,0,23,57,9,26,26,31,11,23,10,5,7,3,20,26,58,3,16,17,23,12,23,9,11,3,1,21
2026,45,1315,90,1457,88,H,0,27,62,13,33,23,32,15,23,12,7,5,0,29,24,46,11,22,29,43,8,25,18,11,2,2,26
2026,45,1395,72,1331,53,H,0,27,56,4,16,14,21,15,23,12,8,8,4,11,20,52,8,21,5,8,9,17,13,14,5,2,17
2026,45,1212,80,1313,68,H,0,27,56,9,23,17,22,2,31,23,9,9,6,17,27,66,3,15,11,25,16,28,10,13,5,4,20
2026,45,1133,108,1232,99,A,0,40,89,11,34,17,27,15,40,13,8,7,3,29,28,70,13,38,30,43,10,39,19,14,5,7,19
2026,45,1396,68,1172,63,A,0,18,46,6,19,26,33,5,25,5,6,5,2,16,24,62,5,22,10,15,16,28,13,8,2,3,22
2026,45,1202,75,1264,68,A,0,30,60,10,28,5,14,14,28,20,17,9,4,17,25,64,7,26,11,16,14,22,14,12,14,2,16
2026,45,1433,105,1110,83,H,0,38,67,12,27,17,18,15,28,21,10,8,3,18,25,62,14,31,19,22,11,15,13,9,5,2,15
2026,45,1111,67,1157,49,H,0,23,50,7,17,14,22,7,36,8,12,3,4,14,18,60,4,24,9,18,13,25,6,9,9,2,18
2026,44,1417,90,1113,77,H,0,29,62,14,26,18,22,11,24,19,8,8,4,24,24,60,4,26,25,26,11,24,15,11,7,1,19
2026,44,1450,78,1186,63,A,0,32,62,9,28,5,9,11,30,18,15,10,3,19,23,60,5,23,12,18,9,18,10,12,7,3,16
2026,44,1362,85,1260,71,H,0,27,51,13,27,18,26,7,23,18,4,3,4,22,22,51,3,18,24,33,11,21,6,5,2,1,20
2026,44,1358,85,1333,75,A,0,29,65,10,27,17,23,15,31,18,13,8,1,20,26,59,9,34,14,19,4,22,13,11,7,2,20
2026,44,1425,97,1427,70,H,0,33,60,9,23,22,28,10,23,18,11,12,6,19,22,63,7,27,19,23,17,17,12,17,9,3,20
2026,44,1365,63,1317,60,H,0,24,56,7,25,8,13,13,19,15,21,5,4,19,20,50,1,13,19,27,10,17,11,12,13,8,21
2026,44,1372,69,1394,60,H,0,21,46,6,12,21,38,10,23,9,11,6,5,21,21,53,4,16,14,25,14,26,6,12,3,5,28
2026,44,1207,78,1266,69,A,0,27,58,4,16,20,23,14,27,17,9,6,3,14,27,64,7,26,8,12,12,18,16,7,6,4,18
2026,44,1104,104,1378,93,H,0,31,69,13,33,29,35,20,25,14,14,11,7,27,28,72,10,30,27,34,25,21,15,15,8,6,25
2026,44,1330,77,1241,68,H,0,21,53,8,25,27,33,8,25,12,6,9,2,13,25,54,5,23,13,18,7,29,15,12,5,2,22
2026,44,1455,84,1459,73,H,0,26,53,7,20,25,36,11,23,10,8,3,3,19,24,59,7,25,18,25,15,22,16,9,7,3,26
2026,44,1412,101,1156,77,H,0,37,66,8,21,19,29,13,27,16,7,8,6,13,25,58,13,28,14,15,5,23,16,14,4,0,21
2026,44,1292,68,1244,67,H,0,19,56,6,22,24,32,15,24,10,14,7,11,20,23,63,3,20,18,22,18,26,8,13,7,7,21
2026,44,1435,77,1272,70,A,0,20,62,6,31,31,40,15,30,12,20,16,5,19,23,64,4,20,20,26,11,28,11,20,13,5,28
2026,44,1453,67,1364,64,H,0,22,43,11,21,12,23,3,17,18,7,5,1,14,26,46,7,19,5,7,5,25,12,11,3,4,19
2026,44,1184,62,1240,59,A,0,21,56,11,31,9,10,13,25,11,17,3,4,22,18,51,4,18,19,25,11,20,9,10,5,1,14
2026,44,1107,71,1392,55,A,0,27,53,9,23,8,18,10,35,17,12,4,9,11,20,61,6,25,9,13,7,23,12,7,7,3,16
2026,44,1416,81,1273,63,H,0,30,68,8,24,13,17,17,27,13,12,10,4,19,20,53,5,18,18,24,9,25,7,17,7,4,14
2026,44,1436,83,1373,69,H,0,30,57,7,24,16,20,6,30,12,8,6,5,16,26,67,6,21,11,13,11,24,11,9,2,3,17
2026,44,1153,88,1106,51,H,0,33,67,8,35,14,20,13,32,25,7,6,7,13,20,69,4,20,7,12,17,23,7,11,2,0,17
2026,44,1324,82,1297,77,A,0,28,61,6,18,20,29,12,27,17,10,7,0,16,31,70,6,26,9,12,13,25,19,10,5,9,21
2026,44,1448,71,1255,68,H,0,22,54,5,24,22,30,6,29,9,10,9,4,19,22,62,8,31,16,21,11,30,16,13,5,0,21
2026,44,1301,108,1411,72,H,0,34,67,17,40,23,27,17,28,21,7,8,7,20,26,65,5,24,15,20,15,18,14,13,4,3,19
2026,44,1196,102,1384,61,H,0,36,59,10,27,20,24,13,31,21,15,4,5,13,25,63,3,16,8,11,8,11,6,12,10,0,20
2026,44,1166,98,1462,57,A,0,38,63,16,33,6,10,6,36,31,12,11,4,12,24,66,6,24,3,6,9,19,16,14,5,3,14
2026,43,1286,83,1142,80,A,0,28,66,10,36,17,25,14,25,16,8,5,2,24,25,63,8,28,22,31,17,30,8,11,2,0,22
2026,43,1465,75,1380,67,H,0,22,60,10,33,21,26,14,26,14,11,6,2,15,22,58,8,23,15,20,12,27,6,14,5,2,20
2026,43,1112,96,1101,62,H,0,30,45,6,14,30,38,7,31,18,19,12,5,19,20,56,6,16,16,25,11,12,11,16,13,0,26
2026,43,1140,93,1334,57,H,0,29,62,11,28,24,27,13,29,16,9,13,6,9,25,64,7,25,0,3,11,21,20,18,8,4,18
2026,43,1116,108,1474,80,H,0,36,64,14,28,22,27,10,23,26,14,13,2,15,30,68,6,25,14,20,16,18,12,17,6,1,20
2026,43,1163,79,1139,60,H,0,32,63,7,20,8,13,15,32,19,15,5,13,21,18,61,5,24,19,24,12,17,10,10,8,3,15
2026,43,1314,77,1190,58,H,0,27,50,8,25,15,23,7,28,18,7,3,2,15,20,52,7,23,11,16,6,17,11,7,4,2,19
2026,43,1403,101,1294,90,H,0,35,58,12,28,19,24,4,20,13,3,6,6,11,37,66,12,27,4,8,12,22,18,10,1,0,17
2026,43,1321,86,1434,70,H,0,33,61,5,21,15,22,11,22,17,7,6,4,15,24,54,6,19,16,22,10,21,12,15,6,2,19
2026,43,1280,87,1254,83,H,0,28,60,8,20,23,30,11,29,11,9,3,5,10,32,68,11,30,8,11,8,25,14,6,7,7,20
2026,43,1287,78,1114,64,H,0,27,59,5,16,19,25,13,28,19,18,9,3,20,21,53,4,16,18,25,6,18,13,14,12,3,23
2026,43,1397,83,1257,62,H,0,29,53,7,18,18,28,10,25,19,11,8,5,20,22,58,7,34,11,18,12,18,8,16,5,1,20
2026,43,1299,71,1422,65,A,0,24,64,8,28,15,18,16,32,14,10,2,5,16,23,63,9,28,10,19,14,23,11,6,5,1,18
2026,43,1275,83,1460,76,A,0,28,51,10,19,17,28,3,27,13,11,6,2,18,27,63,3,21,19,24,12,26,10,10,8,3,23
2026,43,1173,97,1199,69,H,0,25,51,7,23,40,47,6,29,15,12,11,6,18,21,58,8,27,19,27,14,23,7,20,7,2,31
2026,43,1155,68,1376,61,H,0,22,47,5,14,19,31,4,25,10,8,9,1,18,19,51,4,26,19,23,9,24,10,14,7,1,26
2026,43,1181,97,1252,73,H,0,36,69,8,25,17,22,20,35,21,22,14,4,17,24,61,7,23,18,20,3,18,14,16,12,2,19
2026,43,1224,74,1180,66,A,0,23,48,5,10,23,25,9,27,11,16,11,5,17,22,51,10,29,12,19,7,15,14,14,3,6,20
2026,42,1461,87,1355,72,A,0,30,56,10,24,17,20,9,29,12,11,4,1,22,22,55,10,26,18,24,7,14,8,7,4,2,18
2026,42,1459,83,1205,57,A,0,31,66,8,23,13,20,18,28,15,11,9,3,13,20,50,2,15,15,17,4,19,7,16,5,3,17
2026,41,1425,68,1450,61,H,0,20,50,1,13,27,34,5,30,15,11,3,4,17,21,53,9,28,10,14,4,24,13,13,6,1,29
2026,41,1129,68,1388,67,H,0,25,52,6,19,12,14,4,25,9,15,5,1,18,21,57,5,19,20,24,10,23,7,10,6,0,13
2026,41,1448,111,1474,73,H,0,36,58,17,33,22,24,7,26,23,10,10,2,16,25,57,12,38,11,15,6,13,17,13,5,0,20
2026,41,1307,75,1195,59,H,0,22,60,7,34,24,27,16,28,13,13,8,2,17,20,57,10,36,9,14,9,20,11,12,11,4,26
2026,41,1407,86,1412,85,A,0,30,61,14,28,12,16,9,20,18,8,6,3,11,34,61,8,21,9,13,9,24,19,10,5,2,13
2026,41,1234,91,1444,51,H,0,33,59,14,31,11,17,9,29,24,6,5,5,20,17,57,6,24,11,22,16,20,11,13,4,1,18
2026,41,1111,86,1219,78,H,0,27,57,13,27,19,26,7,38,19,12,5,6,20,26,75,11,44,15,27,19,26,15,8,5,1,26
2026,41,1232,70,1454,68,A,0,29,52,8,24,4,6,5,29,19,15,2,3,17,24,67,5,26,15,19,16,20,11,6,11,2,12
2026,41,1278,89,1411,53,H,0,28,57,15,34,18,25,10,28,27,11,12,1,14,19,53,3,18,12,13,7,24,11,17,5,3,17
2026,41,1396,95,1384,67,H,0,34,57,15,25,12,14,3,27,23,9,5,6,12,26,61,8,23,7,13,10,19,14,12,5,4,15
2026,40,1218,66,1431,61,H,0,21,52,6,19,18,22,7,28,10,8,3,3,8,24,60,8,22,5,10,9,26,9,9,3,6,21
2026,40,1211,82,1417,72,H,0,28,56,6,16,20,32,12,24,13,8,5,1,16,25,51,7,15,15,19,6,23,15,10,5,9,22
2026,40,1280,82,1428,74,A,0,33,65,10,25,6,9,8,24,14,8,10,3,15,24,53,8,23,18,24,8,25,11,14,6,5,11
2026,40,1305,78,1182,75,H,0,25,56,4,10,24,32,12,23,12,8,9,5,17,23,59,11,33,18,20,14,24,16,13,6,3,24
2026,40,1112,96,1104,75,A,0,36,84,10,26,14,20,22,30,16,4,10,2,15,25,56,12,32,13,18,3,29,12,15,2,15,16
2026,40,1398,63,1424,60,A,0,28,60,2,16,5,13,13,26,12,18,11,3,26,19,51,3,15,19,32,13,23,7,18,12,3,15
2026,40,1261,89,1374,77,H,0,36,58,7,15,10,12,10,21,17,12,7,4,18,30,61,7,19,10,17,16,13,10,10,6,1,15
2026,40,1276,101,1268,83,A,0,35,58,12,19,19,22,6,20,28,9,6,8,16,30,61,14,27,9,13,11,18,9,12,3,3,17
2026,40,1371,81,1353,59,H,0,34,62,4,13,9,12,14,22,19,15,13,7,19,19,53,6,15,15,22,15,14,9,18,8,2,17
2026,40,1213,82,1157,61,H,0,28,76,9,30,17,20,20,34,19,5,2,1,11,25,67,7,22,4,8,10,23,12,4,3,4,21
2026,40,1326,89,1452,88,H,0,32,72,4,21,21,25,14,28,19,12,6,5,23,25,63,12,26,26,34,13,29,15,17,5,5,21
2026,40,1387,85,1362,75,H,0,30,62,7,24,18,25,13,31,20,9,8,3,16,25,62,10,36,15,21,10,23,11,9,6,3,18
2026,40,1246,72,1231,60,H,0,22,58,3,15,25,38,14,20,10,4,13,4,18,15,44,4,24,26,29,8,29,8,18,2,3,24
2026,40,1113,82,1365,79,A,0,29,53,10,21,14,19,7,24,20,16,10,5,16,27,64,11,32,14,17,12,19,16,15,11,1,22
2026,40,1173,84,1316,61,H,0,34,65,8,29,8,17,14,29,18,9,11,8,15,21,62,8,29,11,16,15,22,9,15,6,1,18
2026,40,1320,75,1324,63,H,0,26,58,7,21,16,27,8,30,19,8,12,5,15,23,58,5,18,12,19,9,29,14,17,6,1,20
2026,40,1291,81,1259,73,A,0,28,54,8,22,17,24,10,33,18,19,9,5,17,24,65,13,39,12,17,10,18,18,12,12,2,17
2026,40,1242,77,1301,76,A,0,30,70,11,30,6,10,10,36,17,8,4,3,12,28,74,9,34,11,15,11,33,16,7,7,2,14
2026,40,1333,67,1286,57,H,0,19,45,6,20,23,28,5,28,11,11,7,6,14,21,57,6,25,9,15,11,23,9,11,7,2,23
2026,40,1143,79,1322,70,H,0,25,55,12,26,17,21,10,24,17,12,8,4,15,23,51,11,24,13,15,5,22,13,14,6,1,19
2026,40,1325,88,1382,83,H,0,35,64,7,23,11,15,8,22,14,16,3,4,16,31,70,4,16,17,21,14,21,16,16,10,1,17
2026,40,1120,92,1151,78,H,0,26,53,11,30,29,37,14,28,17,13,1,3,17,27,59,7,20,17,20,4,16,17,6,10,0,24
2026,40,1437,79,1338,61,H,0,26,50,9,22,18,24,7,20,20,3,4,2,14,24,57,5,22,8,12,16,20,12,12,2,1,19
2026,40,1304,83,1228,80,A,0,32,62,12,26,7,8,8,19,20,6,6,2,21,28,58,10,29,14,20,13,21,18,8,2,4,9
2026,40,1332,104,1413,62,H,0,37,61,10,21,20,27,14,29,22,12,9,5,16,20,57,7,26,15,19,7,14,12,14,7,1,21
2026,40,1267,76,1460,74,H,0,28,57,7,24,13,16,12,26,14,11,3,12,9,29,73,12,29,4,6,18,19,14,5,8,5,16
2026,40,1293,115,1103,100,A,0,40,69,18,32,17,25,15,27,23,18,1,7,27,37,76,7,18,19,25,15,19,19,8,6,3,25
2026,40,1160,88,1427,64,H,0,34,69,9,23,11,17,17,29,21,11,6,5,14,25,64,6,18,8,16,14,20,14,16,6,5,20
2026,40,1220,70,1393,69,A,0,26,53,12,18,6,6,8,19,13,10,6,5,15,26,57,8,23,9,16,15,19,15,9,5,9,11
2026,40,1254,70,1247,60,H,0,23,48,8,17,16,24,9,20,13,16,14,7,14,25,61,5,14,5,10,18,22,12,18,7,3,19
2026,40,1257,99,1272,73,H,0,30,54,18,35,21,25,8,26,24,13,4,3,19,28,68,3,11,14,20,16,17,8,11,8,2,20
2026,40,1275,79,1184,69,A,0,33,61,10,25,3,9,7,25,20,9,11,4,17,21,62,10,32,17,22,19,24,11,14,6,6,11
2026,40,1409,83,1308,70,A,0,21,44,12,27,29,35,8,30,16,16,8,3,20,22,56,6,18,18,26,8,17,14,11,8,3,23
2026,40,1224,61,1214,57,H,0,19,47,2,12,21,33,8,30,11,13,7,5,27,13,50,1,21,30,43,15,27,3,12,7,3,22
2026,40,1279,71,1379,67,H,0,24,49,5,17,18,26,4,24,10,8,10,4,19,25,54,4,16,13,20,9,24,10,14,4,1,21
2026,40,1423,73,1434,70,A,0,24,60,6,22,19,33,22,24,10,9,2,0,24,23,65,6,25,18,24,18,21,10,6,3,3,25
2026,40,1243,83,1166,76,A,0,29,68,12,28,13,15,15,27,14,7,5,4,16,25,63,12,32,14,15,11,24,15,7,4,7,13
2026,40,1155,70,1273,63,H,0,25,54,8,26,12,16,8,28,9,9,7,1,13,26,54,6,22,5,10,3,23,10,9,5,4,15
2026,40,1196,80,1203,70,H,0,27,54,6,27,20,33,12,31,19,13,9,5,14,27,65,9,26,7,19,13,22,13,12,8,0,24
2026,40,1207,76,1389,68,H,0,24,50,4,16,24,36,12,31,19,15,3,4,24,21,57,7,29,19,29,11,20,11,12,11,5,31
2026,40,1345,79,1266,59,H,0,30,56,7,23,12,15,12,26,20,14,6,5,17,20,61,8,31,11,15,15,14,14,12,8,3,17
2026,40,1295,99,1179,94,A,0,33,62,19,33,14,22,6,21,23,5,9,0,17,27,52,14,27,26,29,6,27,22,13,2,2,16
2026,40,1209,77,1240,73,H,0,21,52,8,24,27,32,9,28,11,7,1,3,20,28,66,7,22,10,20,13,23,11,4,4,2,23
2026,40,1139,113,1344,110,H,0,38,81,10,28,27,38,21,29,23,7,6,5,13,41,86,14,37,14,18,17,28,21,9,5,6,25
2026,40,1208,84,1153,65,H,0,30,60,4,21,20,26,9,32,18,15,7,6,17,23,65,7,27,12,21,14,23,17,14,8,3,21
2026,40,1328,85,1329,76,A,0,28,63,13,33,16,20,11,35,15,9,3,5,13,27,71,9,29,13,16,10,26,11,5,3,5,13
2026,40,1206,73,1330,61,H,0,23,56,4,14,23,31,9,27,13,11,9,3,16,22,53,6,16,11,14,6,29,8,16,5,6,19
2026,40,1277,76,1336,72,A,0,24,52,10,18,18,21,11,29,14,17,6,3,13,28,66,8,29,8,9,9,18,14,9,10,4,18
2026,40,1116,93,1403,86,H,0,33,63,10,19,17,26,16,24,18,7,6,6,15,35,69,13,31,3,10,14,19,21,7,4,4,17
2026,40,1385,91,1233,64,H,0,30,58,10,26,21,25,10,32,12,17,8,10,14,27,71,5,19,5,7,12,19,6,13,9,2,20
2026,40,1194,105,1107,79,H,0,38,68,16,35,13,21,10,32,24,13,6,8,20,29,63,9,23,12,20,6,23,12,15,9,4,19
2026,40,1269,103,1199,95,A,0,38,71,12,22,15,21,12,25,23,14,8,1,20,32,72,12,41,19,23,15,24,19,12,7,4,20
2026,39,1465,88,1186,83,A,0,30,56,5,15,23,28,15,22,11,15,4,4,27,29,59,7,14,18,27,11,13,12,11,6,4,21
2026,39,1163,71,1400,63,H,0,29,53,6,16,7,13,7,22,23,15,7,5,20,20,53,4,13,19,28,13,18,7,12,8,2,14
2026,39,1122,76,1190,75,H,0,25,62,11,33,15,17,12,25,17,11,10,4,11,28,61,8,28,11,14,9,26,17,12,8,8,18
2026,38,1295,80,1167,69,A,0,24,61,6,25,26,37,21,27,6,14,11,4,14,24,64,4,16,17,21,15,22,8,16,9,7,23
2026,38,1393,71,1386,63,H,0,25,53,6,14,15,28,6,28,9,10,7,7,17,20,56,5,26,18,27,14,30,10,14,7,4,22
2026,38,1235,66,1234,62,H,0,22,52,5,15,17,23,10,18,10,9,11,6,11,26,51,7,15,3,5,8,23,15,16,5,3,19
2026,38,1281,85,1106,77,H,0,33,51,8,16,11,16,7,21,16,11,3,4,11,28,59,13,26,8,12,10,14,13,7,7,3,16
2026,37,1361,89,1249,71,H,0,29,60,8,18,23,31,12,28,13,13,6,6,19,21,58,14,35,15,20,9,21,13,18,9,5,20
2026,37,1304,90,1458,60,H,0,33,61,11,30,13,15,8,30,20,10,4,6,13,22,64,7,32,9,11,11,21,14,11,4,1,18
2026,37,1129,86,1182,64,H,0,28,60,12,21,18,20,8,30,16,8,6,0,18,24,58,5,25,11,18,6,23,10,11,2,6,18
2026,37,1409,117,1115,84,H,0,36,63,14,28,31,37,11,22,16,10,12,0,17,29,57,8,25,18,21,7,19,16,15,4,2,22
2026,37,1345,85,1278,57,H,0,31,58,8,19,15,22,14,32,22,9,6,6,17,20,56,6,25,11,15,5,18,15,9,3,1,20
2026,37,1378,81,1158,75,H,0,28,69,9,32,16,23,21,26,15,8,10,8,22,23,62,9,28,20,25,17,25,10,12,6,10,21
2026,37,1267,77,1443,61,H,0,29,67,9,23,10,15,14,33,15,8,5,9,19,20,65,6,24,15,21,17,27,8,11,4,2,16
2026,37,1307,81,1433,78,A,0,27,54,8,18,19,22,9,24,11,14,4,5,21,24,62,7,26,23,28,17,20,11,12,9,4,19
2026,37,1233,69,1136,63,H,0,25,61,11,25,8,9,6,25,18,8,12,0,8,22,56,15,36,4,4,9,29,20,17,4,9,11
2026,37,1323,80,1225,65,H,0,32,61,9,14,7,10,11,28,15,9,2,5,8,23,58,10,24,9,10,7,20,13,6,3,2,12
2026,37,1301,85,1251,45,H,0,31,60,10,24,13,19,9,33,17,8,9,3,18,18,51,6,28,3,10,6,25,14,17,3,3,17
2026,37,1382,85,1159,77,H,0,31,65,4,19,19,24,16,26,19,12,5,3,18,31,67,5,21,10,19,15,21,17,6,7,4,24
2026,37,1174,70,1203,58,A,0,25,49,9,20,11,13,4,30,16,18,4,7,15,18,62,8,28,14,22,17,18,15,12,11,7,12
2026,37,1275,90,1421,87,A,0,31,62,10,26,18,24,4,26,17,5,4,0,19,30,62,10,22,17,22,3,30,20,12,1,3,21
2026,37,1463,93,1107,82,H,0,30,62,7,19,26,34,15,33,20,10,3,2,18,32,62,11,23,7,19,5,23,17,7,7,1,27
2026,37,1124,97,1313,67,H,0,36,68,8,21,17,21,13,29,23,12,7,10,20,23,60,3,12,18,26,9,21,7,12,7,1,20
2026,36,1163,77,1196,73,H,0,29,58,8,18,11,16,7,21,18,9,3,3,20,25,59,4,15,19,27,16,24,14,12,3,7,19
2026,36,1231,113,1336,72,H,0,42,61,17,31,12,15,4,24,30,10,8,1,20,26,56,5,16,15,22,8,13,6,14,6,0,18
2026,36,1228,88,1326,80,A,0,24,54,11,27,29,32,9,28,12,9,0,3,21,28,61,9,28,15,21,7,23,11,6,3,2,27
2026,36,1246,103,1300,67,H,0,39,64,12,29,13,14,7,29,27,9,9,5,16,24,57,6,19,13,17,7,19,16,13,7,0,12
2026,36,1224,73,1299,69,H,0,24,54,6,14,19,28,12,22,15,14,8,8,22,27,63,4,16,11,15,18,23,6,15,6,9,20
2026,36,1452,90,1114,58,H,0,33,59,15,30,9,17,15,27,22,10,9,1,12,21,58,6,18,10,16,13,16,11,11,7,2,12
2026,36,1270,66,1348,64,A,0,24,60,6,21,12,19,12,19,8,11,15,3,24,18,39,5,18,23,27,4,27,8,21,5,5,15
2026,36,1276,89,1437,61,H,0,33,69,9,33,14,25,15,38,17,12,9,5,12,21,62,10,37,9,14,6,27,6,15,10,3,21
2026,36,1140,67,1155,64,H,0,25,62,5,23,12,14,16,20,12,9,8,7,12,21,58,9,29,13,15,17,21,15,12,7,5,14
2026,36,1138,83,1420,79,A,0,30,55,7,17,16,18,8,19,13,10,10,0,10,31,59,9,26,8,8,7,18,15,11,4,0,15
2026,35,1379,68,1212,60,H,0,27,56,3,16,11,14,10,22,14,17,12,7,19,19,51,7,13,15,25,16,19,10,21,8,1,17
2026,35,1400,95,1380,69,H,0,29,51,8,20,29,32,9,28,17,13,5,4,23,24,59,5,12,16,25,12,15,10,14,7,1,24
2026,35,1243,108,1290,49,H,0,38,66,19,36,13,16,12,33,30,14,13,6,15,16,62,4,18,13,16,12,18,11,19,8,4,12
2026,35,1335,74,1248,72,H,0,28,66,6,19,12,19,13,24,18,9,6,2,15,27,59,8,21,10,13,6,29,15,13,5,5,16
2026,34,1211,109,1316,58,H,0,43,70,10,18,13,18,13,35,26,12,12,4,14,20,60,10,38,8,13,7,18,12,18,6,1,18
2026,34,1359,93,1165,90,H,0,32,58,6,21,23,33,8,29,18,11,4,5,17,32,76,13,37,13,18,17,25,19,9,7,1,26
2026,34,1395,65,1317,55,A,0,24,54,3,17,14,22,13,25,8,17,10,4,13,20,47,3,13,12,17,4,21,8,14,9,3,17
2026,34,1314,81,1207,61,H,0,29,60,9,28,14,21,7,38,15,9,2,4,15,24,72,4,23,9,12,11,25,9,4,6,2,17
2026,34,1305,78,1450,64,A,0,25,60,10,20,18,21,14,21,8,6,7,2,20,20,51,7,24,17,22,11,23,9,14,3,6,18
2026,34,1304,71,1166,50,H,0,24,55,10,27,13,20,8,31,11,8,7,2,14,16,52,8,33,10,17,9,26,9,12,2,3,19
2026,34,1460,86,1453,58,H,0,30,58,6,27,20,25,10,23,16,8,14,4,17,21,48,3,12,13,18,7,22,8,18,5,2,20
2026,34,1374,93,1401,80,H,0,31,66,5,22,26,28,8,29,17,11,9,4,26,25,71,8,34,22,34,16,26,21,16,6,3,24
2026,34,1125,83,1292,62,A,0,34,65,10,23,5,13,9,34,21,8,5,1,15,21,67,8,38,12,16,12,28,10,8,5,3,13
2026,34,1362,65,1280,62,A,0,26,61,7,29,6,10,11,32,12,6,3,6,11,26,67,8,28,2,8,13,27,8,5,5,2,8
2026,34,1424,75,1390,74,A,0,28,58,3,10,16,27,12,22,7,14,10,4,19,24,63,9,30,17,27,20,26,10,16,11,5,17
2026,34,1220,80,1338,73,A,0,29,55,8,20,14,18,8,18,17,7,3,1,14,22,48,10,23,19,22,8,18,14,10,2,2,16
2026,34,1403,82,1261,58,H,0,28,60,13,27,13,18,13,35,13,14,6,4,16,21,63,4,24,12,19,9,24,6,9,9,3,17
2026,34,1347,89,1384,56,H,0,33,62,13,31,10,14,10,31,19,12,6,4,14,21,61,9,28,5,7,10,21,11,14,9,1,16
2026,34,1104,97,1427,55,H,0,32,82,16,57,17,20,19,38,22,5,15,6,15,20,61,8,33,7,16,9,32,8,18,4,3,17
2026,34,1388,70,1172,61,A,0,28,61,3,11,11,17,17,30,5,11,6,2,16,23,58,7,23,8,15,9,20,9,9,7,3,16
2026,34,1194,81,1195,76,A,0,24,56,6,21,27,32,14,20,8,12,6,6,12,28,55,6,21,14,16,8,22,13,15,10,0,21
2026,34,1242,80,1281,60,H,0,26,57,9,21,19,26,12,29,17,9,5,7,19,21,61,7,27,11,21,16,19,12,10,6,3,20
2026,33,1218,69,1168,59,H,0,24,63,10,35,11,17,14,36,9,15,2,7,15,22,64,3,19,12,18,8,29,4,9,9,2,19
2026,33,1112,97,1120,68,H,0,41,67,6,15,9,12,11,29,23,13,8,3,21,21,63,6,25,20,25,16,18,7,15,8,4,15
2026,33,1113,86,1328,70,H,0,25,53,13,24,23,34,9,31,17,12,9,7,19,22,63,10,36,16,26,15,23,15,13,7,2,23
2026,33,1307,98,1365,71,H,0,34,57,9,23,21,24,9,26,18,12,9,5,16,26,69,10,44,9,12,18,17,13,15,6,1,23
2026,33,1364,109,1167,84,H,0,34,61,14,29,27,34,15,25,25,11,8,4,25,24,48,10,19,26,37,5,17,12,12,8,3,24
2026,33,1471,80,1253,74,A,0,26,50,9,20,19,25,5,27,16,11,6,0,15,29,63,9,28,7,10,9,23,13,9,3,0,19
2026,33,1222,82,1199,67,H,0,32,65,11,29,7,9,12,23,23,13,15,3,16,22,57,10,32,13,18,16,21,10,19,5,3,14
2026,33,1228,75,1397,62,A,0,28,58,11,28,8,14,11,20,14,6,5,7,14,24,65,6,20,8,18,23,23,14,13,4,4,18
2026,33,1385,63,1279,58,H,0,17,50,4,22,25,35,15,23,8,20,13,10,18,20,55,2,16,16,20,13,23,9,20,11,3,26
2026,33,1285,79,1315,75,A,0,26,50,12,24,15,24,9,24,14,17,6,3,18,28,66,5,21,14,18,16,18,8,10,14,6,18
2026,33,1331,72,1286,68,H,0,22,55,4,16,24,26,14,21,10,12,8,2,18,25,57,9,30,9,13,14,20,12,14,9,3,19
2026,33,1455,74,1320,69,A,0,26,60,9,25,13,17,12,29,10,14,6,2,22,27,61,3,18,12,22,8,25,18,8,6,1,18
2026,33,1454,74,1352,72,H,0,23,60,8,29,20,28,10,26,16,8,7,4,19,25,61,5,19,17,19,9,29,13,10,4,3,20
2026,33,1437,90,1335,63,H,0,33,60,15,31,9,13,10,28,20,10,10,3,14,24,59,11,22,4,12,13,20,19,14,5,2,15
2026,33,1329,84,1213,78,A,0,30,52,4,13,20,28,6,26,15,12,5,2,18,31,68,8,28,8,13,14,20,20,9,7,1,21
2026,33,1394,57,1249,49,A,0,19,45,6,18,13,19,6,26,9,13,9,1,12,19,51,5,16,6,9,7,22,12,11,6,8,16
2026,33,1428,91,1465,85,H,0,27,55,8,20,29,37,10,20,14,9,8,4,18,33,72,7,21,12,19,23,24,14,12,1,3,23
2026,33,1449,84,1425,76,A,0,29,64,6,21,20,25,14,31,14,12,5,5,19,22,60,8,23,24,28,9,22,13,8,3,5,18
2026,33,1417,74,1332,63,H,0,24,55,8,18,18,21,15,21,10,9,8,3,17,19,57,8,27,17,24,17,17,8,11,4,2,17
2026,33,1448,75,1452,66,A,0,29,57,10,25,7,11,14,14,18,11,11,4,19,21,52,6,28,18,24,19,17,9,18,6,3,13
2026,33,1358,82,1411,70,A,0,27,63,5,22,23,32,14,34,15,14,10,3,22,22,66,5,24,21,28,14,26,7,15,7,5,25
2026,33,1161,91,1160,86,H,0,30,56,18,35,13,17,6,20,15,11,5,1,12,36,58,7,19,7,13,5,21,13,6,8,3,16
2026,33,1143,67,1334,61,H,0,23,50,8,21,13,23,9,22,13,9,2,4,10,23,62,7,23,8,10,18,24,10,12,3,3,18
2026,33,1254,87,1250,82,A,0,34,68,5,15,14,20,20,19,14,14,15,6,23,28,56,6,21,20,27,13,18,15,19,7,4,18
2026,33,1386,70,1396,69,A,0,22,58,8,26,18,21,18,21,13,12,8,6,18,22,59,7,26,18,24,17,19,15,11,6,9,17
2026,33,1369,74,1151,70,A,0,30,62,9,25,5,9,11,21,13,11,6,3,18,25,50,7,17,13,17,4,23,12,12,7,3,13
2026,33,1272,78,1124,71,H,0,28,68,3,16,19,25,18,25,12,9,9,5,18,22,64,10,28,17,25,18,26,12,13,7,5,20
2026,33,1276,101,1353,60,H,0,39,65,13,29,10,15,11,29,26,11,8,8,13,24,67,6,23,6,9,14,15,10,16,5,0,17
2026,33,1116,82,1201,58,H,0,30,66,11,30,11,17,10,29,18,8,11,5,15,22,63,4,26,10,13,12,29,11,17,4,1,14
2026,33,1299,69,1300,54,A,0,20,47,4,16,25,35,12,37,11,21,5,3,20,15,56,2,18,22,30,10,21,8,11,13,6,24
2026,33,1325,88,1267,81,H,0,29,60,10,24,20,29,9,22,13,9,7,2,16,30,63,6,24,15,20,13,27,14,12,2,6,22
2026,33,1234,83,1268,64,H,0,34,63,9,18,6,12,8,24,19,10,12,4,27,17,47,6,18,24,38,13,26,7,18,4,1,16
2026,33,1423,70,1418,63,A,0,23,50,7,19,17,24,10,25,8,11,4,0,15,22,57,9,29,10,13,7,20,11,9,5,2,19
2026,33,1101,77,1308,69,H,0,25,50,8,17,19,23,11,18,10,13,8,3,24,18,48,6,18,27,35,13,16,12,12,7,3,22
2026,33,1371,78,1243,67,A,0,28,72,5,23,17,22,15,29,15,12,10,5,22,23,62,6,30,15,35,19,28,16,16,7,7,22
2026,33,1255,84,1288,80,A,0,24,47,7,15,29,44,10,26,17,15,8,4,16,27,59,6,23,20,22,7,20,13,14,5,5,29
2026,33,1244,92,1209,69,H,0,32,61,10,22,18,29,9,41,16,19,5,4,28,19,70,6,30,25,33,14,24,5,12,13,1,23
2026,33,1225,84,1355,81,A,0,26,53,11,28,21,29,7,27,11,9,2,1,24,26,55,5,15,24,33,7,23,8,5,4,0,22
2026,33,1439,73,1206,62,H,0,27,57,9,25,10,13,8,19,16,9,8,4,13,22,55,7,21,11,14,13,23,13,16,3,1,11
2026,33,1260,73,1343,68,H,0,25,50,6,22,17,26,7,28,13,9,2,5,15,22,62,9,34,15,16,11,21,13,5,2,0,19
2026,33,1257,87,1231,78,H,0,25,54,13,31,24,28,7,27,15,13,9,5,19,26,63,11,34,15,19,10,24,14,13,4,1,21
2026,33,1247,69,1180,64,H,0,26,55,5,15,12,23,11,26,16,10,7,5,15,24,70,6,27,10,16,21,23,14,11,10,2,18
2026,33,1444,83,1188,73,A,0,27,47,12,20,17,19,7,29,16,19,1,4,17,28,64,7,25,10,17,9,14,17,5,12,1,16
2026,33,1241,68,1313,67,H,0,24,54,8,29,12,22,8,22,13,8,14,3,13,28,52,3,8,8,17,10,28,6,15,4,4,18
2026,33,1157,88,1457,84,A,0,28,58,12,26,20,26,8,27,12,8,2,0,25,25,65,10,31,24,34,21,26,10,9,4,3,22
2026,33,1326,86,1321,82,A,0,35,61,4,14,12,20,9,20,24,11,5,2,17,29,61,8,24,16,18,13,21,21,14,4,2,20
2026,33,1376,82,1391,51,H,0,30,55,12,27,10,12,10,31,16,13,2,1,18,18,56,4,21,11,18,8,12,10,7,9,1,12
2026,33,1458,96,1266,76,H,0,29,61,14,33,24,29,8,38,15,12,7,2,18,29,69,9,29,9,19,8,25,13,8,9,2,23
2026,33,1129,77,1139,68,A,0,26,63,4,15,21,26,16,29,11,8,5,4,16,27,60,4,18,10,17,9,22,13,8,6,4,19
2026,33,1178,71,1156,59,A,0,26,58,5,16,14,19,10,23,15,6,3,4,20,18,58,9,30,14,20,17,25,9,13,4,4,18
2026,33,1382,77,1138,69,A,0,28,60,9,24,12,14,17,19,20,17,13,2,14,27,50,8,21,7,11,5,16,14,17,6,4,14
2026,33,1182,84,1392,75,H,0,27,58,11,27,19,26,13,28,18,11,4,4,15,27,68,10,30,11,14,13,21,14,8,5,4,20
2026,33,1202,79,1217,69,H,0,28,49,7,24,16,20,6,27,13,16,6,2,11,28,62,7,18,6,11,8,17,13,9,10,2,16
2026,33,1301,75,1421,63,H,0,28,58,7,24,12,15,9,29,21,12,5,4,17,20,54,10,24,13,17,9,23,13,14,8,1,16
2026,33,1350,86,1330,77,H,0,32,66,4,14,18,28,11,34,16,7,2,7,16,27,72,7,29,16,20,13,28,10,7,4,3,21
2026,33,1235,81,1345,58,A,0,33,61,11,23,4,6,11,21,19,12,6,6,17,24,59,4,18,6,14,15,18,17,15,7,2,10
2026,33,1181,66,1277,60,A,0,21,55,9,29,15,23,10,34,12,8,5,4,18,21,66,8,22,10,14,13,30,18,5,5,5,15
2026,33,1344,90,1348,71,H,0,31,54,14,29,14,19,8,26,19,15,12,8,15,25,56,14,29,7,14,10,16,13,17,9,2,17
2026,33,1438,86,1173,73,H,0,27,45,12,20,20,27,6,35,21,21,6,4,20,25,64,7,23,16,22,9,16,11,9,11,2,21
2026,33,1274,88,1379,64,H,0,32,68,7,20,17,24,18,21,20,14,9,7,18,24,55,3,13,13,19,12,20,16,20,7,5,21
2026,33,1420,73,1137,66,A,0,27,52,7,18,12,15,6,26,18,12,3,8,14,24,61,6,24,12,17,14,20,14,9,8,3,16
2026,32,1323,87,1395,85,A,0,33,60,12,26,9,20,8,28,27,14,2,2,20,29,60,12,29,15,23,5,23,20,8,6,1,18
2026,32,1412,74,1179,69,A,0,25,57,3,14,21,28,13,31,7,11,5,9,14,24,62,9,24,12,16,9,21,11,8,8,4,19
2026,32,1462,79,1153,74,H,0,30,64,6,28,13,23,5,32,19,4,5,3,13,26,69,11,33,11,22,15,36,18,9,3,4,18
2026,32,1270,92,1322,54,H,0,36,64,8,17,12,16,15,27,23,10,13,4,15,18,51,10,33,8,11,8,15,13,19,8,1,13
2026,32,1211,94,1246,59,A,0,36,63,9,18,13,16,10,33,24,9,5,1,18,16,60,7,34,20,26,12,19,12,11,6,0,17
2026,32,1433,83,1359,57,H,0,29,65,12,28,13,22,17,35,17,12,5,2,19,21,60,2,20,13,19,9,25,6,10,2,0,17
2026,31,1218,75,1413,69,H,0,25,46,7,16,18,31,5,30,12,15,8,2,21,25,59,4,16,15,21,8,24,11,11,9,2,23
2026,31,1142,94,1168,91,A,0,27,55,18,37,22,30,5,28,15,22,8,3,28,31,66,9,23,20,29,12,24,12,17,8,1,26
2026,31,1364,84,1253,77,H,0,22,51,8,22,32,38,9,27,11,14,5,1,25,25,66,8,24,19,24,17,23,13,13,6,5,30
2026,31,1378,74,1429,61,H,0,21,47,8,21,24,32,9,31,13,17,7,4,14,22,62,7,24,10,15,12,22,11,14,8,5,21
2026,31,1352,80,1453,78,A,0,30,62,8,23,12,18,14,21,16,11,5,0,21,24,46,5,16,25,31,4,20,11,11,7,2,15
2026,30,1417,82,1449,80,A,0,28,53,9,20,17,24,8,13,15,7,7,5,19,31,60,9,24,9,12,14,19,14,15,6,0,20
2026,30,1333,80,1436,58,H,0,27,53,14,28,12,13,6,25,18,9,5,8,15,21,60,6,22,10,13,13,20,10,9,5,2,14
2026,30,1120,83,1301,73,H,0,26,44,12,22,19,22,5,30,10,20,3,9,10,26,64,10,30,11,13,8,14,14,9,14,2,19
2026,30,1435,88,1374,69,H,0,36,63,6,24,10,12,6,24,20,5,7,8,21,25,60,2,17,17,23,16,22,12,13,2,0,14
2026,30,1438,88,1400,69,A,0,28,52,12,24,20,29,7,27,18,7,5,4,20,24,59,4,19,17,25,13,22,7,7,4,1,19
2026,30,1280,85,1210,73,A,0,31,61,6,22,17,22,9,38,13,13,3,9,13,26,77,8,30,13,20,17,25,16,5,7,3,17
2026,30,1140,91,1465,60,H,0,36,66,8,23,11,14,13,27,23,9,12,7,18,20,61,6,23,14,19,14,18,9,14,6,1,16
2026,30,1295,81,1285,72,A,0,28,62,5,23,20,22,13,23,15,10,8,3,14,28,58,8,25,8,13,8,23,15,14,8,4,19
2026,30,1451,92,1331,66,H,0,36,65,6,17,14,18,9,31,19,9,8,5,17,21,56,11,29,13,19,6,21,10,15,3,4,21
2026,30,1458,85,1321,73,H,0,28,64,11,31,18,21,13,20,19,7,7,1,16,25,59,4,19,19,23,11,26,15,12,3,4,18
2026,30,1225,90,1315,58,H,0,27,52,14,29,22,24,9,26,20,14,8,3,18,20,50,7,24,11,20,6,14,12,17,9,1,21
2026,30,1294,75,1303,70,A,0,26,60,10,29,13,15,10,27,16,9,6,1,18,24,55,7,19,15,22,8,25,9,9,5,4,15
2026,30,1207,90,1420,81,H,0,36,64,11,23,7,10,7,23,25,6,7,4,13,30,62,8,23,13,16,10,22,12,7,3,2,11
2026,30,1350,84,1125,76,A,0,27,55,14,25,16,20,3,29,14,12,8,3,14,29,62,11,34,7,15,10,27,15,15,7,2,18
2026,30,1116,89,1257,80,H,0,28,67,6,18,27,35,18,28,14,10,5,3,15,29,70,8,37,14,18,12,24,13,9,2,3,25
2026,30,1104,90,1155,84,H,0,28,60,12,34,22,31,13,26,13,9,3,12,19,29,71,4,19,22,28,18,25,12,7,6,3,21
2026,30,1278,73,1231,64,H,0,23,47,8,21,19,27,10,30,16,16,6,7,18,22,55,8,27,12,20,5,20,14,7,7,2,22
2026,30,1241,67,1300,62,H,0,18,52,9,24,22,32,12,24,10,10,6,6,16,22,53,7,21,11,15,9,26,11,11,6,4,19
2026,30,1249,65,1418,55,H,0,24,53,2,7,15,24,12,22,14,8,9,3,13,20,48,9,24,6,8,7,22,15,17,4,4,18
2026,30,1110,75,1180,73,H,0,24,58,9,26,18,27,10,25,10,6,8,0,15,29,58,6,18,9,15,9,29,12,11,5,6,20
2026,30,1379,82,1347,75,A,0,25,60,5,18,27,32,14,33,9,14,5,3,22,22,62,10,34,21,27,11,23,12,11,8,4,23
2026,30,1423,70,1267,69,H,0,18,55,5,22,29,39,18,22,9,6,4,1,16,26,58,8,25,9,9,10,24,15,11,1,3,31
2026,30,1474,107,1205,74,H,0,41,67,15,29,10,17,9,29,23,9,5,4,13,25,71,8,24,16,18,18,21,7,10,5,2,15
2026,30,1245,96,1122,84,H,0,30,51,13,24,23,32,6,26,15,13,6,7,18,30,66,13,31,11,16,11,20,22,11,5,3,22
2026,30,1214,93,1259,71,H,0,29,50,10,17,25,36,8,24,20,12,8,3,25,23,57,5,27,20,33,14,18,9,17,5,5,24
2026,30,1297,95,1156,80,H,0,34,61,13,27,14,15,12,17,22,14,12,7,19,22,48,14,25,22,28,8,15,14,20,6,3,17
2026,30,1269,78,1217,71,H,0,28,55,8,16,14,21,7,26,19,15,5,3,19,28,65,3,19,12,15,12,22,13,13,11,3,17
2026,30,1103,97,1137,77,H,0,35,62,12,29,15,23,9,29,25,5,6,3,11,29,71,14,37,5,7,15,22,16,9,3,2,17
2026,30,1221,76,1318,59,H,0,30,56,5,16,11,13,6,30,13,10,9,5,12,24,61,8,28,3,8,11,21,14,13,6,3,13
2026,29,1425,82,1332,77,A,0,28,55,8,21,18,25,14,21,10,15,9,2,19,25,53,10,23,17,26,10,17,14,14,8,3,23
2026,29,1305,76,1471,70,H,0,28,60,7,20,13,22,15,30,19,8,3,6,12,28,69,6,23,8,11,13,23,8,4,5,2,19
2026,29,1143,79,1428,72,H,0,25,55,7,18,22,24,8,28,12,10,4,3,18,25,59,8,28,14,19,10,22,15,10,7,1,19
2026,29,1314,67,1246,64,A,0,26,64,6,20,9,15,20,21,13,12,5,2,19,23,53,1,13,17,22,8,22,8,9,8,7,18
2026,29,1163,61,1242,56,A,0,24,57,7,26,6,8,11,27,12,13,5,7,15,18,51,5,18,15,21,9,23,8,10,4,5,10
2026,29,1213,67,1391,45,H,0,23,53,5,24,16,23,11,29,10,14,13,4,12,18,53,5,20,4,10,9,23,6,17,10,0,20
2026,29,1274,75,1279,66,A,0,27,55,11,25,10,15,15,30,15,19,7,5,10,23,66,11,26,9,11,14,15,16,11,10,10,18
2026,29,1208,107,1199,73,A,0,40,70,11,30,16,21,15,33,20,14,8,9,15,28,71,8,30,9,18,13,14,9,11,8,6,18
2026,29,1323,76,1281,71,H,0,25,54,11,33,15,18,7,26,16,13,4,2,20,24,54,6,21,17,25,9,22,12,12,10,1,19
2026,29,1345,81,1353,65,A,0,27,58,10,26,17,20,11,25,18,9,4,2,14,25,56,8,17,7,11,6,19,12,9,6,2,18
2026,29,1268,89,1447,63,H,0,26,64,5,20,32,45,20,28,12,8,10,4,18,21,57,6,23,15,18,9,28,10,18,2,2,30
2026,29,1293,84,1287,52,H,0,27,63,10,31,20,29,19,31,16,11,4,2,16,22,59,3,12,5,10,9,21,6,11,8,1,22
2026,29,1133,64,1450,60,H,0,22,62,7,30,13,22,10,21,10,7,12,4,13,21,49,8,16,10,12,7,34,10,20,3,2,14
2026,29,1266,75,1434,72,H,0,21,60,6,21,27,32,13,25,12,14,9,3,17,28,62,8,26,8,12,11,29,14,21,6,3,23
2026,29,1329,93,1358,83,H,0,34,66,6,23,19,28,14,29,17,15,5,0,9,30,71,14,37,9,11,13,21,17,14,5,3,21
2026,29,1181,67,1196,66,H,0,25,56,7,26,10,16,11,22,13,12,7,11,14,25,67,7,28,9,12,20,24,4,13,7,2,16
2026,29,1457,94,1254,92,A,0,32,69,6,22,24,29,16,21,17,10,7,6,22,32,62,8,17,20,25,12,24,19,14,9,4,25
2026,29,1277,71,1234,52,H,0,23,46,3,12,22,25,13,24,13,14,4,3,19,17,45,7,23,11,17,6,12,11,11,7,1,22
2026,29,1393,62,1397,60,H,0,22,51,5,19,13,22,9,24,7,16,10,8,14,24,58,4,13,8,15,13,25,16,17,9,2,20
2026,29,1421,82,1422,77,H,0,29,56,9,18,15,21,8,18,9,8,6,0,20,26,49,10,23,15,21,6,21,15,11,4,5,19
2026,29,1206,99,1165,81,H,0,34,61,10,20,21,25,10,24,16,12,7,2,19,28,57,13,31,12,17,8,18,20,13,5,3,22
2026,29,1273,78,1209,67,H,0,24,58,7,25,23,30,13,29,11,11,10,2,17,25,60,7,25,10,15,9,24,9,14,7,4,25
2026,29,1188,72,1316,63,A,0,26,64,8,25,12,19,16,25,16,9,8,6,9,23,57,10,30,7,7,8,22,11,12,4,3,17
2026,29,1173,88,1190,71,H,0,27,50,6,22,28,35,8,20,19,15,14,6,14,26,56,7,21,12,15,11,16,13,22,11,3,26
2026,29,1344,94,1192,64,H,0,35,60,15,27,9,11,9,22,28,10,11,8,14,22,61,11,26,9,11,19,15,14,18,5,0,15
2026,29,1439,86,1376,83,A,0,33,66,6,20,14,21,6,31,18,9,3,2,24,27,60,8,29,21,28,5,23,11,8,4,3,17
2026,29,1328,86,1448,68,A,0,26,54,8,25,26,35,10,32,17,12,7,2,26,19,56,8,30,22,27,9,15,12,12,5,4,22
2026,29,1401,81,1338,73,A,0,26,59,9,23,20,22,14,22,16,9,8,3,13,29,61,8,26,7,11,12,20,13,11,6,4,14
2026,28,1160,78,1465,70,H,0,24,53,6,16,24,31,12,29,11,10,4,6,18,25,62,2,13,18,24,14,21,9,11,7,2,23
2026,28,1292,76,1412,61,H,0,29,61,8,20,10,12,10,26,14,10,8,8,12,22,63,6,26,11,14,15,24,13,11,7,1,9
2026,28,1233,89,1174,66,A,0,31,53,12,26,15,19,2,29,16,10,9,4,12,28,62,7,23,3,8,8,23,17,12,6,0,13
2026,28,1462,96,1384,74,H,0,38,77,10,32,10,15,14,29,23,8,7,4,14,27,61,8,22,12,15,6,28,21,15,5,2,15
2026,28,1437,74,1396,56,H,0,27,62,10,29,10,15,21,22,13,9,7,2,15,20,46,3,8,13,18,6,18,5,10,3,3,16
2026,27,1167,76,1201,71,A,0,26,57,1,15,23,24,7,24,8,10,11,6,14,24,65,8,33,15,19,19,24,13,16,7,1,16
2026,27,1317,72,1341,69,H,0,24,50,6,16,18,26,10,27,18,19,8,5,18,24,54,3,12,18,22,6,19,7,11,9,4,21
2026,27,1110,92,1255,66,H,0,27,54,11,29,27,30,7,28,13,12,4,1,25,16,53,2,17,32,42,12,21,5,10,6,1,23
2026,27,1382,70,1194,65,A,0,25,47,6,14,14,22,4,25,13,12,8,4,15,24,59,8,27,9,14,14,23,11,13,7,8,16
2026,27,1125,96,1158,73,A,0,36,63,13,28,11,19,8,33,21,6,6,8,23,20,65,11,39,22,30,16,21,9,8,4,2,16
2026,27,1403,76,1461,72,H,0,27,55,4,17,18,30,12,21,11,10,5,4,13,27,58,5,19,13,13,9,24,8,13,7,2,22
2026,27,1220,77,1335,60,A,0,27,51,6,17,17,18,8,32,14,15,6,6,18,21,65,6,18,12,17,16,15,13,10,8,1,16
2026,27,1398,70,1151,64,A,0,25,59,6,18,14,15,9,30,12,8,5,2,13,21,58,10,35,12,14,6,25,13,7,5,0,15
2026,27,1352,80,1391,62,H,0,31,56,12,24,6,14,10,28,19,7,3,3,18,21,52,5,21,15,20,7,18,10,8,1,1,17
2026,27,1463,77,1436,74,A,0,27,55,6,17,17,22,7,18,12,3,6,0,18,24,49,9,28,17,22,8,23,8,11,2,1,19
2026,27,1165,101,1137,72,A,0,37,55,20,32,7,9,4,28,30,16,9,3,21,23,60,7,26,19,26,13,13,11,17,8,1,14
2026,27,1421,67,1111,55,H,0,21,50,3,18,22,27,10,26,10,13,5,1,22,21,53,6,25,7,15,7,18,10,10,1,1,23
2026,27,1386,60,1343,58,A,0,23,52,4,23,10,13,9,26,12,13,4,3,11,22,52,11,30,3,7,6,20,16,13,5,2,12
2026,26,1465,75,1333,69,A,0,28,60,6,16,13,20,10,24,12,7,7,1,21,22,52,10,25,15,17,4,27,11,12,2,8,17
2026,26,1103,105,1454,81,H,0,39,60,12,23,15,18,6,32,24,15,6,6,15,29,77,13,38,10,17,20,17,17,13,7,3,17
2026,26,1459,83,1184,77,A,0,25,62,9,29,24,32,13,29,15,6,6,2,19,27,72,10,33,13,16,16,30,19,10,4,1,21
2026,26,1335,73,1247,71,H,0,26,52,10,20,11,17,9,22,13,11,5,6,13,30,71,6,23,5,8,19,21,19,10,5,1,16
2026,26,1112,98,1313,61,H,0,32,57,2,11,32,46,12,32,20,10,12,5,12,27,64,5,16,2,9,8,19,12,14,4,2,29
2026,26,1179,84,1210,74,H,0,28,55,8,19,20,27,9,27,17,6,2,3,15,29,61,9,22,7,18,10,22,20,6,5,2,20
2026,26,1429,84,1286,81,H,0,29,62,8,22,18,26,9,28,17,10,11,3,15,27,69,11,36,16,18,14,29,9,16,4,5,21
2026,26,1373,59,1110,55,A,0,18,44,2,11,21,35,12,26,4,20,12,1,21,18,50,3,16,16,21,8,22,5,19,12,4,26
2026,26,1291,79,1224,75,H,0,29,56,8,18,13,16,8,34,15,15,4,4,16,26,68,8,29,15,21,13,20,14,6,10,4,14
2026,26,1252,88,1369,77,A,0,29,58,11,25,19,26,6,26,20,16,8,2,22,25,61,4,18,23,30,12,27,8,17,2,1,23
2026,26,1423,88,1205,62,H,0,33,64,14,30,8,11,8,32,20,7,7,2,12,21,58,10,31,10,13,8,24,8,14,5,2,11
2026,26,1434,84,1444,55,H,0,25,55,11,24,23,26,13,24,14,10,9,8,15,21,55,6,17,7,12,11,18,11,16,3,1,19
2026,26,1380,75,1322,73,A,0,29,61,10,19,7,13,12,25,17,14,7,5,17,26,59,11,23,10,15,11,22,12,14,5,3,14
2026,26,1206,82,1241,66,H,0,24,44,6,17,28,36,4,31,16,10,3,4,11,23,62,9,31,11,14,9,21,10,6,6,4,27
2026,26,1217,56,1136,53,H,0,24,58,6,19,2,2,12,28,13,10,7,3,7,19,58,9,28,6,7,12,22,12,10,9,3,8
2026,26,1297,74,1131,65,H,0,23,60,8,29,20,24,18,15,11,11,10,3,17,23,41,5,13,14,19,6,18,12,16,4,4,23
2026,25,1218,92,1315,55,H,0,33,57,5,20,21,31,10,31,20,17,10,3,21,17,53,4,20,17,28,6,20,7,16,6,1,28
2026,25,1261,71,1179,62,A,0,26,56,5,19,14,22,5,36,16,7,3,6,12,22,61,8,30,10,13,6,28,15,7,4,2,20
2026,25,1140,83,1173,79,A,0,29,56,10,22,15,18,5,30,11,15,11,2,13,29,62,15,33,6,14,8,24,14,14,7,5,16
2026,25,1365,86,1278,75,H,0,31,57,16,31,8,11,5,21,20,10,6,5,22,24,55,7,24,20,27,13,21,19,11,6,1,12
2026,25,1358,94,1225,68,A,0,36,65,16,27,6,9,12,24,22,6,6,1,18,25,56,11,37,7,15,8,16,11,9,1,1,16
2026,25,1159,69,1107,67,A,0,28,60,10,27,3,9,9,23,17,9,8,2,11,29,59,8,20,1,3,8,25,12,12,7,2,13
2026,25,1274,78,1207,65,A,0,30,51,6,10,12,16,8,25,14,15,8,2,19,21,59,7,26,16,24,17,14,15,11,9,1,14
2026,25,1443,75,1455,70,H,0,25,59,7,20,18,23,12,24,9,7,6,1,20,21,57,7,23,21,26,16,26,11,9,3,3,20
2026,25,1390,78,1387,77,A,0,24,64,13,27,17,24,13,25,17,10,4,4,19,23,61,5,20,26,28,13,30,15,11,5,4,20
2026,25,1374,87,1280,81,A,0,32,72,8,27,15,23,14,36,16,11,3,4,16,27,70,8,28,19,25,9,31,11,7,9,2,23
2026,25,1338,67,1326,66,H,0,26,69,5,22,10,16,16,23,6,5,9,3,17,23,54,7,24,13,15,9,29,8,13,3,4,17
2026,25,1395,74,1458,63,H,0,28,60,8,14,10,16,8,29,15,13,6,7,16,20,58,7,28,16,18,8,27,10,17,9,3,15
2026,25,1462,88,1394,67,H,0,31,68,12,28,14,24,10,32,26,5,6,7,19,26,67,4,15,11,20,11,30,19,10,3,2,19
2026,25,1401,95,1199,59,A,0,30,68,15,34,20,25,22,38,20,16,13,0,18,21,73,9,41,8,17,20,20,13,16,11,5,18
2026,25,1161,83,1378,68,A,0,30,49,16,22,7,12,3,32,23,15,5,5,11,25,69,8,31,10,14,14,18,15,9,8,1,18
2026,25,1160,81,1449,68,H,0,25,54,8,18,23,32,11,31,16,11,3,6,15,23,69,8,21,14,15,14,19,11,6,5,3,24
2026,25,1364,72,1250,70,A,0,21,56,2,12,28,32,15,22,7,9,10,3,17,19,46,11,27,21,23,6,22,15,12,3,5,17
2026,25,1172,90,1299,74,H,0,31,55,8,17,20,35,11,24,16,6,6,3,22,24,47,8,17,18,30,7,22,8,11,5,4,26
2026,25,1438,94,1474,69,H,0,32,60,15,33,15,22,14,27,24,8,7,8,17,24,63,9,29,12,18,18,17,12,11,6,0,21
2026,25,1196,90,1344,78,H,0,28,66,12,33,22,27,13,29,18,8,2,4,21,26,60,6,16,20,26,9,28,10,10,5,0,25
2026,25,1305,81,1362,65,H,0,30,63,7,14,14,18,11,18,19,4,6,2,18,19,49,7,23,20,25,12,22,14,15,2,3,18
2026,25,1281,86,1156,59,H,0,32,67,11,38,11,13,18,29,16,16,12,7,16,21,57,11,29,6,11,9,17,12,17,6,3,15
2026,25,1328,75,1266,74,A,0,29,61,11,28,6,9,10,23,19,8,1,8,14,27,67,9,27,11,15,16,21,14,5,3,1,12
2026,25,1220,63,1247,58,A,0,24,59,9,26,6,11,10,23,13,13,5,5,14,23,58,3,15,9,12,12,26,14,14,6,5,15
2026,25,1139,94,1460,69,H,0,36,63,7,21,15,26,11,30,17,11,7,1,9,30,71,7,22,2,3,10,20,11,13,5,5,24
2026,25,1435,96,1388,71,H,0,35,67,8,19,18,22,11,23,18,7,7,5,20,23,52,7,21,18,20,6,24,12,16,3,0,20
2026,25,1373,70,1255,63,H,0,25,49,7,23,13,22,5,22,17,13,12,4,15,22,53,6,21,13,16,12,24,11,19,4,0,18
2026,25,1163,74,1228,61,H,0,26,63,10,28,12,17,14,29,19,10,7,7,19,19,60,6,29,17,18,13,25,10,10,3,5,17
2026,25,1448,86,1318,73,H,0,32,58,7,23,15,20,12,22,14,17,14,3,15,26,51,10,18,11,15,6,16,19,22,10,4,15
2026,25,1433,86,1439,68,H,0,30,57,11,21,15,22,10,26,13,14,8,3,16,24,54,7,16,13,23,8,20,14,13,10,4,20
2026,24,1329,86,1321,81,A,0,27,63,6,22,26,33,15,24,18,10,4,5,24,28,56,3,18,22,30,9,22,18,10,4,3,21
2026,24,1390,72,1278,68,A,0,25,67,8,31,14,18,17,19,13,8,10,3,17,23,45,9,20,13,18,6,19,13,14,1,4,19
2026,24,1161,76,1455,70,H,0,29,52,12,30,6,11,9,17,21,10,5,1,15,28,64,5,25,9,15,20,19,12,8,6,3,14
2026,24,1181,80,1116,71,A,0,29,59,8,23,14,21,12,25,16,12,6,1,13,26,64,10,30,9,11,10,19,17,12,8,3,18
2026,24,1173,84,1207,79,H,0,24,59,11,26,25,32,12,28,15,13,7,2,20,28,63,9,25,14,21,10,28,15,13,5,7,25
2026,24,1387,71,1365,70,H,0,26,59,7,27,12,19,10,27,15,11,7,2,17,23,62,6,25,18,22,12,25,10,12,7,5,18
2026,24,1458,104,1344,83,H,0,37,77,14,40,16,24,14,29,21,8,10,5,15,30,67,11,28,12,15,7,29,14,14,5,2,19
2026,24,1378,97,1443,91,A,0,32,81,13,36,20,26,17,33,24,15,10,5,24,31,69,10,26,19,28,10,35,14,19,7,9,21
2026,24,1140,72,1274,62,A,0,25,55,9,19,13,20,9,33,12,13,7,8,16,25,66,5,22,7,17,15,24,10,10,6,4,17
2026,24,1277,74,1314,58,A,0,31,60,5,10,7,9,12,25,14,10,2,4,17,21,55,4,23,12,17,12,18,9,8,5,2,14
2026,24,1353,80,1424,65,H,0,24,57,4,16,28,36,14,31,10,10,5,4,16,25,63,5,22,10,16,10,23,14,8,5,5,24
2026,24,1449,83,1305,66,H,0,24,55,8,14,27,36,13,31,17,14,5,4,17,22,59,6,14,16,23,9,21,11,9,3,7,22
2026,24,1395,84,1196,80,A,0,28,59,4,17,24,33,8,20,16,9,12,4,19,25,55,8,29,22,27,10,21,16,19,5,3,26
2026,24,1388,77,1439,66,A,0,28,54,6,17,15,19,11,28,12,15,4,6,18,21,68,7,30,17,20,18,16,11,9,9,1,20
2026,24,1166,76,1332,66,H,0,26,59,5,17,19,21,6,27,15,5,4,2,14,29,69,1,15,7,11,16,28,14,9,3,8,17
2026,24,1160,79,1362,69,H,0,33,69,8,20,5,8,11,24,19,7,6,5,16,26,59,10,27,7,13,10,25,11,13,2,1,17
2026,24,1435,89,1433,74,H,0,27,51,11,22,24,33,10,33,18,17,11,4,28,20,56,7,29,27,35,9,20,8,13,7,2,24
2026,24,1202,73,1350,72,H,0,28,54,8,25,9,21,12,22,15,16,7,5,11,24,59,9,27,15,17,14,22,15,17,9,1,21
2026,23,1104,105,1268,72,H,0,38,66,14,31,15,18,11,38,29,12,7,9,13,28,76,9,27,7,11,13,17,12,9,6,2,15
2026,23,1428,75,1279,74,A,0,25,53,10,19,15,20,10,17,16,13,6,2,17,28,56,4,14,14,17,10,20,15,11,5,6,18
2026,23,1124,91,1361,81,A,0,30,57,9,23,22,30,10,26,18,9,6,1,14,28,59,11,26,14,17,6,23,20,10,5,3,22
2026,23,1276,101,1211,61,H,0,36,60,13,27,16,25,5,39,29,14,7,8,17,25,74,3,22,8,15,12,26,17,11,9,2,22
2026,23,1400,102,1301,97,H,0,29,52,16,32,28,33,6,25,18,7,4,2,21,34,64,9,19,20,28,8,20,14,6,3,1,27
2026,23,1234,59,1213,46,A,0,19,47,6,19,15,22,10,22,11,12,7,2,14,17,42,5,16,7,9,4,20,8,19,4,4,17
2026,23,1307,93,1106,87,H,0,27,54,12,26,27,38,10,17,17,11,6,2,16,29,56,13,26,16,20,10,20,13,17,8,3,25
2026,23,1414,64,1355,52,H,0,19,49,5,21,21,28,8,34,9,20,9,6,16,19,60,4,23,10,17,9,24,8,15,9,1,20
2026,23,1120,85,1385,74,H,0,29,53,6,14,21,25,12,23,16,12,9,5,18,23,60,7,25,21,28,19,13,13,14,5,2,21
2026,23,1388,70,1455,65,A,0,23,59,2,16,22,26,12,26,8,9,6,2,15,23,56,4,14,15,19,9,27,7,13,4,4,18
2026,23,1348,90,1396,75,A,0,32,58,12,28,14,23,5,27,19,6,6,5,24,22,49,6,19,25,33,6,25,9,11,3,2,20
2026,23,1242,81,1397,76,A,0,24,57,7,17,26,30,10,27,12,9,3,8,16,26,63,7,25,17,22,12,24,13,7,9,4,21
2026,23,1244,102,1195,100,A,0,32,63,9,25,29,36,13,32,12,19,5,3,29,31,69,10,25,28,39,12,23,13,12,12,3,26
2026,23,1371,75,1450,61,A,0,30,53,4,11,11,13,7,21,19,14,9,4,18,22,53,5,24,12,16,9,17,14,15,6,2,16
2026,23,1436,79,1343,74,A,0,31,60,8,25,9,13,9,30,13,8,2,1,14,29,59,12,32,4,12,7,22,16,5,4,1,13
2026,23,1447,103,1264,101,A,0,37,64,9,16,20,27,15,27,17,14,5,8,22,31,69,12,27,27,35,15,16,17,9,11,6,20
2026,23,1439,66,1161,64,A,0,23,51,7,22,13,16,5,23,10,8,5,3,12,27,59,4,19,6,8,11,24,16,11,5,0,14
2026,23,1409,63,1320,60,H,0,20,49,9,28,14,15,4,29,9,10,5,3,11,23,57,7,24,7,10,7,26,16,9,4,0,13
2026,23,1252,90,1267,67,A,0,30,57,13,26,17,26,6,29,19,15,9,2,20,22,62,6,26,17,22,12,27,9,17,7,3,22
2026,23,1222,66,1323,56,H,0,20,59,8,27,18,23,16,28,15,5,4,3,17,17,50,6,28,16,21,9,25,10,8,2,1,19
2026,23,1295,56,1240,43,A,0,19,50,8,23,10,17,8,29,14,10,5,3,17,13,50,4,21,13,23,12,27,9,15,6,2,15
2026,23,1308,77,1209,58,H,0,29,76,9,23,10,14,18,31,12,9,9,2,17,21,67,7,33,9,12,11,28,9,13,6,2,16
2026,23,1433,78,1378,66,H,0,24,62,7,23,23,32,16,31,10,11,5,6,19,26,67,2,14,12,20,13,26,12,9,7,5,23
2026,23,1425,88,1113,75,A,0,34,57,9,23,11,18,12,20,16,12,4,4,22,22,52,8,25,23,27,9,12,10,11,5,2,16
2026,23,1133,74,1251,64,H,0,27,53,8,18,12,14,11,25,16,15,7,5,19,22,48,9,23,11,21,5,15,14,12,9,3,16
2026,23,1275,82,1422,71,A,0,28,59,11,34,15,20,6,23,14,10,9,3,18,23,54,6,22,19,25,10,28,3,17,5,0,19
2026,23,1273,75,1111,67,H,0,24,59,11,28,16,19,15,24,13,9,7,1,12,28,61,4,21,7,13,13,22,14,8,6,4,16
2026,23,1297,93,1459,83,H,0,31,60,5,13,26,34,10,27,12,9,6,9,28,22,54,7,17,32,43,12,23,11,11,4,2,26
2026,23,1138,73,1137,71,A,0,24,54,11,28,14,19,10,19,11,8,9,4,16,27,57,10,27,7,12,13,22,16,11,5,3,15
2026,23,1235,95,1393,64,H,0,36,61,9,20,14,21,8,24,18,9,13,2,15,22,56,8,28,12,19,12,19,15,19,6,4,14
2026,23,1435,83,1443,78,A,0,24,53,9,24,26,37,7,30,18,17,12,5,22,23,62,8,25,24,33,14,28,13,17,7,1,25
2026,23,1407,74,1384,64,H,0,25,54,5,23,19,30,14,24,11,19,11,2,20,22,55,8,22,12,16,11,21,8,22,9,1,22
2026,22,1104,115,1424,76,H,0,36,65,14,33,29,35,14,34,20,12,7,6,14,30,71,9,28,7,14,10,18,16,10,8,2,23
2026,22,1213,68,1428,58,H,0,23,58,0,10,22,32,10,23,9,6,7,3,17,21,51,5,16,11,18,8,32,9,14,3,5,24
2026,22,1361,97,1332,80,A,0,39,58,11,23,8,9,8,26,22,15,7,6,18,25,62,12,28,18,22,14,12,17,13,4,2,8
2026,22,1143,80,1417,72,H,0,26,58,11,22,17,22,7,28,15,8,7,4,23,26,64,7,22,13,23,14,27,17,11,2,5,19
2026,22,1211,100,1268,61,H,0,37,64,14,33,12,15,13,26,30,12,12,3,21,20,55,5,21,16,23,14,15,9,18,5,3,20
2026,22,1234,74,1279,69,H,0,24,56,8,22,18,24,11,19,9,7,5,1,19,23,49,6,17,17,20,6,23,9,13,2,7,20
2026,22,1324,95,1285,87,A,0,33,66,6,17,23,31,13,25,15,10,8,7,20,32,63,10,23,13,22,11,24,24,15,2,4,22
2026,22,1276,102,1120,72,H,0,35,68,14,35,18,22,16,35,19,9,7,5,21,22,62,10,24,18,33,15,20,3,8,4,3,18
2026,22,1304,80,1457,73,H,0,29,69,13,38,9,10,10,28,22,5,7,5,12,26,69,13,42,8,13,17,31,15,11,3,5,15
2026,22,1308,57,1414,45,A,0,18,48,2,16,19,27,13,29,5,21,6,3,26,12,45,2,16,19,29,6,19,4,18,9,3,21
2026,22,1113,100,1450,94,H,0,33,56,11,23,23,29,8,21,12,10,2,3,22,29,55,14,26,22,29,9,17,11,11,7,3,21
2026,22,1231,86,1243,69,H,0,27,57,10,33,22,29,11,24,15,17,7,4,20,24,57,8,20,13,15,8,20,10,19,6,2,25
2026,22,1401,120,1290,84,H,0,31,62,16,34,42,50,13,18,25,13,13,3,23,30,59,10,22,14,19,12,22,25,31,7,6,29
2026,22,1369,84,1142,68,A,0,31,68,7,28,15,17,13,26,13,12,7,4,26,16,54,5,24,31,37,16,25,6,19,7,3,20
2026,22,1317,79,1186,71,H,0,26,60,7,25,20,30,13,25,13,12,10,4,15,25,63,6,21,15,19,14,28,9,15,8,3,22
2026,22,1396,79,1343,75,A,0,22,39,7,17,28,41,2,25,12,11,5,3,19,26,53,12,29,11,16,4,22,14,10,4,0,27
2026,22,1206,74,1194,65,A,0,25,51,9,17,15,21,10,23,11,7,4,1,12,25,57,6,23,9,12,12,19,13,10,4,3,17
2026,22,1293,96,1203,95,A,0,36,68,10,25,14,19,16,24,15,10,5,2,24,31,61,7,19,26,33,10,20,11,7,5,2,20
2026,22,1241,88,1303,77,H,0,32,58,17,30,7,8,8,22,28,9,8,3,15,30,61,10,29,7,10,10,19,19,11,5,5,9
2026,22,1336,96,1131,87,H,0,30,52,8,19,28,40,10,18,15,3,5,1,13,31,54,16,34,9,13,6,20,20,9,2,6,31
2026,22,1199,89,1167,59,H,0,29,65,8,32,23,29,15,23,16,17,13,7,23,21,54,1,10,16,26,13,24,11,28,8,2,22
2026,22,1437,89,1330,75,H,0,30,56,10,26,19,26,9,25,16,7,6,1,14,24,53,11,23,16,22,7,22,13,10,4,1,18
2026,22,1460,79,1391,62,A,0,31,59,14,26,3,6,10,24,17,13,10,5,10,25,57,7,23,5,9,10,19,8,13,7,3,9
2026,22,1398,75,1421,73,A,0,29,66,4,15,13,17,14,18,14,15,18,1,21,25,43,5,9,18,28,7,23,9,23,9,3,15
2026,22,1326,113,1291,60,H,0,41,64,15,31,16,19,7,34,19,8,7,0,17,22,59,6,32,10,18,8,14,14,13,4,1,18
2026,22,1397,76,1222,73,A,0,24,51,5,17,23,29,13,19,15,9,6,3,15,28,61,9,24,8,11,15,18,16,9,3,4,21
2026,22,1314,85,1382,70,H,0,28,55,8,18,21,27,10,30,17,13,5,1,13,29,70,7,17,5,8,11,20,13,9,8,5,16
2026,22,1180,71,1288,66,A,0,22,52,6,22,21,26,14,27,13,14,4,3,19,24,55,2,13,16,21,7,20,12,7,7,2,19
2026,22,1425,83,1371,81,H,0,23,46,6,12,31,38,11,24,9,16,4,4,19,32,57,5,15,12,18,5,16,15,9,12,4,28
2026,22,1471,87,1133,77,A,0,26,56,12,28,23,31,9,24,14,9,6,4,13,26,62,14,33,11,15,14,24,12,14,6,4,24
2026,22,1270,72,1292,62,H,0,22,58,5,19,23,25,18,20,7,6,4,5,16,22,52,10,22,8,14,14,17,14,11,3,4,21
2026,22,1385,96,1124,81,A,0,35,61,11,22,15,22,9,25,19,10,4,5,21,29,78,8,25,15,17,26,22,10,11,2,1,19
2026,22,1331,91,1244,83,H,0,27,48,13,21,24,28,4,26,10,20,7,3,24,27,59,6,20,23,35,13,19,7,15,11,4,26
2026,22,1412,75,1431,59,H,0,24,59,2,9,25,34,20,26,9,7,10,1,16,20,49,8,23,11,15,5,17,12,13,4,5,22
2026,22,1320,72,1260,51,A,0,25,55,12,28,10,15,4,28,21,3,8,3,14,17,57,8,25,9,15,13,30,9,11,2,3,16
2026,22,1242,71,1393,60,H,0,24,54,5,16,18,20,13,36,14,15,2,4,17,20,63,7,30,13,23,11,18,10,2,7,4,16
2026,22,1359,78,1209,63,A,0,24,50,7,22,23,34,9,33,9,14,3,3,21,16,62,7,33,24,27,16,20,8,10,8,2,28
2026,22,1301,81,1129,70,A,0,27,54,9,21,18,23,7,29,15,10,13,7,26,19,56,11,33,21,32,14,24,11,15,2,2,18
2026,22,1348,80,1436,65,A,0,24,50,6,21,26,38,15,24,8,11,12,3,21,20,48,9,30,16,23,9,16,14,14,5,2,28
2026,22,1235,78,1166,60,H,0,32,65,5,14,9,14,13,26,15,8,10,5,13,22,58,10,28,6,11,11,23,18,17,5,2,11
2026,22,1174,73,1422,60,H,0,28,54,13,25,4,8,5,31,16,11,6,2,15,16,53,10,30,18,22,8,22,7,9,6,1,5
2026,22,1323,68,1353,63,H,0,27,55,8,18,6,9,13,24,11,16,6,2,14,20,51,11,27,12,17,11,17,12,14,5,4,14
2026,21,1268,74,1424,67,H,0,25,59,9,31,15,21,16,30,15,20,5,3,18,22,60,8,27,15,22,10,24,14,13,11,3,21
2026,21,1113,87,1400,86,A,0,25,52,9,18,28,36,6,16,4,11,7,3,21,30,55,6,19,20,27,11,23,10,19,4,6,28
2026,21,1276,94,1361,54,H,0,34,68,11,33,15,22,15,34,14,13,11,5,15,17,62,7,23,13,16,12,22,8,17,6,2,21
2026,21,1211,95,1104,85,A,0,35,72,6,22,19,26,20,28,13,11,7,3,20,31,67,9,29,14,23,13,23,13,13,7,3,20
2026,21,1101,61,1427,50,H,0,20,58,9,22,12,17,19,25,11,15,12,5,19,16,44,3,15,15,27,9,23,5,14,11,2,15
2026,21,1413,77,1418,56,H,0,24,44,7,18,22,32,6,30,13,10,4,3,10,20,60,8,28,8,11,12,21,7,14,4,2,27
2026,21,1120,84,1332,73,A,0,30,65,5,23,19,23,12,22,14,6,12,3,19,23,61,9,33,18,23,20,26,14,18,3,1,20
2026,21,1463,97,1103,94,A,0,34,53,8,17,21,21,7,15,21,8,5,2,13,38,61,12,23,6,9,8,11,17,11,6,2,17
2026,21,1374,89,1347,72,H,0,27,59,10,26,25,32,13,37,17,16,6,6,16,23,69,11,39,15,18,10,24,12,11,12,4,22
2026,21,1195,93,1331,88,H,0,31,55,7,20,24,34,11,18,12,12,11,2,19,29,54,11,24,19,25,8,16,9,18,7,2,24
2026,21,1270,73,1293,60,H,0,29,70,5,23,10,19,13,27,16,8,15,5,23,18,57,9,33,15,26,15,33,12,20,4,4,18
2026,21,1297,82,1184,71,H,0,27,59,10,30,18,21,9,25,12,11,9,3,18,25,60,9,33,12,19,12,23,6,14,6,1,17
2026,21,1133,88,1343,64,H,0,30,55,14,30,14,20,4,20,13,9,14,1,19,22,45,7,23,13,21,9,25,15,24,3,1,16
2026,21,1222,78,1393,74,H,0,24,66,11,27,19,27,17,32,13,13,9,5,23,27,63,8,31,12,29,14,29,12,13,6,3,21
2026,21,1206,92,1325,69,A,0,32,69,14,31,14,20,16,23,19,6,7,1,14,24,58,8,26,13,20,13,23,12,12,3,3,17
2026,21,1373,73,1221,69,A,0,32,55,2,11,7,9,4,21,14,9,9,1,8,28,52,6,19,7,10,3,21,13,12,5,2,14
2026,21,1425,70,1129,67,A,0,24,54,11,23,11,17,7,24,11,13,8,7,17,26,63,5,25,10,11,12,24,7,15,5,2,17
2026,21,1203,92,1292,79,A,0,31,54,11,22,19,24,4,22,19,9,10,2,20,27,53,7,19,18,23,5,22,14,14,5,3,17
2026,21,1235,83,1385,82,A,0,27,62,9,22,20,25,17,21,14,11,3,1,24,26,60,7,20,23,30,15,21,15,10,4,3,21
2026,21,1471,91,1396,76,H,0,35,56,12,24,9,20,2,28,21,5,6,2,22,25,59,7,24,19,26,10,25,10,7,4,1,16
2026,21,1324,83,1249,68,A,0,29,56,3,17,22,32,11,25,15,11,10,3,16,25,63,7,25,11,16,16,23,19,16,2,6,23
2026,21,1242,71,1323,61,H,0,28,60,6,20,9,13,10,34,16,9,2,8,11,22,64,4,24,13,15,10,24,6,5,7,4,13
2026,21,1453,80,1233,75,A,0,25,64,10,28,20,26,13,26,14,5,5,4,18,25,62,11,28,14,19,12,30,15,8,1,6,16
2026,21,1371,85,1301,74,A,0,29,56,7,22,20,24,7,30,13,14,11,9,19,25,59,8,24,16,22,9,21,14,13,5,2,20
2026,21,1124,81,1166,74,H,0,31,72,7,18,12,16,22,23,15,10,8,5,12,27,58,11,29,9,10,8,20,12,13,5,3,15
2026,21,1125,94,1384,57,H,0,34,58,15,30,11,14,6,30,26,13,9,6,18,20,59,6,30,11,15,11,19,8,17,7,1,16
2026,21,1251,79,1436,73,A,0,30,54,10,24,9,18,3,23,16,8,6,3,17,27,56,8,24,11,15,7,26,11,11,3,2,18
2026,21,1397,85,1353,60,H,0,31,61,11,22,12,17,15,28,18,13,7,4,22,19,52,6,19,16,24,11,17,6,14,6,5,18
2026,21,1269,73,1333,65,A,0,29,65,5,19,10,17,17,22,13,11,9,1,16,22,49,9,28,12,17,7,24,11,16,5,3,21
2026,21,1334,86,1392,58,H,0,29,43,8,13,20,24,3,31,9,14,5,2,12,19,57,9,32,11,13,7,14,9,12,9,2,14
2026,20,1429,94,1172,60,A,0,35,59,12,26,12,14,7,24,20,14,15,2,20,21,53,7,26,11,17,12,17,10,19,7,3,13
2026,20,1292,90,1293,87,H,0,37,74,6,16,10,18,17,29,17,10,3,4,23,30,62,7,22,20,29,8,26,12,8,4,5,17
2026,20,1163,72,1136,49,H,0,25,64,5,25,17,22,18,24,17,8,12,1,19,11,40,7,23,20,21,5,22,6,21,5,4,20
2026,20,1463,74,1158,63,A,0,27,58,9,21,11,18,10,25,12,8,5,5,21,21,55,5,21,16,24,10,25,10,9,5,4,21
2026,20,1321,79,1376,77,H,0,30,53,7,14,12,14,5,21,21,10,5,3,15,28,61,10,34,11,15,13,18,17,8,7,1,14
2026,20,1202,90,1474,79,H,0,32,60,12,33,14,21,11,25,20,4,2,4,15,28,59,9,26,14,17,8,19,18,4,3,2,19
2026,20,1270,92,1203,86,A,0,32,67,5,16,23,28,15,15,15,8,17,5,26,25,54,12,31,24,30,18,23,16,24,3,7,24
2026,20,1181,93,1224,56,H,0,36,59,7,25,14,22,9,34,22,11,6,3,22,17,56,7,21,15,21,8,18,12,12,6,2,20
2026,20,1249,68,1285,63,A,0,29,73,6,12,4,8,17,30,10,13,8,3,22,18,52,6,22,21,32,11,30,10,16,6,2,16
2026,20,1461,75,1313,67,H,0,21,55,9,27,24,31,16,25,15,14,7,5,25,20,51,6,17,21,29,11,19,6,12,7,5,22
2026,20,1462,78,1452,68,H,0,25,55,16,25,12,12,4,27,19,10,4,5,16,25,58,6,22,12,15,7,26,13,11,4,4,13
2026,20,1444,83,1291,60,H,0,31,64,9,25,12,14,8,26,14,6,10,1,11,21,52,9,26,9,11,7,25,15,17,1,5,14
2026,20,1341,85,1316,82,A,0,28,70,6,23,23,33,21,15,10,10,14,5,20,27,49,12,26,16,22,9,26,16,21,3,3,28
2026,20,1180,75,1330,71,H,0,25,56,9,21,16,21,12,26,13,11,5,9,14,27,62,8,17,9,16,12,23,12,9,6,4,18
2026,20,1294,97,1168,93,H,0,27,60,9,31,34,40,8,33,17,9,1,1,23,32,71,6,21,23,33,9,25,10,4,4,2,26
2026,20,1139,80,1438,73,A,0,27,56,6,15,20,29,14,29,11,13,7,3,19,29,71,8,27,7,15,18,21,6,9,6,11,21
2026,20,1155,97,1208,94,A,0,32,69,11,25,22,29,15,30,12,13,8,0,23,32,66,9,30,21,26,8,27,14,15,8,5,25
2026,20,1188,83,1106,68,H,0,28,61,7,20,20,30,16,25,14,8,5,7,23,19,58,5,23,25,31,16,23,6,9,6,7,20
2026,20,1275,111,1115,84,H,0,36,64,11,23,28,32,7,32,25,9,7,4,21,28,69,7,22,21,25,10,22,18,11,8,4,24
2026,19,1320,70,1414,69,A,0,26,72,11,32,7,10,12,30,13,8,4,3,24,25,59,3,11,16,26,10,37,10,9,5,9,13
2026,19,1379,92,1316,83,H,0,37,64,2,10,16,26,15,20,16,10,8,1,15,30,51,15,30,8,10,2,18,22,18,5,3,23
2026,19,1157,75,1315,58,A,0,28,58,10,25,9,18,4,34,14,10,3,2,27,16,60,4,25,22,34,16,29,5,11,5,0,20
2026,19,1455,75,1454,58,H,0,25,60,6,17,19,28,14,31,10,8,5,3,15,21,59,6,23,10,16,11,25,9,11,4,4,20
2026,19,1350,102,1205,67,H,0,38,73,13,31,13,18,15,31,22,9,9,3,13,23,59,14,31,7,11,7,23,12,17,2,4,15
2026,19,1233,91,1333,84,A,0,30,78,13,37,18,22,16,33,12,13,12,3,27,28,65,7,23,21,36,12,31,20,15,9,9,20
2026,19,1362,77,1278,65,A,0,26,53,11,22,14,19,10,23,13,11,3,1,20,22,46,6,14,15,30,9,18,9,12,7,4,16
2026,19,1305,77,1364,64,H,0,23,48,5,15,26,30,7,28,14,13,11,5,20,21,52,7,24,15,23,10,20,11,15,6,4,20
2026,19,1344,77,1336,65,A,0,28,69,6,33,15,19,14,31,15,7,7,6,13,22,66,8,24,13,16,15,28,12,11,2,1,16
2026,19,1167,86,1290,70,H,0,25,60,7,25,29,42,16,29,12,10,8,3,25,25,58,2,10,18,29,8,26,9,12,5,2,27
2026,19,1318,93,1182,86,A,0,32,58,5,19,24,30,9,27,15,21,12,8,20,32,59,5,13,17,25,5,22,14,19,15,1,24
2026,19,1453,79,1269,75,A,0,24,49,3,13,28,35,7,17,7,8,6,1,23,23,55,7,26,22,26,9,21,13,10,3,2,25
2026,19,1273,95,1184,83,A,0,34,61,13,23,14,18,14,26,19,14,7,3,13,30,73,11,29,12,15,18,16,16,11,8,3,19
2026,19,1228,98,1254,58,H,0,41,65,5,16,11,15,13,27,15,12,9,11,9,23,60,8,22,4,7,9,13,8,17,11,5,18
2026,19,1245,91,1156,71,H,0,31,67,18,42,11,15,14,28,22,19,9,6,20,21,49,7,18,22,30,4,21,11,18,10,3,16
2026,19,1173,74,1300,55,H,0,27,63,9,32,11,19,13,25,13,7,11,5,17,19,51,6,14,11,13,9,27,9,18,3,6,17
2026,19,1131,75,1217,74,H,0,30,48,11,21,4,8,3,19,20,15,9,1,7,29,53,9,23,7,9,4,14,21,11,9,1,10
2026,19,1207,92,1447,75,H,0,29,62,9,22,25,28,10,28,21,9,11,4,19,26,61,9,25,14,19,11,25,14,16,5,3,23
2026,18,1365,80,1418,43,H,0,30,72,8,34,12,19,21,24,20,8,7,7,21,11,44,1,9,20,25,9,21,4,18,5,2,19
2026,18,1465,72,1212,59,H,0,27,46,6,14,12,17,8,24,14,18,11,4,22,17,45,4,18,21,23,5,15,3,14,7,0,16
2026,18,1286,78,1253,72,A,0,28,58,8,22,14,19,7,24,13,9,7,2,16,27,60,5,14,13,17,10,25,6,11,4,2,20
2026,18,1345,86,1403,56,H,0,34,58,8,14,10,15,10,33,19,11,1,2,15,20,60,8,34,8,14,9,16,8,9,7,3,14
2026,18,1304,86,1243,85,H,0,33,61,8,32,12,20,8,24,16,12,6,0,17,27,62,12,35,19,22,9,23,19,13,5,2,17
2026,18,1213,85,1322,72,H,0,24,49,7,22,30,39,12,29,15,12,3,2,23,25,52,6,20,16,24,3,14,12,10,4,3,27
2026,18,1308,81,1359,72,H,0,31,57,7,16,12,16,9,28,16,6,1,2,19,24,60,8,30,16,21,10,19,9,3,4,2,16
2026,18,1160,95,1413,79,H,0,34,57,9,15,18,21,7,22,24,10,8,5,12,31,60,8,24,9,9,7,19,16,12,5,3,19
2026,18,1208,78,1462,77,A,0,29,64,7,28,13,18,10,33,11,11,4,9,15,27,70,11,32,12,19,15,27,10,8,9,0,15
2026,18,1355,105,1209,58,H,0,37,60,14,30,17,22,9,34,28,10,7,0,21,17,51,6,32,18,27,4,18,10,12,6,1,21
2026,18,1261,99,1303,73,H,0,33,63,15,33,18,24,8,35,21,11,9,5,21,26,66,9,30,12,25,12,27,9,12,7,2,20
2026,18,1409,84,1122,75,H,0,28,58,13,32,15,16,8,24,21,11,4,3,11,28,59,8,19,11,16,8,22,15,9,6,0,16
2026,18,1313,62,1214,60,H,0,23,52,5,13,11,22,10,22,6,9,6,1,18,22,52,8,27,8,15,9,26,8,12,5,2,19
2026,18,1401,109,1264,68,H,0,39,67,18,37,13,17,7,29,32,8,7,3,20,24,55,9,20,11,19,7,21,14,16,4,1,14
2026,18,1246,88,1259,46,H,0,37,76,10,27,4,9,18,38,21,9,11,6,9,18,62,7,33,3,8,9,24,8,16,5,5,10
2026,18,1307,80,1280,78,H,0,26,63,9,27,19,25,13,33,11,10,2,0,17,31,68,9,29,7,13,8,28,13,7,6,4,21
2026,18,1190,77,1287,62,H,0,25,57,2,16,25,33,16,20,12,9,12,2,20,20,46,5,16,17,24,11,22,7,18,8,2,25
2026,18,1448,69,1272,68,A,0,23,61,9,33,14,19,15,21,16,14,5,4,15,23,56,11,29,11,18,16,21,12,17,4,3,19
2026,18,1423,81,1347,73,A,0,30,58,9,21,12,21,14,24,18,15,6,1,19,23,56,12,32,15,19,8,17,10,14,7,3,20
2026,18,1373,73,1107,63,H,0,26,51,3,9,18,20,10,20,15,11,6,2,14,24,45,5,11,10,18,5,16,5,11,7,4,17
2026,18,1330,88,1288,56,H,0,29,60,10,27,20,27,12,30,17,7,7,2,17,21,59,3,18,11,20,14,22,13,11,4,2,16
2026,18,1335,84,1180,68,A,0,27,54,8,22,22,28,11,29,15,11,5,1,16,27,64,7,18,7,17,14,19,8,9,5,4,19
2026,18,1257,74,1153,64,A,0,21,56,8,28,24,28,11,30,13,13,9,4,23,23,62,8,29,10,16,11,27,19,13,5,7,19
2026,18,1277,84,1178,56,H,0,28,61,8,27,20,26,16,26,18,12,8,5,13,22,60,5,20,7,8,11,20,9,15,7,2,21
2026,18,1155,70,1452,67,H,0,24,52,7,22,15,19,6,30,12,12,5,4,15,23,57,9,23,12,19,9,24,9,8,8,3,17
2026,18,1103,96,1233,75,H,0,35,65,9,21,17,25,11,29,20,11,5,0,21,27,62,8,25,13,20,11,20,12,17,4,1,17
2026,18,1438,83,1321,78,H,0,24,64,5,24,30,36,21,28,8,11,4,4,22,27,58,7,16,17,24,6,19,14,7,7,1,29
2026,18,1140,98,1458,70,H,0,31,65,14,34,22,29,12,32,18,8,6,2,24,23,61,7,29,17,26,11,28,8,12,6,3,25
2026,18,1158,69,1269,65,H,0,21,49,3,21,24,29,3,21,7,9,5,5,19,26,56,7,24,6,13,10,24,15,15,5,0,27
2026,18,1139,79,1376,72,A,0,27,56,5,12,20,34,15,33,9,10,6,2,17,25,62,7,26,15,22,9,20,10,7,8,1,25
2026,18,1463,73,1453,67,H,0,26,51,7,16,14,19,8,23,16,9,4,2,17,22,55,8,29,15,24,12,20,13,8,2,3,16
2026,17,1113,83,1218,76,A,0,26,62,7,19,24,37,12,21,9,8,11,1,20,25,54,6,23,20,26,8,25,10,17,4,3,22
2026,17,1425,107,1407,106,H,0,32,75,9,29,34,46,7,32,23,13,10,12,26,35,87,11,32,25,35,25,38,18,20,7,3,33
2026,17,1424,99,1386,85,H,0,31,69,4,15,33,49,25,33,15,12,6,8,23,26,65,9,28,24,34,13,24,25,12,6,7,33
2026,17,1243,98,1280,77,H,0,37,73,14,30,10,11,12,26,22,8,5,4,19,26,60,7,25,18,23,9,25,11,14,3,5,14
2026,17,1142,92,1428,85,A,0,30,60,14,25,18,31,10,32,13,19,8,5,21,29,63,9,27,18,22,6,26,18,16,7,5,26
2026,17,1403,84,1448,83,H,0,28,68,12,35,16,21,16,28,22,14,7,2,17,31,66,8,18,13,22,10,23,12,8,5,6,19
2026,17,1326,91,1444,58,H,0,32,65,9,29,18,23,17,32,22,12,9,2,14,21,62,5,22,11,15,11,19,9,16,7,0,19
2026,17,1328,95,1331,71,H,0,35,69,9,24,16,23,12,22,16,3,13,4,15,25,58,9,26,12,15,13,25,14,18,2,2,17
2026,17,1385,97,1137,49,H,0,33,65,10,26,21,28,17,31,21,13,15,7,19,15,51,4,21,15,22,8,18,11,24,9,1,22
2026,17,1397,89,1398,60,H,0,25,57,8,25,31,35,10,28,20,17,12,4,20,18,56,5,27,19,25,12,18,11,22,12,3,23
2026,17,1165,95,1159,94,H,0,30,68,11,32,24,30,8,32,21,18,7,4,17,39,82,6,23,10,13,10,32,17,13,12,2,22
2026,17,1304,84,1307,72,A,0,27,57,13,35,17,25,5,33,20,18,6,0,16,26,67,13,44,7,11,8,28,18,16,11,2,19
2026,17,1435,109,1411,74,H,0,39,73,14,40,17,22,17,26,28,9,10,5,20,24,53,7,15,19,29,7,18,2,14,3,3,20
2026,17,1343,70,1318,57,H,0,18,45,6,15,28,37,11,26,7,15,7,1,17,22,59,2,19,11,18,13,21,10,13,9,5,26
2026,17,1194,82,1334,59,H,0,29,52,11,26,13,16,7,21,15,13,9,8,18,21,50,2,11,15,20,10,19,8,15,7,1,17
2026,17,1474,101,1422,94,H,0,33,62,15,32,20,23,12,24,19,6,1,3,24,32,57,6,17,24,36,9,18,8,4,4,1,18
2026,17,1416,77,1338,67,H,0,32,61,6,18,7,12,16,21,13,11,4,0,15,21,54,7,27,18,21,12,16,9,12,4,5,16
2026,17,1345,80,1272,71,H,0,30,65,11,30,9,11,14,23,20,11,6,3,21,25,59,4,19,17,25,15,19,9,12,5,4,13
2026,17,1382,75,1352,61,H,0,27,61,7,19,14,17,15,27,21,14,8,8,15,22,61,5,23,12,13,13,21,15,15,9,0,19
2026,17,1267,98,1115,70,H,0,34,64,13,28,17,21,9,29,22,11,7,6,22,23,59,4,18,20,26,10,23,9,16,8,2,16
2026,16,1104,90,1228,86,A,0,30,66,13,36,17,23,10,28,15,10,6,4,25,31,73,11,32,13,22,14,26,17,11,7,3,21
2026,16,1125,75,1252,68,H,0,23,53,8,28,21,29,11,32,14,22,6,3,13,23,72,13,45,9,10,18,24,16,19,13,1,23
2026,16,1166,75,1315,60,H,0,26,63,8,38,15,25,21,29,16,11,6,5,10,23,60,6,18,8,11,9,21,8,8,7,0,17
2026,16,1329,103,1378,95,H,0,38,64,11,22,16,26,11,26,20,19,8,1,21,30,64,15,39,20,30,14,21,17,15,13,3,26
2026,16,1358,78,1461,70,H,0,22,52,5,20,29,33,11,27,10,15,7,6,18,28,62,5,23,9,22,17,22,17,15,7,2,22
2026,16,1173,77,1266,71,A,0,26,49,7,17,18,26,5,28,15,25,11,5,17,25,65,9,31,12,16,13,21,13,20,21,2,20
2026,16,1112,71,1163,67,A,0,25,54,2,10,19,25,13,30,9,10,3,4,16,25,56,8,25,9,18,6,17,15,5,4,6,21
2026,16,1396,81,1220,76,H,0,25,50,7,16,24,31,6,25,11,11,6,4,18,28,62,9,28,11,13,9,23,11,10,4,1,24
2026,16,1391,64,1224,60,H,0,18,45,7,20,21,28,5,32,9,16,3,3,13,21,64,6,23,12,16,14,26,10,10,12,1,21
2026,16,1459,86,1316,78,H,0,32,63,6,25,16,25,13,30,18,10,9,2,10,29,63,14,33,6,8,4,23,18,11,8,1,16
2026,16,1195,77,1359,62,A,0,30,59,7,16,10,15,14,32,16,17,7,8,18,21,62,7,26,13,24,15,19,11,10,6,4,13
2026,16,1434,90,1156,75,A,0,34,63,7,22,15,20,13,26,15,9,6,7,21,25,55,6,25,19,23,5,18,9,9,3,1,18
2026,16,1437,70,1247,55,A,0,28,54,8,25,6,10,13,20,17,13,6,2,13,22,51,3,13,8,13,13,15,10,16,8,0,12
2026,16,1439,78,1136,61,H,0,30,58,4,16,14,24,11,27,14,10,6,1,17,22,52,5,27,12,16,4,20,13,14,3,4,20
2026,16,1203,89,1420,52,H,0,34,63,13,27,8,12,8,35,18,11,7,2,19,18,54,5,23,11,18,6,23,13,14,8,4,11
2026,16,1182,92,1259,78,H,0,32,58,8,23,20,26,12,27,21,17,8,1,18,28,58,9,25,13,21,6,19,16,12,10,1,20
2026,16,1268,95,1291,90,H,0,23,57,12,27,37,47,13,22,8,11,9,1,15,31,65,17,36,11,16,12,25,18,19,3,4,29
2026,16,1276,86,1292,61,H,0,31,67,5,25,19,26,12,36,14,13,6,3,13,21,69,10,37,9,12,13,27,8,15,6,4,24
2026,16,1336,84,1217,80,H,0,31,57,5,19,17,25,13,15,12,7,9,0,12,30,57,12,27,8,8,9,16,21,13,4,3,18
2026,15,1362,84,1322,64,H,0,25,47,12,28,22,31,9,24,21,8,6,5,22,20,51,6,16,18,26,10,17,10,10,3,2,24
2026,15,1413,75,1305,71,A,0,22,45,11,26,20,27,4,24,14,20,8,1,20,21,53,8,20,21,29,9,23,14,17,10,3,22
2026,15,1407,108,1361,107,A,0,32,72,12,34,32,43,17,24,15,13,12,1,31,32,68,9,23,34,48,20,30,18,20,9,7,29
2026,15,1390,93,1418,66,H,0,27,56,11,31,28,35,11,27,14,10,4,2,16,27,55,2,9,10,17,6,21,4,14,3,0,29
2026,15,1449,99,1380,93,H,0,29,71,5,17,36,50,18,32,11,16,9,9,27,32,73,7,19,22,34,15,28,14,18,9,6,33
2026,15,1181,78,1242,66,H,0,27,58,7,26,17,26,13,28,17,8,2,1,15,26,60,4,21,10,14,8,22,15,8,5,4,22
2026,15,1201,80,1372,78,H,0,32,54,5,12,11,19,9,23,18,13,10,2,10,33,73,9,29,3,6,19,19,15,12,8,4,16
2026,15,1129,62,1455,59,H,0,20,54,7,17,15,23,11,21,13,10,4,1,15,21,56,4,15,13,19,12,26,9,11,3,1,21
2026,15,1234,99,1369,70,H,0,30,49,10,23,29,39,9,19,17,11,11,2,20,26,50,6,16,12,21,10,16,10,17,4,1,25
2026,15,1116,84,1457,83,H,0,29,58,6,17,20,22,7,26,13,9,5,8,13,32,67,15,32,4,6,8,22,18,10,3,2,20
2026,15,1279,72,1122,65,H,0,25,61,7,24,15,21,14,28,18,11,9,5,11,25,70,9,33,6,7,17,26,15,12,9,3,18
2026,15,1401,86,1285,81,H,0,29,54,7,23,21,29,7,23,22,10,6,2,16,29,52,16,31,7,13,3,24,22,14,4,2,20
2026,15,1293,89,1114,68,H,0,29,57,14,30,17,23,11,21,15,9,7,2,17,27,61,2,6,12,16,16,19,11,14,5,3,19
2026,15,1374,106,1115,60,H,0,37,65,12,27,20,26,8,37,27,12,10,6,13,23,67,4,26,10,18,13,19,15,17,7,3,20
2026,15,1348,86,1463,77,A,0,30,59,11,24,15,20,12,18,14,11,10,2,21,26,55,6,18,19,22,13,18,14,13,7,4,19
2026,15,1299,79,1288,73,A,0,26,50,6,19,21,27,8,32,18,14,2,2,14,28,62,5,21,12,17,5,19,13,5,5,0,21
2026,15,1174,81,1389,70,H,0,28,52,11,21,14,20,8,30,18,14,7,3,12,26,63,12,32,6,6,7,19,15,8,9,2,18
2026,15,1376,87,1347,58,H,0,34,59,7,25,12,15,7,33,23,12,7,4,21,17,55,7,24,17,25,10,16,6,14,5,0,17
2026,15,1233,89,1343,69,H,0,29,58,10,29,21,27,6,33,17,12,12,5,19,25,67,4,24,15,23,13,24,14,13,7,3,17
2026,15,1462,99,1330,69,H,0,33,72,16,36,17,24,19,29,29,9,10,5,15,26,62,5,18,12,18,9,19,18,14,5,3,18
2026,15,1245,93,1184,78,H,0,30,59,7,22,26,37,11,29,17,16,8,2,21,26,65,11,37,15,24,14,23,8,19,7,6,30
2026,15,1250,79,1384,62,H,0,27,57,8,24,17,26,11,26,16,15,12,6,15,24,59,5,16,9,13,10,23,8,18,12,4,23
2026,15,1277,83,1246,66,A,0,32,64,11,22,8,10,10,32,25,13,5,4,17,20,57,7,30,19,22,6,22,13,9,7,6,15
2026,15,1353,80,1110,71,H,0,25,53,6,15,24,30,9,33,12,11,1,6,18,24,68,12,32,11,14,11,21,13,8,5,1,21
2026,15,1138,94,1436,90,H,0,27,53,9,23,31,37,6,22,15,9,8,1,19,30,55,12,25,18,22,5,25,23,12,6,3,26
2026,14,1332,87,1333,75,H,0,25,53,10,24,27,39,14,24,14,10,5,3,17,23,54,8,25,21,25,9,18,13,12,4,3,27
2026,14,1160,94,1106,66,H,0,30,56,6,16,28,36,13,33,20,11,5,6,15,24,67,11,25,7,12,13,20,14,11,4,2,24
2026,14,1113,75,1209,62,H,0,29,62,4,19,13,18,10,27,14,10,9,4,16,20,55,9,25,13,16,9,25,9,18,6,1,18
2026,14,1458,94,1188,69,H,0,29,65,15,39,21,24,14,24,19,4,8,6,13,26,58,7,18,10,11,8,23,10,11,4,5,18
2026,14,1281,91,1341,73,H,0,32,62,10,23,17,25,12,37,19,14,7,1,17,25,66,9,23,14,16,6,22,12,9,10,2,19
2026,14,1243,84,1409,83,H,0,30,68,5,24,19,21,12,28,18,10,5,2,19,27,66,8,30,21,29,14,24,16,9,7,1,16
2026,14,1301,85,1433,79,H,0,25,54,8,21,27,33,14,31,11,17,5,3,13,27,66,13,42,12,18,12,19,17,12,11,3,21
2026,14,1179,71,1158,62,A,0,26,61,11,31,8,14,11,29,16,13,5,2,18,22,64,6,25,12,19,16,30,7,11,10,0,16
2026,14,1416,87,1324,83,H,0,31,65,7,23,18,25,16,26,21,11,4,4,19,26,61,9,23,22,26,10,22,17,10,3,3,18
2026,14,1159,72,1373,69,A,0,28,52,3,11,13,17,6,21,8,10,7,7,17,25,58,4,18,15,18,12,21,11,10,6,2,16
2026,14,1452,81,1248,59,H,0,29,58,9,20,14,21,12,24,19,10,6,3,15,20,49,10,22,9,12,6,19,14,19,6,2,17
2026,14,1335,83,1386,74,H,0,28,62,8,18,19,23,12,29,10,14,9,5,17,27,71,10,35,10,15,16,24,19,13,6,5,19
2026,14,1338,84,1137,50,H,0,31,61,13,25,9,14,15,27,20,13,10,2,22,13,47,6,21,18,23,10,19,11,16,6,3,14
2026,13,1196,82,1274,68,H,0,27,61,9,28,19,29,14,36,15,16,5,6,23,24,71,5,17,15,27,17,25,13,10,8,5,25
2026,13,1345,97,1103,79,H,0,35,67,9,23,18,23,19,26,20,13,7,6,15,27,67,13,33,12,17,12,14,18,10,9,1,19
2026,13,1153,72,1291,55,H,0,24,64,6,29,18,30,15,31,15,10,8,8,13,21,56,10,27,3,10,7,29,12,19,1,1,23
2026,13,1424,92,1272,78,A,0,32,64,7,27,21,26,11,25,19,14,13,3,24,25,59,4,17,24,30,11,21,13,18,8,3,24
2026,13,1161,80,1260,67,A,0,25,54,14,30,16,19,12,20,19,9,3,1,20,21,45,10,27,15,22,8,18,10,13,6,4,16
2026,13,1222,73,1120,72,A,0,28,65,7,24,10,12,14,26,15,10,7,6,23,22,58,7,22,21,33,15,23,11,8,5,2,14
2026,13,1443,95,1398,82,H,0,35,64,2,15,23,32,12,27,16,9,7,3,24,24,58,9,24,25,34,11,24,13,14,5,4,21
2026,13,1156,87,1347,82,H,0,24,54,9,26,30,46,10,33,18,16,8,1,23,28,74,6,30,20,30,21,25,11,15,7,2,32
2026,13,1378,108,1244,89,A,0,31,62,8,20,38,46,14,27,15,9,8,6,25,28,71,8,33,25,39,23,22,15,14,7,6,28
2026,13,1329,85,1394,69,H,0,29,58,5,24,22,27,10,34,17,17,11,3,19,22,61,5,19,20,26,9,21,14,14,12,1,23
2026,13,1434,68,1136,50,H,0,22,56,8,21,16,25,13,29,12,7,7,4,13,18,65,6,29,8,9,19,27,9,13,7,2,21
2026,13,1221,67,1214,61,A,0,23,45,6,17,15,15,4,20,9,12,10,0,13,20,54,5,20,16,17,15,17,8,11,4,4,14
2026,13,1326,64,1323,63,H,0,19,50,7,23,19,23,4,24,12,10,6,4,16,24,51,3,10,12,20,7,29,8,13,6,1,21
2026,13,1420,71,1447,70,H,0,22,55,5,22,22,32,12,30,10,18,3,0,15,28,64,4,16,10,16,11,26,3,15,9,1,23
2026,13,1245,76,1460,72,H,0,25,62,5,23,21,26,17,29,12,18,9,3,18,27,61,6,24,12,19,9,23,9,11,12,5,21
2026,12,1414,79,1451,70,H,0,25,56,3,13,26,38,11,33,16,13,8,9,20,25,71,3,17,17,24,16,25,12,13,10,0,24
2026,12,1362,75,1133,64,H,0,25,50,9,20,16,23,13,33,13,18,8,2,14,19,60,8,34,18,21,9,16,10,9,7,3,19
2026,12,1264,80,1290,73,H,0,22,48,10,27,26,32,13,15,16,13,9,0,13,29,55,4,16,11,11,8,14,9,13,8,2,23
2026,12,1278,72,1453,65,H,0,23,55,6,22,20,39,11,30,17,8,10,4,20,22,54,6,22,15,24,7,30,13,14,3,3,25
2026,12,1308,76,1307,68,H,0,23,56,10,32,20,26,12,23,15,8,8,4,17,23,55,8,28,14,17,9,27,10,13,4,1,19
2026,12,1428,85,1358,79,H,0,26,60,9,27,24,30,16,30,14,15,6,3,14,30,70,8,23,11,13,12,21,10,10,9,8,20
2026,12,1387,78,1213,64,H,0,27,59,10,27,14,17,10,35,16,18,8,4,22,19,67,7,28,19,22,15,24,10,12,8,7,15
2026,12,1437,87,1182,77,H,0,27,62,8,21,25,33,21,20,15,13,7,0,20,26,55,12,23,13,20,12,17,12,17,5,1,25
2026,12,1125,83,1331,60,A,0,33,60,9,21,8,17,11,34,16,19,6,2,22,18,59,4,30,20,26,10,20,3,13,10,4,16
2026,12,1163,86,1140,84,H,0,30,53,8,18,18,27,7,20,21,16,7,4,21,29,59,8,26,18,23,10,18,7,14,10,1,22
2026,12,1304,105,1328,99,H,0,34,59,15,27,22,28,8,22,20,5,4,0,18,33,63,14,37,19,21,9,21,18,10,3,2,23
2026,12,1365,98,1305,83,H,0,38,61,12,25,10,16,10,21,27,11,8,11,23,26,58,7,14,24,28,12,17,17,12,7,2,16
2026,12,1254,88,1241,79,H,0,36,61,7,15,9,15,5,27,17,13,5,4,15,32,66,7,16,8,14,12,23,10,15,4,3,16
2026,12,1203,96,1330,73,H,0,31,63,6,22,28,39,13,25,14,6,9,4,20,24,62,10,24,15,22,16,25,14,16,4,4,26
2026,12,1334,85,1168,73,A,0,32,57,7,15,14,17,7,40,12,19,4,2,21,25,74,6,25,17,22,12,21,10,7,10,3,16
2026,12,1429,75,1431,51,H,0,23,48,6,23,23,36,14,27,14,17,11,4,18,19,51,3,16,10,19,8,16,5,16,7,3,27
2026,12,1129,62,1286,58,H,0,17,51,8,28,20,22,7,28,10,8,5,1,12,22,59,8,26,6,11,9,27,6,9,4,2,19
2026,12,1471,75,1225,67,H,0,24,50,5,17,22,28,4,31,17,11,7,1,17,21,60,11,32,14,20,11,27,12,11,5,1,21
2026,12,1460,92,1347,59,A,0,30,59,13,20,19,27,11,31,24,12,8,2,20,20,56,5,21,14,21,9,22,11,15,7,6,22
2026,12,1393,80,1180,50,H,0,31,63,7,19,11,15,12,24,14,7,9,6,12,19,59,6,23,6,10,18,21,10,18,3,2,13
2026,12,1435,104,1115,75,H,0,34,71,11,34,25,33,19,30,18,7,9,7,17,23,57,10,24,19,26,8,20,11,13,3,2,23
2026,12,1242,76,1343,57,H,0,25,53,5,21,21,28,9,34,12,14,7,5,15,18,58,10,35,11,16,8,23,12,13,8,0,19
2026,12,1122,69,1422,63,A,0,26,65,7,25,10,16,11,32,12,12,8,1,22,21,54,6,24,15,24,5,30,14,12,4,1,18
2026,12,1457,105,1273,69,H,0,34,66,11,25,26,37,13,30,13,11,9,2,24,24,56,5,24,16,26,7,25,7,19,5,2,27
2026,12,1268,89,1266,82,A,0,29,55,8,22,23,27,4,31,16,13,6,3,19,28,76,11,40,15,22,20,24,16,11,7,1,21
2026,12,1374,87,1139,85,H,0,36,64,4,13,11,15,13,21,18,16,12,3,18,29,63,13,29,14,23,16,18,24,17,9,1,15
2026,12,1436,85,1318,74,A,0,31,56,13,23,10,12,6,23,17,13,4,2,20,26,56,6,15,16,21,10,21,12,15,6,2,16
2026,12,1195,91,1151,73,H,0,34,66,10,25,13,15,13,27,19,8,7,4,21,22,53,8,27,21,30,7,20,14,10,3,2,13
2026,12,1245,102,1156,95,A,0,31,59,6,23,34,46,14,17,17,11,7,2,22,28,60,15,36,24,30,15,21,18,15,4,2,33
2026,12,1336,83,1247,69,A,0,33,57,10,20,7,11,6,19,21,7,5,1,16,25,50,7,16,12,15,8,20,16,15,1,1,14
2026,12,1463,86,1392,79,H,0,24,48,10,19,28,33,10,20,16,10,3,3,15,27,50,13,27,12,17,6,15,13,12,2,3,24
2026,12,1257,106,1325,81,H,0,34,68,16,35,22,30,17,24,23,11,11,3,25,26,59,9,26,20,26,12,22,12,17,9,3,20
2026,12,1438,104,1267,78,H,0,33,63,12,28,26,36,13,25,18,9,9,4,20,26,60,7,24,19,24,11,24,14,15,6,3,28
2026,12,1207,79,1155,74,H,0,24,53,6,17,25,32,6,29,16,8,8,3,17,25,61,10,29,14,20,11,25,14,10,4,3,22
2026,11,1218,86,1264,56,H,0,29,66,9,20,19,26,15,34,14,10,6,4,17,21,56,4,11,10,20,6,23,9,12,7,3,21
2026,11,1211,77,1113,65,A,0,22,51,6,21,27,35,11,34,16,14,2,5,22,21,58,10,30,13,23,10,21,12,10,7,6,23
2026,11,1449,81,1450,69,A,0,27,56,9,26,18,23,11,25,7,7,3,5,14,26,62,9,31,8,10,12,21,13,7,4,4,18
2026,11,1112,69,1417,65,A,0,26,55,6,19,11,15,11,24,16,15,7,3,11,25,58,9,17,6,8,9,19,15,16,4,3,12
2026,11,1388,80,1317,49,H,0,27,61,9,23,17,21,20,38,16,15,5,4,14,15,63,7,23,12,14,10,17,10,8,8,6,19
2026,11,1276,67,1395,63,A,0,23,53,5,16,16,20,15,29,15,22,5,7,16,23,62,7,24,10,15,10,13,11,11,11,8,20
2026,11,1228,84,1159,65,H,0,26,69,11,37,21,24,19,30,12,7,3,5,12,26,62,5,19,8,9,6,23,9,5,4,1,18
2026,11,1314,97,1300,53,H,0,30,55,11,28,26,35,12,39,21,10,1,14,15,16,66,7,26,14,20,14,16,10,9,6,2,21
2026,11,1285,90,1142,82,H,0,29,64,9,30,23,29,9,29,17,12,5,5,17,30,69,7,20,15,21,12,31,10,14,6,2,25
2026,11,1208,92,1210,87,H,0,27,67,6,29,32,44,18,31,14,14,7,8,24,30,73,10,22,17,28,18,25,18,15,7,8,28
2026,11,1372,76,1101,66,H,0,24,53,13,23,15,26,6,23,14,8,5,5,15,24,57,2,10,16,19,10,29,12,11,4,5,21
2026,11,1160,97,1344,88,H,0,34,66,6,17,23,27,12,31,18,11,5,1,26,29,65,6,25,24,31,9,23,13,10,4,10,25
2026,11,1403,80,1454,63,H,0,27,63,13,31,13,14,15,21,15,9,7,5,10,24,55,4,17,11,15,9,21,9,13,5,0,17
2026,11,1116,79,1359,75,H,0,28,62,6,17,17,22,9,29,13,9,5,4,14,28,68,10,29,9,10,9,28,17,8,5,0,18
2026,11,1416,86,1401,74,A,0,28,56,14,28,16,17,6,27,23,16,8,3,23,21,57,9,29,23,30,10,22,15,14,8,1,16
2026,11,1234,81,1462,62,H,0,29,51,3,11,20,27,8,33,16,14,5,2,17,23,59,8,33,8,14,7,17,9,12,7,1,21
2026,11,1188,61,1179,59,A,0,24,60,8,29,5,9,12,28,11,9,6,3,12,23,60,9,30,4,8,11,26,9,8,7,3,11
2026,11,1412,91,1219,74,H,0,30,59,4,13,27,35,9,29,16,11,9,4,18,24,60,4,23,22,31,11,25,16,15,8,3,23
2026,11,1279,82,1167,60,H,0,29,66,5,19,19,25,20,23,15,4,10,8,20,21,49,2,9,16,25,11,23,8,13,4,9,20
2026,11,1181,100,1232,62,H,0,38,71,10,28,14,21,16,32,22,12,13,13,18,22,61,9,30,9,15,10,17,14,18,11,1,17
2026,11,1270,88,1418,62,H,0,24,45,10,21,30,39,8,22,19,11,6,8,22,18,54,6,22,20,23,15,17,6,17,3,2,27
2026,11,1240,74,1157,67,H,0,25,57,8,21,16,23,9,28,12,8,4,4,15,23,63,6,28,15,16,12,29,9,9,5,0,20
2026,11,1320,70,1202,54,H,0,25,54,6,20,14,17,7,28,11,7,7,3,14,22,56,4,30,6,11,8,25,10,13,4,3,16
2026,11,1348,80,1107,61,H,0,25,59,5,21,25,28,15,23,9,9,9,5,12,23,61,6,28,9,14,18,20,15,16,7,0,20
2026,11,1220,83,1137,77,A,0,26,57,10,24,21,32,10,23,15,12,9,2,15,25,59,9,28,18,21,11,24,13,17,7,2,26
2026,11,1353,84,1250,72,H,0,31,61,3,13,19,27,14,31,15,10,6,5,12,26,61,9,25,11,16,7,19,12,9,7,1,20
2026,10,1243,99,1143,96,H,0,38,59,9,18,14,21,6,19,21,17,9,5,17,35,62,15,28,11,14,9,17,21,17,11,5,20
2026,10,1212,75,1379,70,H,0,27,50,9,20,12,16,5,23,19,17,6,7,20,24,63,4,16,18,29,18,19,12,11,15,3,16
2026,10,1455,95,1260,74,H,0,33,68,16,32,13,19,14,23,17,2,6,6,18,24,57,11,25,15,18,11,24,14,11,2,4,13
2026,10,1345,87,1104,80,A,0,31,66,9,21,16,23,19,33,16,10,3,0,15,28,66,16,43,8,10,7,21,17,6,8,4,19
2026,10,1165,97,1248,78,A,0,35,67,15,39,12,17,11,33,23,11,6,2,24,28,63,5,15,17,26,9,25,16,9,3,1,17
2026,10,1452,71,1338,49,H,0,24,56,7,24,16,21,8,26,13,6,6,5,11,20,53,5,20,4,6,6,25,12,12,4,5,16
2026,9,1218,88,1290,56,H,0,28,56,10,23,22,29,14,31,19,11,5,1,15,20,59,5,16,11,15,9,15,8,9,9,2,23
2026,9,1334,69,1253,66,H,0,22,52,3,20,22,30,13,29,12,16,7,3,18,23,56,8,24,12,21,11,24,10,13,11,3,25
2026,9,1390,77,1286,68,H,0,28,62,5,19,16,21,9,30,14,12,6,5,12,27,58,7,23,7,13,6,27,8,16,3,2,21
2026,9,1332,83,1355,69,H,0,28,62,15,40,12,16,8,29,16,10,7,3,14,26,59,8,25,9,14,7,26,8,11,6,0,19
2026,9,1333,66,1317,64,H,0,17,46,9,25,23,28,6,18,9,9,4,5,16,23,54,7,18,11,16,12,24,12,14,5,2,26
2026,9,1429,83,1451,73,H,0,29,64,3,23,22,29,12,26,15,6,10,4,22,22,57,8,26,21,28,13,27,10,13,4,1,21
2026,9,1471,78,1201,73,A,0,30,60,12,37,6,13,12,24,14,18,6,5,20,25,59,7,23,16,21,13,23,12,14,9,1,16
2026,9,1161,93,1142,79,H,0,29,60,16,36,19,20,6,32,25,11,7,1,18,27,63,14,36,11,18,9,26,13,13,5,2,22
2026,9,1359,93,1411,90,A,0,26,57,11,31,30,44,8,32,9,10,3,1,16,33,65,10,15,14,21,6,32,7,6,3,2,29
2026,9,1222,78,1324,45,H,0,32,71,9,31,5,8,18,28,20,6,9,6,17,16,51,3,13,10,15,10,22,6,13,3,2,12
2026,9,1435,92,1184,62,H,0,36,69,10,28,10,16,14,34,19,10,13,6,20,20,60,8,33,14,19,10,23,9,14,6,2,13
2026,9,1409,88,1331,87,A,0,25,55,10,23,28,36,12,26,15,12,6,3,20,30,60,14,33,13,20,6,23,14,10,7,5,23
2026,9,1281,83,1278,60,H,0,29,49,11,22,14,20,3,22,15,9,7,2,19,23,54,5,23,9,17,14,20,11,11,3,0,18
2026,9,1266,89,1114,49,H,0,34,65,10,23,11,18,16,24,21,9,13,2,16,18,52,6,16,7,13,11,20,13,20,7,1,18
2026,9,1301,110,1422,64,H,0,38,68,16,32,18,23,9,34,17,4,9,4,25,15,47,8,26,26,41,8,25,7,16,1,1,19
2026,9,1329,94,1341,67,H,0,33,73,9,25,19,27,19,35,17,14,10,7,14,25,64,9,24,8,14,5,26,13,12,4,7,18
2026,9,1400,93,1192,58,H,0,34,65,6,23,19,34,16,38,12,9,5,5,15,21,67,8,29,8,13,10,25,9,9,3,2,26
2026,9,1397,99,1316,66,H,0,37,71,8,27,17,24,20,32,26,14,9,9,12,25,65,10,35,6,12,12,12,13,17,9,1,18
2026,9,1255,82,1241,72,H,0,21,56,4,19,36,42,14,29,12,7,6,0,17,27,58,8,24,10,19,7,26,13,11,5,5,27
2026,9,1190,75,1297,63,H,0,26,44,4,9,19,27,3,29,13,18,13,4,18,23,63,7,30,10,14,15,20,11,18,12,4,22
2026,9,1433,78,1389,61,H,0,22,49,8,22,26,35,13,26,16,17,7,5,18,19,61,6,24,17,19,17,20,8,14,11,3,24
2026,9,1231,101,1454,70,H,0,34,60,14,28,19,27,11,24,23,7,8,3,19,29,62,5,17,7,18,13,18,7,15,2,3,21
2026,9,1439,94,1386,59,H,0,38,73,11,27,7,12,12,28,23,7,12,5,9,25,67,5,28,4,5,14,25,11,19,2,5,12
2026,9,1382,75,1373,66,H,0,31,59,3,8,10,15,13,18,13,12,10,8,19,21,53,6,15,18,24,15,17,11,14,6,2,15
2026,9,1203,107,1110,67,H,0,33,59,15,28,26,33,13,33,21,13,12,1,12,28,62,7,28,4,8,5,16,13,16,6,4,22
2026,8,1211,90,1166,63,H,0,37,70,9,27,7,13,11,30,19,7,10,4,24,18,49,7,25,20,31,9,24,8,17,6,0,14
2026,8,1388,90,1325,60,H,0,31,62,11,22,17,22,13,27,22,9,6,5,13,24,64,6,24,6,7,11,18,12,14,2,3,15
2026,8,1285,102,1424,93,A,0,36,65,6,16,24,27,10,28,18,13,4,2,21,35,69,6,26,17,27,11,20,21,10,8,2,25
2026,8,1140,85,1174,68,H,0,30,66,12,32,13,15,19,27,14,7,4,4,9,25,58,11,24,7,9,7,18,8,5,6,3,15
2026,8,1279,83,1272,77,H,0,27,52,8,13,21,33,7,25,17,7,5,2,15,28,60,7,21,14,20,9,24,20,7,6,3,25
2026,8,1438,91,1214,53,H,0,33,60,11,22,14,17,15,34,22,13,8,9,14,20,63,6,26,7,11,11,14,9,11,9,4,19
2026,8,1228,81,1403,77,H,0,29,59,7,22,16,23,11,23,5,13,6,5,8,34,64,6,22,3,4,7,23,20,13,7,3,18
2026,8,1461,79,1122,65,H,0,27,63,9,25,16,23,13,32,21,16,10,3,19,21,59,6,27,17,24,10,27,6,16,11,2,20
2026,8,1257,96,1246,88,H,0,31,69,13,40,21,31,13,27,20,6,11,3,19,32,68,12,34,12,16,13,29,14,14,4,3,21
2026,8,1120,93,1459,62,H,0,36,71,9,27,12,18,20,28,16,11,11,9,14,24,62,6,25,8,10,8,19,13,13,7,5,16
2026,8,1242,77,1394,46,H,0,27,50,8,23,15,22,7,37,18,18,7,12,11,19,59,1,14,7,13,6,20,8,12,13,3,17
2026,8,1328,95,1115,69,H,0,33,67,11,30,18,24,19,25,16,9,12,2,14,25,63,7,25,12,15,14,17,12,15,8,4,19
2026,8,1374,102,1293,91,H,0,35,74,7,16,25,30,17,25,16,11,10,3,19,32,62,9,26,18,24,8,23,18,15,5,3,25
2026,8,1182,87,1474,81,H,0,33,66,4,23,17,30,9,33,17,16,7,4,21,26,70,9,32,20,27,14,32,12,16,12,4,23
2026,8,1106,77,1412,74,A,0,28,65,8,25,13,20,12,27,19,11,11,3,16,29,70,2,20,14,18,15,28,10,12,5,5,18
2026,8,1196,78,1199,76,H,0,25,64,6,31,22,32,17,41,15,18,6,8,19,23,68,9,34,21,25,8,28,7,10,9,3,25
2026,8,1314,89,1347,74,H,0,25,65,8,31,31,49,18,37,15,11,7,4,22,24,70,7,30,19,31,14,29,6,11,7,3,33
2026,8,1330,60,1313,57,H,0,21,51,4,24,14,19,9,21,10,9,7,4,10,21,56,4,17,11,13,15,21,10,12,5,3,13
2026,8,1159,90,1180,83,H,0,29,46,8,13,24,27,3,24,16,13,4,4,16,30,67,15,34,8,15,15,15,19,11,6,0,22
2026,8,1157,72,1457,66,H,0,24,53,12,26,12,21,9,36,11,17,3,5,22,23,59,7,22,13,23,6,22,7,8,5,2,14
2026,8,1396,90,1247,63,H,0,34,68,12,24,10,14,16,28,20,8,6,8,20,20,54,4,13,19,24,9,20,8,10,5,6,13
2026,8,1153,74,1173,62,H,0,21,45,9,19,23,37,6,37,16,24,5,7,25,20,62,2,26,20,27,6,27,11,13,12,4,24
2026,8,1155,83,1287,56,H,0,29,62,11,30,14,18,15,25,19,5,6,2,16,21,62,6,25,8,11,19,22,7,11,3,3,19
2026,8,1318,77,1217,60,A,0,27,60,9,21,14,23,12,23,14,8,11,5,21,17,46,6,20,20,24,9,28,11,18,5,6,21
2026,8,1344,106,1335,81,H,0,36,67,13,30,21,23,14,35,23,15,4,4,21,25,70,12,28,19,24,12,18,18,10,7,3,20
2026,8,1291,74,1384,66,A,0,27,52,13,30,7,18,7,26,21,16,4,2,14,23,65,7,27,13,18,16,23,13,11,8,3,15
2026,8,1343,73,1137,63,H,0,22,53,10,28,19,29,10,28,10,12,5,2,20,21,51,6,20,15,21,6,27,10,13,8,2,22
2026,8,1276,85,1448,84,H,0,28,62,4,25,25,37,13,37,20,17,8,8,18,29,84,10,34,16,21,18,25,17,13,9,3,29
2026,8,1326,75,1111,53,H,0,22,54,7,27,24,32,13,29,15,4,3,1,15,20,56,8,25,5,8,7,24,10,9,0,0,25
2026,8,1421,69,1252,64,H,0,24,48,6,17,15,24,9,25,9,15,4,2,15,23,63,7,31,11,15,16,20,14,10,8,2,22
2026,8,1420,81,1288,79,A,0,28,49,9,24,16,24,6,27,15,18,4,4,14,30,70,9,19,10,13,14,19,14,9,5,1,16
2026,7,1143,93,1168,65,H,0,28,68,11,30,26,30,12,33,17,8,6,4,15,27,69,6,29,5,11,12,30,15,14,1,3,21
2026,7,1428,87,1221,69,H,0,32,60,8,24,15,19,7,33,15,6,5,5,18,25,57,9,26,10,21,5,23,11,8,4,0,17
2026,7,1321,110,1156,63,H,0,41,68,11,21,17,22,11,29,26,7,10,3,15,24,60,10,29,5,13,10,17,15,17,4,1,17
2026,7,1365,87,1462,68,A,0,35,64,5,13,12,17,12,30,17,11,10,11,25,19,56,5,18,25,34,13,20,17,13,6,5,17
2026,7,1235,96,1280,80,H,0,36,70,5,22,19,25,15,16,21,9,12,5,16,29,58,11,27,11,14,15,22,14,26,4,3,17
2026,7,1454,92,1114,72,H,0,30,56,14,30,18,23,9,23,18,11,8,1,14,27,56,8,16,10,15,8,18,11,15,3,2,20
2026,7,1395,78,1249,65,H,0,27,53,8,19,16,24,13,23,15,13,7,3,14,25,60,7,19,8,12,10,18,13,9,8,7,22
2026,7,1232,64,1188,55,A,0,22,60,7,30,13,17,14,29,12,17,8,3,14,22,64,3,15,8,13,14,26,8,15,11,5,15
2026,7,1443,87,1184,79,A,0,32,70,5,23,18,28,12,26,15,3,11,1,17,29,61,8,27,13,20,8,31,15,14,1,7,21
2026,7,1245,86,1423,77,H,0,27,53,15,34,17,24,7,31,22,11,3,7,19,29,77,6,24,13,18,17,23,14,7,4,0,20
2026,7,1274,102,1391,61,H,0,37,66,8,23,18,26,11,34,28,12,11,1,19,19,57,8,29,15,26,8,23,11,17,8,5,17
2026,6,1124,78,1449,69,H,0,26,56,6,21,20,29,7,26,12,9,7,3,16,28,68,3,20,10,15,16,26,7,12,6,4,22
2026,6,1376,83,1379,79,H,0,25,64,16,43,17,21,12,27,18,15,5,2,20,29,67,5,22,16,21,13,30,10,9,8,3,21
2026,6,1212,73,1224,70,A,0,25,49,10,20,13,19,10,13,9,17,9,2,18,25,48,7,15,13,16,10,17,15,19,10,1,17
2026,6,1251,88,1194,68,H,0,32,58,13,28,11,13,5,23,17,9,8,3,18,22,55,3,15,21,24,12,22,7,13,5,2,17
2026,6,1425,114,1264,83,H,0,41,81,8,21,24,32,24,31,24,12,6,7,27,24,61,6,22,29,36,10,22,11,12,9,2,22
2026,6,1161,97,1303,74,H,0,29,53,11,29,28,33,14,29,17,11,3,1,16,25,59,13,36,11,15,8,13,14,7,8,1,24
2026,6,1317,64,1260,62,A,0,19,53,4,15,22,27,13,28,8,12,8,11,23,18,55,5,26,21,31,16,24,12,13,5,2,21
2026,6,1452,69,1250,47,H,0,23,49,7,19,16,25,9,29,11,13,13,1,8,16,46,7,21,8,11,3,22,8,16,7,3,19
2026,6,1208,120,1287,81,H,0,42,75,17,37,19,26,16,27,29,9,14,11,19,30,74,8,25,13,20,20,21,14,16,5,3,17
2026,6,1273,92,1252,77,H,0,37,65,9,20,9,13,11,24,21,8,9,5,8,30,67,11,32,6,7,12,19,23,11,6,3,16
2026,6,1320,65,1355,58,H,0,24,49,6,18,11,20,5,18,13,11,8,5,15,22,51,5,22,9,14,12,27,10,17,5,2,20
2026,6,1329,87,1401,63,H,0,32,66,7,26,16,22,12,30,13,9,10,4,19,20,62,9,35,14,17,14,25,11,16,2,5,19
2026,6,1111,76,1300,54,H,0,24,54,7,26,21,29,11,30,15,8,6,4,17,15,50,6,22,18,20,7,22,9,11,3,2,20
2026,6,1231,100,1266,77,A,0,33,66,14,28,20,24,10,24,27,8,6,3,25,22,59,4,16,29,33,14,25,10,15,3,2,19
2026,6,1110,84,1335,78,H,0,30,63,9,30,15,23,10,27,12,13,9,2,25,22,52,9,21,25,32,8,27,9,18,6,3,22
2026,5,1211,83,1328,68,H,0,36,79,6,22,5,11,18,28,22,7,8,3,19,23,58,6,26,16,18,8,31,5,16,2,3,19
2026,5,1305,78,1334,77,H,0,25,58,4,15,24,39,18,31,10,9,7,8,18,26,59,15,33,10,15,7,27,17,8,3,3,31
2026,5,1140,98,1221,53,H,0,39,63,7,25,13,16,4,32,20,6,12,3,10,21,60,3,22,8,11,9,21,9,15,3,0,15
2026,5,1424,101,1151,69,H,0,33,59,8,22,27,37,16,26,23,8,7,3,18,24,53,9,27,12,15,5,15,16,12,4,1,29
2026,5,1125,87,1398,79,H,0,30,57,5,20,22,33,8,34,18,17,6,6,15,27,77,8,27,17,20,19,25,9,13,12,3,28
2026,5,1277,69,1116,66,H,0,25,61,1,14,18,26,19,26,18,14,7,4,15,22,56,7,28,15,23,13,20,16,14,11,6,21
2026,5,1455,105,1341,62,H,0,32,61,10,23,31,41,14,31,15,10,6,4,20,19,59,2,16,22,28,12,20,5,17,4,2,26
2026,5,1437,94,1474,74,H,0,36,71,4,19,18,25,22,20,17,8,10,0,17,27,47,8,17,12,16,3,17,16,16,1,2,22
2026,5,1428,92,1451,89,H,0,31,77,9,32,21,32,19,30,12,13,3,6,21,33,73,6,20,17,28,17,35,12,15,7,3,26
2026,5,1269,83,1107,62,H,0,28,60,6,23,21,30,14,25,15,13,7,1,17,20,53,6,26,16,23,8,19,12,19,11,3,22
2026,5,1194,94,1158,77,A,0,33,68,11,30,17,22,18,23,19,7,4,3,23,24,60,8,21,21,24,13,21,10,9,4,4,20
2026,5,1201,82,1253,62,H,0,26,52,9,23,21,28,10,28,14,16,9,3,19,20,53,4,21,18,23,8,18,7,16,4,1,24
2026,5,1439,107,1344,101,H,0,40,79,12,28,15,22,12,30,16,11,10,7,22,34,76,11,33,22,25,12,31,10,14,8,6,19
2026,5,1435,105,1416,93,A,0,38,68,14,36,15,17,9,20,18,6,7,3,25,31,58,9,16,22,28,8,21,16,12,0,1,19
2026,5,1461,92,1168,82,H,0,29,65,12,31,22,37,11,31,19,11,9,1,32,24,55,3,16,31,43,7,33,7,17,7,3,27
2026,5,1160,102,1186,97,H,0,32,63,11,23,27,39,11,23,16,9,8,2,20,37,62,9,16,14,19,5,24,11,11,6,3,23
2026,5,1390,91,1285,68,H,0,36,79,10,29,9,15,16,23,13,5,14,6,14,23,51,6,20,16,17,5,31,10,20,2,2,12
2026,5,1397,95,1297,56,H,0,34,65,12,29,15,19,16,31,24,12,10,2,13,21,58,9,30,5,13,10,15,11,15,9,1,18
2026,5,1400,97,1248,60,H,0,33,63,9,23,22,29,16,27,21,9,10,5,15,22,55,5,20,11,17,10,15,11,15,3,2,20
2026,5,1272,76,1362,70,H,0,26,66,10,27,14,26,17,24,17,14,15,3,22,22,55,10,30,16,25,9,25,12,15,9,5,23
2026,5,1459,86,1454,76,H,0,28,63,5,20,25,30,14,32,15,13,5,6,13,27,63,7,18,15,19,7,22,10,7,8,2,21
2026,5,1173,77,1420,71,H,0,26,51,6,19,19,24,6,21,15,9,10,4,11,26,58,11,26,8,10,11,20,13,15,5,3,17
2026,5,1389,93,1192,83,H,0,31,62,10,26,21,27,11,22,19,11,12,5,19,29,57,14,31,11,20,11,23,17,18,4,1,22
2026,5,1203,99,1378,95,H,0,30,55,9,24,30,41,11,28,16,21,5,3,25,31,72,6,33,27,37,16,21,11,12,13,5,27
2026,5,1386,76,1180,65,H,0,22,58,6,18,26,30,11,28,7,10,6,5,14,24,69,8,25,9,14,16,26,10,12,8,3,21
2026,5,1104,103,1385,96,A,0,39,81,11,35,14,22,14,29,13,7,9,5,27,31,63,6,17,28,40,10,32,18,12,4,4,17
2026,5,1103,104,1343,69,H,0,36,71,15,37,17,21,11,35,23,7,11,3,17,23,65,10,32,13,20,12,25,12,15,2,4,16
2026,4,1388,87,1151,66,H,0,26,45,8,16,27,29,6,25,21,14,5,4,16,22,52,7,21,15,19,6,15,15,13,6,1,22
2026,4,1465,69,1414,61,A,0,26,66,7,20,10,15,19,36,16,17,7,3,22,21,62,6,18,13,23,11,21,11,10,6,10,17
2026,4,1365,79,1270,67,H,0,26,66,12,31,15,25,25,22,18,15,5,4,18,23,51,4,16,17,23,9,19,10,14,11,5,21
2026,4,1301,94,1412,70,H,0,33,61,10,30,18,22,11,27,19,14,7,3,14,29,71,4,25,8,14,17,18,14,14,11,2,17
2026,4,1228,113,1195,70,H,0,36,65,11,31,30,34,11,40,15,7,0,9,15,26,79,7,27,11,12,13,17,13,1,4,2,25
2026,4,1403,98,1358,77,H,0,29,58,12,28,28,43,19,22,16,11,9,2,19,28,65,7,20,14,20,18,19,11,14,5,3,30
2026,4,1281,89,1369,84,H,0,32,54,6,15,19,31,9,21,13,19,10,6,17,29,63,9,30,17,21,13,20,14,16,11,1,25
2026,4,1293,108,1290,60,H,0,38,79,15,43,17,25,19,27,27,5,11,3,17,19,60,4,15,18,21,15,27,7,23,4,5,23
2026,4,1429,80,1433,77,H,0,28,58,6,13,18,26,14,23,18,18,14,5,23,25,60,11,30,16,28,14,22,14,19,9,8,19
2026,4,1371,68,1447,61,H,0,25,61,6,20,12,24,20,20,11,11,9,8,14,22,49,12,25,5,12,9,20,15,20,6,3,23
2026,4,1210,74,1136,45,H,0,29,63,10,23,6,10,7,36,19,13,13,4,17,15,60,4,38,11,16,9,28,11,16,6,5,17
2026,4,1345,87,1324,77,H,0,32,68,13,35,10,15,11,26,22,5,4,7,12,30,68,8,26,9,12,12,27,14,9,4,2,14
2026,4,1246,107,1434,59,H,0,37,68,11,28,22,26,11,39,27,6,3,5,16,19,67,8,34,13,20,12,22,11,10,4,4,16
2026,4,1314,87,1242,74,H,0,34,66,8,27,11,17,16,23,16,11,9,2,15,26,58,12,25,10,15,7,20,14,14,6,3,18
2026,4,1199,101,1106,64,H,0,35,74,18,47,13,14,17,32,22,15,10,3,17,23,65,7,23,11,19,13,22,11,17,8,1,15
2026,4,1206,96,1457,90,H,0,27,59,11,28,31,43,16,34,11,14,1,3,22,26,67,13,39,25,29,11,20,12,6,8,2,30
2026,4,1407,64,1202,61,A,0,23,56,9,30,9,13,8,25,10,14,13,5,12,22,56,9,24,8,12,10,26,13,17,7,2,15
2026,4,1233,81,1220,73,H,0,27,60,9,26,18,27,11,24,16,15,8,0,17,28,63,7,25,10,18,14,25,12,15,7,4,24
2026,4,1172,85,1450,69,H,0,28,49,12,24,17,21,4,24,18,15,7,5,18,22,55,6,21,19,23,12,18,7,16,8,2,18
2026,4,1245,110,1165,102,H,0,35,65,18,38,22,33,11,20,20,11,11,3,22,33,63,19,40,17,22,13,18,20,17,2,2,27
2026,4,1153,74,1209,64,H,0,25,62,7,31,17,26,14,26,15,16,8,3,19,21,57,6,20,16,18,8,27,13,17,8,3,22
2026,4,1448,81,1287,65,H,0,28,70,7,24,18,30,23,30,15,19,11,6,15,22,63,7,31,14,17,11,23,9,19,13,6,26
2026,4,1438,81,1300,62,H,0,28,61,14,36,11,19,20,28,22,12,4,11,19,19,60,6,14,18,22,16,18,13,9,8,1,19
2026,4,1338,78,1255,60,H,0,21,50,12,30,24,35,11,37,16,14,2,6,17,22,69,4,20,12,14,12,23,10,7,10,1,28
2026,4,1323,102,1178,70,H,0,36,69,14,32,16,22,11,33,19,7,8,2,15,28,67,9,30,5,10,8,25,15,13,5,3,21
2026,4,1155,97,1205,59,H,0,37,77,10,36,13,20,19,28,25,3,9,3,16,18,47,6,20,17,26,6,22,8,16,2,1,18
2026,4,1137,73,1291,62,A,0,25,58,8,22,15,23,9,22,7,4,5,2,18,20,51,4,25,18,25,11,30,12,15,0,2,23
2026,4,1138,83,1453,76,H,0,25,47,6,16,27,41,9,22,10,7,6,1,21,24,47,11,27,17,21,4,23,16,11,3,2,25
2026,4,1251,90,1158,75,H,0,32,59,14,29,12,17,10,21,17,5,5,2,16,27,55,10,22,11,17,12,21,15,12,1,3,17
2026,4,1321,76,1131,52,H,0,31,60,7,19,7,13,11,25,20,5,7,5,10,19,58,9,23,5,7,15,22,14,14,0,1,17
2026,4,1207,70,1268,60,A,0,21,53,5,20,23,31,11,30,11,11,6,11,25,13,52,4,21,30,37,12,28,4,13,2,3,24
2026,4,1409,82,1348,65,A,0,28,54,11,22,15,24,13,19,18,14,9,1,19,22,48,6,18,15,19,9,16,13,16,8,3,21
2026,4,1318,68,1159,65,A,0,23,59,4,23,18,25,11,24,16,7,7,1,15,24,59,4,19,13,16,10,29,13,11,5,2,20
2026,4,1188,77,1427,60,A,0,28,58,6,14,15,26,12,37,8,14,6,3,17,20,71,7,29,13,21,17,24,9,9,11,4,20
2026,3,1143,77,1460,67,H,0,23,55,5,21,26,31,10,33,11,10,3,2,16,24,64,9,34,10,18,11,24,8,8,6,3,25
2026,3,1196,104,1316,64,H,0,40,81,6,32,18,28,29,35,22,14,9,6,14,19,61,7,28,19,22,7,17,2,16,6,0,24
2026,3,1235,102,1212,62,H,0,36,66,12,31,18,29,16,27,19,12,14,6,20,21,49,4,12,16,23,5,20,10,19,8,2,21
2026,3,1317,80,1322,53,H,0,28,50,10,21,14,22,12,20,15,11,7,6,22,14,40,5,16,20,27,10,14,7,16,7,2,16
2026,3,1401,104,1411,70,H,0,33,61,12,32,26,37,7,21,23,8,14,3,24,25,49,5,15,15,25,9,24,17,23,3,1,24
2026,3,1101,73,1303,71,H,0,25,57,7,21,16,21,12,20,15,14,8,3,23,21,45,6,19,23,31,7,20,10,16,11,3,20
2026,3,1374,69,1394,58,H,0,21,59,4,16,23,28,13,36,16,9,4,5,14,19,66,8,29,12,18,16,29,13,11,3,5,22
2026,3,1395,104,1384,63,H,0,34,65,12,33,24,28,15,33,21,15,7,8,15,25,63,8,21,5,6,5,17,19,16,6,1,21
2026,3,1352,81,1179,79,A,0,32,68,9,26,8,8,14,32,18,17,5,4,27,24,65,6,23,25,32,14,22,9,8,10,7,14
2026,2,1413,80,1295,68,H,0,30,53,8,16,12,17,11,23,15,18,8,6,12,26,71,3,27,13,14,20,14,11,12,6,4,20
2026,2,1266,100,1380,82,H,0,35,70,14,38,16,20,10,29,21,10,8,6,23,28,64,5,15,21,29,11,28,12,13,8,2,18
2026,1,1332,60,1218,59,H,0,21,58,2,16,16,26,17,30,9,21,8,7,16,21,65,5,27,12,19,15,26,8,18,12,5,19
2026,1,1361,77,1253,45,H,0,26,60,11,23,14,19,12,26,16,15,11,4,13,19,59,5,24,2,5,12,23,14,21,7,3,20
2026,1,1181,75,1400,60,H,0,22,52,9,23,22,30,11,26,15,10,8,2,21,19,59,5,17,17,23,18,23,6,16,4,2,25
2026,1,1234,101,1352,69,H,0,29,47,7,15,36,44,10,16,21,11,11,1,26,23,48,11,24,12,22,13,12,14,23,5,2,33
2026,1,1243,93,1422,64,H,0,34,67,14,27,11,20,11,31,22,16,9,7,20,23,61,6,20,12,20,10,21,15,18,11,3,17
2026,1,1329,95,1331,71,H,0,32,72,8,25,23,30,15,37,18,15,7,0,19,24,69,8,38,15,22,11,26,14,16,7,12,24
2026,1,1455,75,1421,58,H,0,31,68,4,16,9,15,21,25,10,14,11,8,16,23,56,4,15,8,13,11,20,3,16,7,6,14
2026,1,1376,91,1299,72,H,0,31,63,14,32,15,21,10,30,24,13,5,2,19,26,60,4,11,16,22,7,24,12,12,9,3,17
2026,1,1452,70,1291,54,H,0,21,48,5,18,23,35,6,23,10,9,13,2,17,18,46,5,17,13,19,8,30,10,20,8,1,25
2026,0,1449,94,1115,50,H,0,30,61,10,25,24,33,17,36,21,14,9,4,14,17,67,8,31,8,12,16,16,7,16,10,3,24
2026,0,1417,80,1186,74,H,0,33,70,8,26,6,10,12,23,19,8,7,3,12,29,54,7,25,9,14,6,24,22,16,5,2,13
2026,0,1143,87,1167,60,H,0,32,59,5,23,18,25,12,25,20,14,5,4,22,19,53,3,9,19,30,11,18,10,17,6,4,20
2026,0,1140,71,1437,66,H,0,26,66,5,17,14,21,12,31,10,4,4,5,13,24,67,10,35,8,15,17,32,12,11,2,1,20
2026,0,1425,94,1142,64,H,0,29,63,9,26,27,40,13,31,24,14,7,11,15,24,72,9,33,7,12,17,23,16,22,7,4,30
2026,0,1333,67,1295,65,H,0,20,45,8,22,19,26,5,28,13,12,5,0,14,26,66,6,31,7,11,11,25,17,7,7,1,22
2026,0,1225,83,1450,81,A,0,29,58,11,28,14,19,7,28,14,11,3,3,23,25,57,6,28,25,34,6,26,8,5,5,4,19
2026,0,1211,98,1411,43,H,0,37,69,7,22,17,21,19,37,19,13,9,4,20,15,59,3,21,10,17,12,15,7,17,6,1,21
2026,0,1160,84,1286,78,H,0,27,52,3,12,27,39,11,22,17,9,7,3,18,29,56,7,20,13,17,6,20,8,11,3,2,27
2026,0,1416,82,1220,78,H,0,26,56,8,20,22,36,16,24,16,16,2,3,20,26,62,5,22,21,24,13,18,16,12,7,4,28
2026,0,1276,121,1324,78,H,0,45,70,19,35,12,13,6,34,31,8,3,7,15,27,64,11,26,13,15,5,17,11,11,6,0,11
2026,0,1328,102,1384,66,H,0,39,70,11,30,13,18,14,28,23,11,8,10,11,27,66,5,17,7,10,12,21,10,14,8,1,19
2026,0,1222,75,1250,57,H,0,26,61,7,21,16,20,15,28,14,13,11,6,22,19,51,4,15,15,23,9,21,5,15,8,3,16
2026,0,1104,91,1315,62,H,0,31,58,8,27,21,27,11,35,22,15,8,7,15,24,62,5,20,9,17,7,19,13,10,11,1,19
2026,0,1235,88,1192,50,H,0,35,67,12,27,6,9,9,32,19,9,11,1,20,17,52,6,27,10,17,8,25,7,18,6,4,11
2026,0,1242,94,1453,51,H,0,33,58,10,27,18,24,9,35,20,3,6,8,15,16,56,8,31,11,18,7,19,7,8,2,2,20
2026,0,1401,98,1322,68,H,0,35,71,11,31,17,23,17,27,22,12,13,6,19,23,58,7,20,15,21,10,22,13,16,9,5,17
2026,0,1278,87,1205,60,H,0,30,55,7,21,20,30,12,33,25,14,9,7,23,19,57,6,19,16,27,11,20,8,14,7,6,23
2026,0,1435,105,1252,61,H,0,38,68,17,31,12,17,8,29,24,6,13,6,19,17,56,6,26,21,22,9,25,8,18,3,1,16
2026,0,1266,80,1107,53,H,0,24,58,5,24,27,39,15,30,16,14,18,4,16,19,67,5,30,10,14,19,24,11,23,8,4,27
2026,0,1454,90,1214,86,H,0,29,70,9,29,23,42,21,27,20,9,9,7,30,26,63,9,24,25,34,16,30,18,18,6,3,31
2026,0,1448,88,1110,74,H,0,31,65,7,25,19,24,12,26,20,11,16,5,20,25,58,8,30,16,18,9,24,11,18,7,0,18
2026,0,1387,92,1369,67,H,0,33,67,9,29,17,21,14,40,10,15,6,1,24,22,62,5,20,18,26,7,22,7,9,6,3,19
2026,0,1260,91,1156,88,H,0,29,66,14,37,19,25,12,18,21,7,6,7,19,28,64,11,30,21,23,18,29,18,14,2,4,19
2026,0,1371,77,1389,50,H,0,21,45,5,15,30,36,11,24,15,8,9,9,23,14,51,6,23,16,22,15,17,6,15,5,1,23
2026,0,1412,106,1290,55,H,0,37,74,9,26,23,37,15,34,18,8,17,1,15,16,55,5,21,18,19,5,29,9,26,8,4,23
2026,0,1131,76,1318,75,A,0,27,60,6,28,14,20,11,26,12,16,10,6,21,26,60,5,19,18,26,11,24,9,13,9,3,18
2026,0,1344,89,1221,79,H,0,31,62,7,26,20,27,8,34,17,10,11,6,21,27,65,11,33,14,21,9,28,13,13,8,2,22
2026,0,1112,93,1196,87,H,0,30,61,2,5,31,38,12,29,15,14,8,5,22,30,70,7,27,20,30,17,22,15,15,9,2,23
2026,0,1116,109,1380,77,H,0,37,73,10,28,25,29,14,31,23,9,10,4,18,27,69,12,27,11,24,12,25,10,12,3,3,20
2026,0,1397,76,1273,61,H,0,30,61,7,17,9,15,16,38,19,19,2,3,18,20,67,6,29,15,21,13,19,7,5,15,4,20
2026,0,1277,80,1159,69,H,0,25,60,6,21,24,37,19,28,18,10,8,3,14,27,57,11,29,4,6,3,22,14,13,6,2,25
2026,0,1275,87,1330,72,H,0,29,58,7,24,22,27,8,25,11,12,9,4,17,25,53,9,21,13,16,5,24,13,19,5,3,23
2026,0,1281,88,1224,67,A,0,34,61,10,19,10,21,16,31,16,16,6,3,18,22,62,12,29,11,16,10,18,17,13,5,2,19
2026,0,1444,76,1157,71,H,0,22,50,4,15,28,35,5,32,13,15,3,0,19,25,61,9,29,12,20,9,26,10,13,8,5,29
2026,0,1267,78,1269,72,A,0,27,56,10,30,14,19,10,30,22,26,9,2,29,23,55,5,18,21,36,10,18,18,20,13,1,20
2026,0,1206,70,1459,46,H,0,26,55,6,17,12,16,8,29,12,12,4,4,16,15,50,6,29,10,16,10,22,10,16,5,3,20
2026,0,1407,103,1245,97,A,0,33,63,12,26,25,33,6,28,20,12,8,3,24,30,79,12,31,25,33,22,23,17,14,5,5,23
2026,0,1433,103,1447,74,H,0,34,68,14,34,21,31,16,28,25,10,10,9,18,25,63,7,17,17,24,14,23,11,15,7,3,25
2026,0,1386,85,1248,76,H,0,30,66,6,25,19,22,14,27,17,7,5,4,18,29,64,6,21,12,23,12,21,9,9,5,0,19
2026,0,1373,82,1136,66,H,0,31,67,5,16,15,20,18,18,19,7,12,2,13,24,56,10,22,8,12,14,20,13,20,5,4,17
2026,0,1103,85,1241,71,H,0,27,63,8,25,23,29,15,26,15,8,10,6,13,24,61,11,29,12,13,12,24,14,19,5,9,22
2026,0,1301,114,1300,66,H,0,37,64,19,40,21,30,14,26,27,9,13,1,22,21,48,5,18,19,28,7,17,9,18,8,2,19
2026,0,1348,93,1391,62,H,0,33,63,8,26,19,24,15,29,19,14,16,2,16,21,55,8,25,12,22,11,16,12,20,6,2,14
2026,0,1323,89,1254,67,H,0,27,55,14,27,21,30,17,28,15,19,7,1,24,21,55,6,18,19,31,14,17,12,15,10,3,22
2026,0,1137,78,1174,70,H,0,28,62,10,24,12,14,12,30,14,13,7,4,20,25,64,9,27,11,18,12,22,12,12,10,5,17
2026,0,1219,97,1202,71,H,0,40,69,9,20,8,15,9,19,17,6,17,3,18,25,57,7,26,14,19,15,26,13,22,1,3,16
2026,0,1138,85,1379,79,H,0,24,53,12,30,25,36,13,17,16,8,8,4,18,27,50,6,18,19,20,7,22,17,14,6,3,27
2026,0,1207,87,1288,70,H,0,28,65,4,26,27,39,14,26,15,7,11,11,20,23,58,7,18,17,24,11,26,8,16,3,7,23
2026,0,1293,85,1303,77,H,0,23,59,9,32,30,33,10,26,12,14,8,4,21,30,64,4,12,13,18,10,25,6,17,8,2,21
2026,0,1382,69,1133,63,H,0,24,60,8,22,13,17,15,29,14,13,7,7,12,24,56,6,22,9,13,5,24,12,9,8,2,15
2026,0,1457,81,1474,74,H,0,24,62,8,25,25,31,16,23,12,10,11,4,18,27,63,6,30,14,16,14,25,10,17,2,1,27
